Time,C1_Voltage,L1_Current,VDC1_Voltage Difference,Log 4,Log 5,Log 6,Log 7,Log 8,Log 9,Log 10,Log 11,Log 12,Log 13,Log 14,Log 15,Log 16,Log 17,Log 18,Log 19,Log 20,Log 21,Log 22,Log 23,Log 24,Log 25,Log 26,Log 27,Log 28,Log 29,Log 30,Log 31,Log 32,Log 33,Log 34,Log 35,Log 36,Log 37,Log 38,Log 39,Log 40,Log 41,Log 42,Log 43,Log 44,Log 45,Log 46,Log 47,Log 48,Log 49,Log 50,Log 51,Log 52,Log 53,Log 54,Log 55,Log 56,Log 57,Log 58,Log 59,Log 60,Log 61,Log 62,Log 63,Log 64,Log 65,Log 66,Log 67,Log 68,Log 69,Log 70,Log 71,Log 72,Log 73,Log 74,Log 75,Log 76,Log 77,Log 78,Log 79,Log 80,Log 81,Log 82,Log 83,Log 84,Log 85,Log 86,Log 87,Log 88,Log 89,Log 90,Log 91,Log 92,Log 93,Log 94,Log 95,Log 96,Log 97,Log 98,Log 99,Log 100,Log 101,Log 102,Log 103
0,2.1277084490017E-08,0.021276595,1,0.028596,0.099137,0.230767,0.003094,0.000000,0.002401,0.000404,0.001391,0.087493,0.000581,0.000799,0.188316,0.182212,0.123408,0.000000,0.000526,0.001785,0.040332,0.003745,0.002408,0.002211,0.137965,0.000000,0.037042,0.160950,0.005839,0.089567,0.002224,0.098971,0.000000,0.166318,0.004279,0.060523,0.000654,0.005529,0.001108,0.124542,0.000886,0.007320,0.036594,0.091331,0.279265,0.005123,0.000000,0.071355,0.059996,0.154001,0.259537,0.000606,0.178160,0.158586,0.151160,0.000879,0.062983,0.113313,0.225483,0.060506,0.002870,0.175984,0.077614,0.256030,0.000000,0.000642,0.001059,0.133623,0.152469,0.159925,0.000000,0.000000,0.100793,0.065939,0.077639,0.136306,0.026067,0.000000,0.045761,0.031224,0.157748,0.000253,0.147503,0.169552,0.001013,0.001394,0.000000,0.000895,0.061048,0.048440,0.000000,0.093775,0.278836,0.197995,0.047098,0.073924,0.000000,0.273728,0.001301,0.126472,0.000000,0.000000,0.145285
0.1,0.000807045628981318,0.048421036,1,0.031064,0.094505,0.241306,0.035341,0.005292,0.009256,0.017793,0.023860,0.093658,0.023108,0.002741,0.188810,0.187038,0.135050,0.007206,0.018907,0.011359,0.035348,0.007290,0.000000,0.008539,0.128438,0.000363,0.033731,0.155782,0.025827,0.087982,0.000000,0.099463,0.004799,0.169320,0.000894,0.061346,0.004525,0.007890,0.001567,0.122397,0.008832,0.003664,0.053143,0.093368,0.275217,0.000926,0.003748,0.073201,0.062894,0.155010,0.261343,0.011650,0.180173,0.158908,0.151006,0.001544,0.064035,0.113645,0.234917,0.062293,0.016931,0.177006,0.083572,0.259276,0.026194,0.003418,0.012057,0.133526,0.154412,0.158112,0.000000,0.022348,0.097606,0.067998,0.080618,0.125282,0.025991,0.003278,0.046990,0.035395,0.159330,0.015762,0.154828,0.174361,0.009820,0.009056,0.003771,0.026644,0.055562,0.050440,0.000879,0.093344,0.271552,0.199892,0.046933,0.072305,0.014474,0.269882,0.000000,0.125505,0.008360,0.015950,0.143628
0.2,0.00234689286404037,0.076250347,1,0.029163,0.099481,0.242913,0.049154,0.006361,0.016227,0.044380,0.056112,0.098363,0.038205,0.002385,0.191819,0.187946,0.130409,0.015414,0.040460,0.019024,0.037111,0.005925,0.007814,0.012583,0.136630,0.009670,0.032043,0.156008,0.034789,0.084640,0.005988,0.105321,0.013234,0.173945,0.002956,0.065340,0.011034,0.014631,0.007112,0.120235,0.024163,0.005412,0.041775,0.095790,0.273852,0.007234,0.001747,0.073421,0.067031,0.154292,0.268873,0.020670,0.173338,0.157192,0.151518,0.009639,0.056862,0.115345,0.229108,0.064126,0.027719,0.180076,0.085775,0.260046,0.044283,0.009104,0.014823,0.134243,0.155767,0.160743,0.002342,0.045283,0.099687,0.071311,0.080428,0.130631,0.027823,0.002920,0.047047,0.030541,0.159840,0.032943,0.150338,0.172908,0.021845,0.019792,0.005647,0.056032,0.064394,0.050977,0.014040,0.091310,0.273265,0.205095,0.048571,0.081714,0.021868,0.273709,0.006431,0.125644,0.009510,0.042912,0.142905
0.3,0.00457795092800564,0.103066539,1,0.030764,0.096538,0.241011,0.073861,0.013313,0.020352,0.059338,0.077802,0.101804,0.049579,0.004527,0.189105,0.187590,0.131102,0.028494,0.064145,0.030154,0.040604,0.020550,0.007846,0.010882,0.132198,0.000000,0.040503,0.170122,0.061003,0.088744,0.007528,0.105182,0.019364,0.175136,0.000000,0.070180,0.013477,0.032123,0.010495,0.126176,0.035776,0.005082,0.045064,0.091441,0.273820,0.009464,0.016917,0.072710,0.068324,0.155347,0.278535,0.024738,0.179036,0.163959,0.152948,0.011147,0.069211,0.116807,0.244323,0.065524,0.045920,0.178295,0.083351,0.260420,0.065219,0.014081,0.025586,0.138193,0.155882,0.159058,0.001967,0.066631,0.104851,0.070957,0.077667,0.131654,0.024868,0.010262,0.049001,0.034964,0.160921,0.049427,0.150473,0.166951,0.028162,0.032030,0.010222,0.082551,0.058892,0.053201,0.009840,0.095723,0.278987,0.202019,0.058181,0.079266,0.025606,0.272605,0.016113,0.125530,0.003398,0.053754,0.146403
0.4,0.00746091929788136,0.128356941,1,0.032960,0.100153,0.236968,0.097824,0.003765,0.029899,0.079239,0.103259,0.102827,0.068087,0.006549,0.190335,0.181288,0.138664,0.036277,0.080937,0.042112,0.038737,0.029083,0.019169,0.008837,0.131934,0.011996,0.040544,0.164979,0.070496,0.091070,0.006609,0.101520,0.023147,0.175362,0.000000,0.078549,0.019610,0.026631,0.012275,0.121538,0.049979,0.011423,0.056380,0.094092,0.281183,0.005571,0.009969,0.075769,0.067453,0.156337,0.270976,0.035438,0.178234,0.159033,0.153080,0.008621,0.064439,0.118609,0.233844,0.066809,0.056799,0.180240,0.085006,0.263068,0.086768,0.013851,0.027083,0.137735,0.152144,0.162554,0.004935,0.082497,0.103135,0.073418,0.084253,0.136871,0.031005,0.007897,0.050137,0.038277,0.160247,0.064548,0.159328,0.163595,0.042446,0.041693,0.012781,0.107524,0.067538,0.052768,0.014364,0.093703,0.275672,0.211751,0.056780,0.076550,0.039180,0.270462,0.000000,0.124674,0.004956,0.075330,0.144842
0.5,0.0109554062585792,0.15200985,1,0.030555,0.093835,0.250289,0.123579,0.015925,0.036525,0.096303,0.126176,0.097866,0.085829,0.009224,0.194439,0.186602,0.131523,0.042689,0.098906,0.052373,0.044416,0.033396,0.026459,0.012511,0.136612,0.007417,0.041724,0.171527,0.093002,0.109635,0.009601,0.102636,0.031224,0.175433,0.003605,0.076550,0.024756,0.042009,0.015033,0.122017,0.063976,0.009034,0.056775,0.090823,0.278574,0.008697,0.010927,0.074982,0.071424,0.157563,0.285086,0.045281,0.178872,0.155915,0.149017,0.001590,0.066244,0.120904,0.236470,0.066785,0.069603,0.182449,0.085911,0.264256,0.101940,0.019208,0.035364,0.139993,0.154359,0.159894,0.006990,0.105557,0.106300,0.071891,0.085757,0.130312,0.029355,0.010186,0.055756,0.036389,0.162035,0.077986,0.155773,0.167854,0.049620,0.048762,0.016722,0.133066,0.064327,0.051480,0.024269,0.095299,0.281536,0.197315,0.061270,0.084375,0.047755,0.273456,0.014982,0.132746,0.016887,0.082719,0.148021
0.6,0.0150210210185083,0.174047146,1,0.032074,0.103784,0.251694,0.155644,0.017540,0.039192,0.116428,0.152737,0.100658,0.095068,0.009343,0.194448,0.177665,0.133016,0.058029,0.117661,0.060560,0.044805,0.040698,0.020924,0.016656,0.133608,0.007801,0.050586,0.163400,0.113771,0.101272,0.012831,0.105144,0.034472,0.175637,0.005491,0.078508,0.028576,0.042965,0.016593,0.129940,0.075688,0.011498,0.052362,0.097939,0.277586,0.010845,0.019668,0.076871,0.072738,0.158603,0.285933,0.049914,0.187113,0.161011,0.151938,0.004524,0.062737,0.120490,0.251873,0.068470,0.079616,0.186047,0.086755,0.265854,0.121803,0.025060,0.037115,0.141669,0.156645,0.164276,0.011059,0.122182,0.107387,0.071582,0.084302,0.142653,0.031999,0.017112,0.046720,0.040475,0.162239,0.092406,0.155337,0.172346,0.063991,0.058983,0.007257,0.158808,0.062116,0.053986,0.028942,0.094382,0.275059,0.215673,0.052175,0.078050,0.069236,0.273929,0.015582,0.133125,0.018776,0.101579,0.147437
0.7,0.0196184467124314,0.194533246,1,0.035277,0.097162,0.245457,0.182895,0.016940,0.046794,0.132074,0.167092,0.093101,0.108766,0.011007,0.196129,0.188116,0.130989,0.062832,0.136623,0.067816,0.045831,0.044884,0.030441,0.024809,0.140009,0.005490,0.033615,0.164373,0.123889,0.107825,0.009057,0.099347,0.042116,0.176702,0.000000,0.076402,0.034634,0.049564,0.022494,0.119381,0.090390,0.024076,0.055214,0.091947,0.281969,0.011065,0.028923,0.075830,0.069112,0.158056,0.285134,0.056634,0.184255,0.164335,0.153085,0.005348,0.062990,0.117595,0.254234,0.065668,0.096683,0.183806,0.092836,0.265386,0.140754,0.024694,0.045859,0.142849,0.156964,0.161754,0.008628,0.143892,0.110171,0.076534,0.085718,0.135605,0.027565,0.016739,0.056388,0.035307,0.164268,0.106155,0.163707,0.167160,0.069523,0.068896,0.021258,0.179894,0.069461,0.050908,0.031648,0.097011,0.283185,0.204940,0.058157,0.080368,0.067881,0.280759,0.008036,0.132414,0.026172,0.119754,0.153522
0.8,0.0247099920141175,0.213544204,1,0.035140,0.096371,0.251166,0.201943,0.017815,0.051609,0.149859,0.194406,0.096639,0.126560,0.013801,0.193943,0.178155,0.125689,0.068823,0.153515,0.077546,0.046985,0.038492,0.025785,0.032343,0.140495,0.016503,0.041125,0.169544,0.147257,0.118778,0.016586,0.104191,0.042735,0.180957,0.000000,0.082087,0.036959,0.056227,0.026826,0.115311,0.099139,0.023562,0.058214,0.099733,0.281451,0.019117,0.024024,0.077835,0.071779,0.159842,0.290345,0.067857,0.180891,0.157685,0.154166,0.007679,0.070125,0.121286,0.248860,0.068040,0.103114,0.186906,0.092958,0.268753,0.160857,0.028869,0.050034,0.144830,0.158929,0.165687,0.014750,0.159980,0.109981,0.076389,0.085086,0.133081,0.030016,0.022890,0.057110,0.042735,0.165025,0.121046,0.156351,0.172108,0.084350,0.078377,0.014404,0.202360,0.069657,0.052155,0.036625,0.098883,0.280652,0.212850,0.051640,0.083435,0.082446,0.276945,0.012150,0.132572,0.027478,0.126604,0.146415
0.9,0.0302597956824553,0.231157314,1,0.033688,0.106220,0.240832,0.225799,0.026782,0.060445,0.164939,0.213637,0.099090,0.138440,0.013613,0.196908,0.193239,0.138552,0.075789,0.169809,0.088845,0.046933,0.058986,0.040904,0.034893,0.135736,0.006641,0.042510,0.161446,0.158480,0.117837,0.014765,0.100671,0.049285,0.183788,0.008221,0.078874,0.042736,0.065891,0.029072,0.128032,0.108251,0.025909,0.046485,0.099536,0.277726,0.013229,0.037375,0.077020,0.072550,0.159954,0.299650,0.075235,0.188219,0.166830,0.150965,0.009086,0.063083,0.122522,0.244657,0.069936,0.116519,0.189168,0.094209,0.268908,0.174245,0.036787,0.055501,0.145555,0.157664,0.162640,0.014787,0.175824,0.110283,0.075627,0.085789,0.136536,0.030697,0.024108,0.051821,0.037873,0.165069,0.134386,0.158894,0.173856,0.090440,0.086672,0.016742,0.224656,0.062323,0.055348,0.036736,0.096344,0.285052,0.209407,0.057565,0.086161,0.094578,0.276491,0.021642,0.130270,0.034637,0.151408,0.152322
1,0.0362338585797285,0.2474477,1,0.036415,0.097684,0.254967,0.246800,0.019760,0.066246,0.187821,0.232707,0.103646,0.153951,0.017575,0.195903,0.197082,0.137608,0.087891,0.184225,0.099364,0.043895,0.065234,0.039713,0.036493,0.142519,0.014663,0.053400,0.165282,0.177202,0.114196,0.014209,0.111142,0.054040,0.181020,0.009366,0.084956,0.047531,0.080417,0.030741,0.118093,0.124513,0.033719,0.059188,0.100361,0.279417,0.017989,0.040079,0.077691,0.074085,0.160531,0.299697,0.083582,0.188068,0.166472,0.154015,0.016589,0.070019,0.124806,0.255390,0.069235,0.128316,0.191062,0.098311,0.270026,0.187921,0.039901,0.068438,0.147648,0.161149,0.168876,0.014292,0.192846,0.113071,0.078645,0.087579,0.140057,0.031318,0.023630,0.058738,0.047123,0.166606,0.148953,0.166440,0.170807,0.103627,0.097514,0.028830,0.245230,0.069106,0.059139,0.038986,0.098586,0.278774,0.214552,0.060590,0.087251,0.107151,0.281800,0.014869,0.132101,0.034907,0.165942,0.153183
1.1,0.0426000009342257,0.262487283,1,0.038254,0.098397,0.243841,0.261780,0.032749,0.069092,0.203201,0.253336,0.106217,0.169313,0.017922,0.197629,0.187305,0.141974,0.090467,0.201581,0.109037,0.046710,0.063514,0.048196,0.042450,0.145896,0.019388,0.037733,0.162027,0.186116,0.130406,0.022641,0.109462,0.060106,0.184879,0.010127,0.080132,0.050593,0.084373,0.033201,0.122149,0.128863,0.031962,0.057581,0.098318,0.283502,0.025278,0.032511,0.078381,0.077320,0.160840,0.309570,0.091265,0.187668,0.170711,0.152428,0.017973,0.071831,0.122680,0.243886,0.070878,0.134386,0.194701,0.099088,0.271668,0.213948,0.043002,0.073425,0.150711,0.161788,0.167852,0.015595,0.206203,0.113817,0.078519,0.092414,0.141402,0.032279,0.028079,0.055184,0.042829,0.167118,0.160723,0.167187,0.168881,0.108422,0.105220,0.013900,0.265994,0.071047,0.057074,0.046563,0.100435,0.277810,0.220071,0.054954,0.088131,0.112206,0.281255,0.023893,0.133904,0.038068,0.167553,0.155322
1.2,0.0493277908330952,0.276344547,1,0.033942,0.101412,0.248986,0.281893,0.018723,0.077476,0.213638,0.274853,0.110252,0.177592,0.020783,0.198259,0.190063,0.127436,0.103811,0.219827,0.115359,0.048917,0.065982,0.050371,0.039149,0.140991,0.010036,0.043315,0.166696,0.209387,0.120988,0.024354,0.098457,0.067888,0.185131,0.000102,0.082464,0.056811,0.099143,0.035716,0.126401,0.141944,0.045799,0.058342,0.098155,0.276885,0.017225,0.035946,0.078825,0.077828,0.160540,0.306822,0.097007,0.187320,0.160562,0.156800,0.021818,0.068319,0.125401,0.252431,0.073599,0.148693,0.192633,0.103039,0.273322,0.227735,0.044826,0.070348,0.153163,0.158555,0.168004,0.017213,0.219328,0.117471,0.078326,0.090403,0.146126,0.030995,0.027225,0.059249,0.041864,0.167719,0.174059,0.161108,0.173280,0.124015,0.114148,0.029467,0.286653,0.075944,0.057950,0.052448,0.098462,0.285032,0.220434,0.053223,0.084695,0.119195,0.279113,0.019569,0.133472,0.025391,0.184428,0.147493
1.3,0.0563884637415576,0.289084577,1,0.039278,0.108257,0.257576,0.298201,0.036834,0.083435,0.231379,0.291864,0.102395,0.191057,0.020258,0.201617,0.189014,0.139624,0.108637,0.232014,0.124448,0.042660,0.079488,0.050847,0.053940,0.138261,0.013040,0.043021,0.172809,0.221995,0.125209,0.020249,0.113536,0.072163,0.186907,0.006515,0.082565,0.059954,0.102564,0.038796,0.118952,0.151788,0.044320,0.057973,0.096121,0.285928,0.021013,0.048794,0.081898,0.078540,0.161156,0.302595,0.103029,0.194521,0.164506,0.158082,0.015387,0.071307,0.124691,0.252079,0.072528,0.155548,0.193911,0.104425,0.274964,0.237172,0.046218,0.081347,0.152962,0.160603,0.165337,0.017880,0.237054,0.116592,0.082940,0.089658,0.150089,0.031963,0.034899,0.060596,0.042667,0.168787,0.184149,0.162784,0.169249,0.125253,0.124331,0.036364,0.302719,0.066954,0.055786,0.048524,0.098580,0.282402,0.213763,0.066568,0.087656,0.127828,0.286440,0.039505,0.133970,0.040138,0.192511,0.156175
1.4,0.0637548410756237,0.300769182,1,0.039163,0.106859,0.255492,0.312335,0.039467,0.088921,0.248193,0.310493,0.107223,0.208998,0.021381,0.203611,0.196881,0.140237,0.110584,0.249442,0.134523,0.046171,0.082974,0.057612,0.052704,0.140882,0.025267,0.039057,0.176089,0.232759,0.130875,0.023220,0.106030,0.079064,0.188623,0.000000,0.087895,0.066600,0.110130,0.044231,0.123533,0.163906,0.039141,0.063097,0.103511,0.280554,0.029401,0.053592,0.080707,0.077138,0.163649,0.316062,0.114056,0.195663,0.167129,0.157783,0.018277,0.075794,0.126419,0.258969,0.075379,0.167439,0.194811,0.101787,0.275825,0.256434,0.052840,0.081298,0.155572,0.164940,0.169530,0.018967,0.249001,0.119908,0.080755,0.096151,0.148039,0.036111,0.035605,0.057657,0.052848,0.170740,0.198628,0.169990,0.171570,0.140213,0.129779,0.032041,0.326655,0.072511,0.058691,0.051923,0.102847,0.287584,0.228481,0.066121,0.087641,0.139516,0.284262,0.037940,0.134029,0.038731,0.213783,0.152327
1.5,0.0714012509010313,0.311457043,1,0.037549,0.103786,0.247076,0.330202,0.027093,0.092562,0.266760,0.325747,0.101950,0.209573,0.023887,0.202662,0.189248,0.135803,0.124169,0.259021,0.143683,0.051005,0.081496,0.054213,0.061719,0.142576,0.020590,0.056407,0.170727,0.249061,0.136151,0.027669,0.110608,0.081195,0.190720,0.000000,0.080802,0.069907,0.112019,0.045844,0.124016,0.172662,0.050889,0.059113,0.098648,0.281768,0.023160,0.055252,0.083268,0.081796,0.162629,0.315077,0.120437,0.192197,0.168345,0.159460,0.018775,0.068286,0.132097,0.256651,0.076043,0.179200,0.198714,0.103001,0.276491,0.273803,0.055977,0.096281,0.156807,0.169679,0.165623,0.022719,0.260439,0.121496,0.080408,0.092707,0.148361,0.034342,0.033826,0.053871,0.048336,0.171820,0.210356,0.171092,0.175344,0.144672,0.140595,0.034154,0.343379,0.078229,0.062599,0.055125,0.103769,0.290112,0.232954,0.065834,0.095593,0.152891,0.287682,0.036731,0.135873,0.049789,0.221724,0.153926
1.6,0.0793034518324205,0.321203859,1,0.036983,0.107010,0.252586,0.345102,0.044500,0.096022,0.277554,0.338029,0.113581,0.221367,0.026724,0.205313,0.193208,0.139864,0.124510,0.274032,0.151125,0.048167,0.094621,0.065267,0.058124,0.149900,0.016322,0.051528,0.166361,0.258731,0.150410,0.026290,0.104908,0.088757,0.189446,0.007214,0.093126,0.072812,0.116828,0.046894,0.121785,0.176463,0.054220,0.055117,0.101906,0.279940,0.029763,0.049198,0.081867,0.083361,0.164204,0.319954,0.125962,0.191816,0.173592,0.156317,0.025886,0.071529,0.129954,0.264383,0.073964,0.188135,0.201308,0.111288,0.276951,0.281487,0.060614,0.095737,0.156995,0.168195,0.171411,0.023026,0.273921,0.122678,0.082571,0.097954,0.152396,0.036719,0.037913,0.054840,0.049505,0.171789,0.222721,0.169237,0.173790,0.162952,0.147687,0.037769,0.357754,0.075408,0.065222,0.064462,0.102056,0.288540,0.232753,0.065111,0.088081,0.156023,0.286053,0.030549,0.133960,0.038703,0.234774,0.151331
1.7,0.0874385604263726,0.330062497,1,0.042360,0.104187,0.251514,0.370553,0.037701,0.101019,0.291157,0.359156,0.099641,0.235347,0.026277,0.206189,0.195278,0.146819,0.134863,0.288820,0.159925,0.044890,0.104456,0.062077,0.059046,0.145495,0.017321,0.044220,0.170316,0.275013,0.142661,0.026453,0.102031,0.090598,0.193551,0.005541,0.085712,0.078856,0.126926,0.051680,0.133620,0.190004,0.055950,0.065770,0.104697,0.286269,0.026343,0.058431,0.083911,0.086521,0.166487,0.321681,0.130012,0.193293,0.175507,0.161598,0.031128,0.073936,0.132254,0.271093,0.077180,0.196038,0.202391,0.113499,0.279998,0.297056,0.059866,0.104014,0.158653,0.165501,0.171738,0.026308,0.288862,0.123167,0.081616,0.094882,0.153151,0.031975,0.043317,0.059459,0.055983,0.173342,0.231613,0.172428,0.179548,0.162857,0.156937,0.025853,0.378575,0.073909,0.060018,0.060135,0.102607,0.285326,0.229059,0.062185,0.089175,0.167482,0.286926,0.037939,0.140257,0.049770,0.236218,0.150813
1.8,0.095784982066862,0.338083127,1,0.039185,0.113514,0.257765,0.386540,0.035801,0.106453,0.307380,0.368832,0.111897,0.243006,0.028347,0.206879,0.195846,0.145387,0.137690,0.299763,0.166734,0.050278,0.109028,0.061418,0.069721,0.149381,0.027337,0.053856,0.168126,0.285326,0.150031,0.027431,0.102991,0.098210,0.195855,0.000000,0.090452,0.084241,0.137278,0.057208,0.120703,0.199377,0.061435,0.060731,0.106836,0.285981,0.031905,0.056528,0.083090,0.082844,0.165427,0.315415,0.141523,0.195594,0.167980,0.161190,0.032514,0.073209,0.132401,0.261819,0.076334,0.199063,0.204644,0.111975,0.280330,0.313433,0.065883,0.101656,0.162718,0.171209,0.174422,0.026135,0.297736,0.127863,0.084294,0.098333,0.149966,0.032482,0.041524,0.061779,0.055960,0.173026,0.244917,0.168398,0.173820,0.174676,0.164625,0.032423,0.391860,0.079732,0.066312,0.068501,0.105370,0.287283,0.235967,0.058774,0.091770,0.176391,0.290324,0.037235,0.133915,0.043217,0.252198,0.153075
1.9,0.104322345235197,0.345313357,1,0.038284,0.109442,0.253821,0.393790,0.044210,0.110545,0.320437,0.388241,0.102922,0.254861,0.029176,0.205878,0.194276,0.133914,0.142030,0.314746,0.175695,0.051754,0.112872,0.070926,0.065844,0.146249,0.027995,0.053606,0.180548,0.301007,0.166197,0.036431,0.118122,0.103658,0.194818,0.000468,0.089144,0.085886,0.131435,0.057007,0.133978,0.207597,0.063652,0.056884,0.102656,0.280333,0.031756,0.068093,0.084636,0.085399,0.166279,0.330094,0.146771,0.201465,0.165820,0.160043,0.030601,0.075130,0.133239,0.262508,0.079433,0.208654,0.205828,0.114219,0.281828,0.325827,0.069646,0.114561,0.162881,0.171033,0.170267,0.029195,0.314397,0.129163,0.089303,0.103381,0.145845,0.039847,0.043115,0.063974,0.049107,0.175611,0.254901,0.172112,0.170516,0.189194,0.172879,0.043382,0.405681,0.075882,0.062014,0.072414,0.106114,0.283892,0.232692,0.066592,0.099443,0.188833,0.285229,0.048759,0.135113,0.060612,0.262022,0.153370
2,0.113031439021855,0.351798364,1,0.038880,0.108164,0.254226,0.411941,0.039474,0.117679,0.329717,0.402277,0.108761,0.273816,0.032862,0.208718,0.193900,0.133192,0.148097,0.323197,0.184429,0.047799,0.114379,0.077306,0.072428,0.151126,0.024545,0.057350,0.175553,0.306750,0.161505,0.031707,0.112896,0.108459,0.197016,0.000000,0.097965,0.091853,0.147230,0.059920,0.124567,0.217344,0.058163,0.054296,0.109995,0.283646,0.031388,0.072748,0.086052,0.089469,0.167050,0.332708,0.152548,0.197010,0.164184,0.162556,0.035817,0.070825,0.136506,0.275929,0.079516,0.220471,0.204190,0.117053,0.282568,0.338467,0.069943,0.116598,0.166272,0.171029,0.171583,0.030134,0.322340,0.130785,0.087792,0.100002,0.155416,0.036127,0.045289,0.062272,0.058232,0.176593,0.266433,0.174991,0.175861,0.187830,0.180283,0.048413,0.422171,0.082360,0.069433,0.078056,0.104904,0.292907,0.243592,0.066325,0.102322,0.193336,0.292391,0.043430,0.135174,0.052582,0.278499,0.158211
2.1,0.121894153729778,0.357581007,1,0.043978,0.110164,0.261987,0.424449,0.053885,0.121848,0.343410,0.413965,0.101632,0.273461,0.034456,0.209264,0.203339,0.146953,0.159497,0.338213,0.192160,0.047810,0.119678,0.072987,0.072068,0.153543,0.025910,0.059323,0.171475,0.318923,0.164735,0.032435,0.105691,0.111525,0.199296,0.010549,0.091081,0.094840,0.149291,0.064804,0.137133,0.225471,0.065148,0.070748,0.109998,0.287233,0.037902,0.075137,0.085389,0.089046,0.168719,0.323588,0.160245,0.198527,0.172642,0.161119,0.036029,0.073370,0.141567,0.270613,0.082057,0.226316,0.210378,0.115317,0.284713,0.352524,0.077178,0.120179,0.167468,0.168818,0.170271,0.030488,0.331564,0.133771,0.086589,0.106142,0.151747,0.036385,0.047323,0.064863,0.055325,0.176754,0.277303,0.172557,0.175867,0.200088,0.186040,0.039994,0.439578,0.083881,0.068055,0.075786,0.106515,0.292137,0.239048,0.065087,0.097711,0.205587,0.286032,0.058485,0.137465,0.051723,0.286335,0.152236
2.2,0.130893424420582,0.362701947,1,0.043098,0.113435,0.261764,0.450832,0.049771,0.125909,0.358760,0.432023,0.115874,0.294445,0.034540,0.209836,0.191996,0.144472,0.159983,0.346654,0.198817,0.052767,0.123846,0.076539,0.074632,0.150255,0.032014,0.043777,0.178433,0.323893,0.169843,0.038437,0.112461,0.116092,0.199142,0.000000,0.091483,0.100451,0.147979,0.068532,0.137425,0.230913,0.063775,0.068802,0.108088,0.285045,0.042239,0.078323,0.087538,0.093477,0.168543,0.326516,0.160828,0.195662,0.175888,0.164324,0.035279,0.073136,0.143581,0.262011,0.081799,0.230553,0.209820,0.123875,0.284910,0.363429,0.080956,0.133640,0.168511,0.170170,0.171881,0.034706,0.344622,0.135321,0.087159,0.104665,0.159386,0.042562,0.052996,0.063356,0.050340,0.178495,0.286949,0.177551,0.179691,0.207545,0.193707,0.047673,0.451587,0.077720,0.067494,0.073464,0.108246,0.292167,0.238367,0.062062,0.101407,0.219132,0.294301,0.052012,0.143835,0.062718,0.294849,0.157612
2.3,0.140013177260422,0.367199757,1,0.044915,0.117942,0.266916,0.461563,0.055766,0.128111,0.367187,0.441383,0.117844,0.294876,0.037544,0.213071,0.201007,0.141374,0.170564,0.360194,0.209923,0.055341,0.119886,0.088374,0.087480,0.151731,0.028557,0.062478,0.175356,0.347033,0.179197,0.035249,0.113033,0.122794,0.201797,0.005446,0.101724,0.103523,0.164705,0.068363,0.131195,0.246090,0.076216,0.067492,0.105073,0.286112,0.043484,0.078099,0.088154,0.093009,0.167604,0.335641,0.170173,0.198478,0.167512,0.164457,0.035713,0.076534,0.140544,0.281231,0.082511,0.242129,0.210327,0.123589,0.287063,0.373895,0.081685,0.137639,0.170435,0.171687,0.174044,0.032172,0.356123,0.136596,0.089020,0.108038,0.159174,0.039714,0.052636,0.062188,0.051293,0.179310,0.294431,0.177664,0.169090,0.218629,0.201102,0.038141,0.462933,0.084454,0.072391,0.084047,0.106619,0.293741,0.236672,0.072067,0.100452,0.221099,0.286184,0.049327,0.143828,0.057507,0.305526,0.156056
2.4,0.149238278528519,0.371111019,1,0.045050,0.116309,0.265737,0.466093,0.051090,0.133953,0.382635,0.455600,0.111853,0.305145,0.036955,0.212745,0.199948,0.150720,0.175364,0.370045,0.217240,0.055236,0.136928,0.081120,0.087756,0.147724,0.032368,0.058792,0.167955,0.347446,0.176764,0.039265,0.111962,0.129478,0.200611,0.000000,0.091067,0.107436,0.161317,0.069542,0.133932,0.251929,0.082081,0.072124,0.106453,0.282512,0.039263,0.079311,0.087483,0.096840,0.171130,0.332235,0.174906,0.202258,0.177405,0.165447,0.038394,0.087030,0.139059,0.268240,0.084709,0.242200,0.209814,0.123466,0.287088,0.390105,0.084342,0.142304,0.173036,0.175791,0.174486,0.036359,0.366538,0.135842,0.089570,0.106899,0.161931,0.036694,0.054587,0.067833,0.053206,0.178965,0.306986,0.181802,0.169188,0.222754,0.208702,0.047457,0.475778,0.081227,0.070197,0.090775,0.107613,0.287267,0.238947,0.067364,0.101087,0.229012,0.291242,0.057194,0.142491,0.071633,0.307644,0.156338
2.5,0.158554486157803,0.374470432,1,0.044493,0.117786,0.263046,0.483174,0.055856,0.136991,0.390361,0.468545,0.107299,0.319302,0.040233,0.211399,0.202397,0.144856,0.173767,0.377785,0.223514,0.056344,0.132627,0.080124,0.085145,0.152432,0.029658,0.062730,0.177597,0.366091,0.182580,0.040642,0.115634,0.130366,0.202694,0.000000,0.096349,0.110858,0.176352,0.072541,0.131865,0.254378,0.081624,0.073279,0.112052,0.287079,0.045417,0.084250,0.088303,0.096242,0.170687,0.325569,0.177813,0.201590,0.174558,0.160596,0.033315,0.076040,0.141438,0.272112,0.082652,0.252314,0.216684,0.126656,0.288925,0.401058,0.086258,0.146306,0.173950,0.171971,0.176752,0.038746,0.373628,0.140567,0.093649,0.110720,0.160753,0.041511,0.056592,0.061930,0.062552,0.180170,0.314901,0.177993,0.179290,0.236917,0.217978,0.053397,0.488631,0.082134,0.071182,0.083536,0.108275,0.291608,0.252077,0.064181,0.107193,0.231089,0.290101,0.058073,0.141408,0.067148,0.310545,0.152214
2.6,0.16794840368341,0.377310899,1,0.047737,0.112408,0.270915,0.493630,0.054968,0.144596,0.397883,0.476829,0.117480,0.329909,0.041678,0.213041,0.208857,0.134972,0.180077,0.389908,0.230890,0.054272,0.146231,0.090385,0.094133,0.147863,0.031520,0.047374,0.183942,0.371636,0.183841,0.047185,0.111787,0.134563,0.207651,0.000968,0.096672,0.115258,0.179846,0.075791,0.137980,0.267484,0.089971,0.065862,0.108162,0.286527,0.042723,0.091192,0.090755,0.094575,0.169935,0.333681,0.185146,0.207601,0.180051,0.164127,0.040612,0.081508,0.144255,0.267391,0.085208,0.254738,0.216273,0.129262,0.290192,0.412198,0.088602,0.152612,0.175089,0.173756,0.176997,0.037040,0.381096,0.139932,0.095935,0.110779,0.159251,0.036885,0.059020,0.070500,0.063918,0.181932,0.326093,0.182086,0.173183,0.242748,0.223944,0.044135,0.502713,0.084749,0.070930,0.085602,0.107204,0.290453,0.245510,0.068441,0.106126,0.243006,0.296261,0.060096,0.140457,0.080892,0.323100,0.155952
2.7,0.177407436480825,0.379663617,1,0.044780,0.114788,0.274009,0.509196,0.055397,0.147719,0.416311,0.489532,0.113726,0.336877,0.041239,0.215426,0.208964,0.152438,0.187571,0.398269,0.238945,0.057360,0.152557,0.090706,0.090821,0.149631,0.029118,0.063340,0.169939,0.375744,0.191879,0.048557,0.117855,0.139254,0.204874,0.008536,0.099002,0.121215,0.186260,0.083259,0.133434,0.273403,0.094271,0.065468,0.110838,0.286156,0.048014,0.095615,0.090260,0.098509,0.171547,0.345373,0.189907,0.203577,0.172417,0.160587,0.047501,0.083619,0.145488,0.278382,0.084882,0.264078,0.215954,0.127147,0.290550,0.419539,0.096033,0.157422,0.176046,0.175193,0.175675,0.041053,0.393563,0.141480,0.096596,0.112515,0.162484,0.044856,0.063747,0.065007,0.061838,0.181981,0.334459,0.187822,0.174536,0.252214,0.231906,0.057131,0.514208,0.089395,0.071747,0.092362,0.111916,0.294112,0.249586,0.072586,0.106741,0.256443,0.291105,0.056662,0.147117,0.083925,0.335846,0.159441
2.8,0.186919750181213,0.381558166,1,0.046453,0.118398,0.278269,0.519344,0.061838,0.150507,0.425207,0.500211,0.117419,0.346143,0.044694,0.218359,0.213007,0.147373,0.189361,0.407141,0.244452,0.059626,0.154622,0.097732,0.098389,0.149789,0.041373,0.051446,0.175292,0.384066,0.198889,0.049986,0.118082,0.147948,0.207675,0.004828,0.105800,0.123576,0.178528,0.083057,0.137984,0.279494,0.098753,0.065199,0.107085,0.291815,0.048870,0.098659,0.091146,0.101631,0.173599,0.344773,0.194225,0.209121,0.176993,0.166938,0.048595,0.089650,0.148792,0.285098,0.088642,0.268666,0.220523,0.136429,0.292099,0.433268,0.098395,0.157921,0.177887,0.176332,0.178404,0.040578,0.396553,0.142616,0.095613,0.116100,0.164225,0.042840,0.067047,0.067848,0.067252,0.181791,0.340906,0.182101,0.178365,0.254363,0.235734,0.061422,0.528021,0.093353,0.076320,0.095701,0.111700,0.297030,0.260872,0.063729,0.107768,0.263048,0.297880,0.072513,0.147797,0.082097,0.337520,0.159973
2.9,0.196474231156997,0.383022585,1,0.048758,0.122854,0.275214,0.539025,0.063670,0.153048,0.433628,0.510582,0.116728,0.349326,0.045856,0.218066,0.202162,0.153018,0.195939,0.418892,0.253847,0.061210,0.153100,0.097958,0.100581,0.154391,0.043673,0.049064,0.172512,0.401949,0.201232,0.044486,0.122619,0.151699,0.207600,0.003374,0.099065,0.129265,0.188799,0.084822,0.141380,0.287853,0.091351,0.070112,0.116046,0.289649,0.051567,0.092620,0.091703,0.102476,0.171747,0.338085,0.204959,0.208208,0.177804,0.161980,0.050158,0.092259,0.146149,0.283500,0.087987,0.271275,0.219332,0.138562,0.293380,0.446704,0.100684,0.162885,0.181219,0.183747,0.181454,0.041625,0.405930,0.145169,0.101389,0.116386,0.159995,0.044420,0.069168,0.073633,0.069376,0.183253,0.351829,0.183787,0.176071,0.270393,0.244321,0.060413,0.537463,0.084258,0.075934,0.094966,0.111306,0.297503,0.261398,0.072192,0.108287,0.266704,0.289561,0.067234,0.141899,0.085727,0.344432,0.158763
3,0.206060448975968,0.38408345,1,0.048133,0.120151,0.270330,0.536524,0.058887,0.156030,0.447384,0.525128,0.118328,0.357714,0.046185,0.219773,0.206740,0.142420,0.200249,0.426446,0.261585,0.055388,0.157908,0.101183,0.101970,0.150319,0.042096,0.059516,0.185374,0.402664,0.207751,0.047951,0.111654,0.152773,0.211743,0.000137,0.108273,0.133566,0.189788,0.088846,0.136636,0.298751,0.104558,0.066185,0.106671,0.292638,0.049114,0.098678,0.092166,0.100007,0.174873,0.338361,0.204526,0.213695,0.183017,0.164300,0.050243,0.081857,0.152407,0.286292,0.090482,0.278022,0.220546,0.136433,0.294320,0.455632,0.102903,0.170039,0.181391,0.184398,0.178705,0.042286,0.414755,0.151192,0.098083,0.119318,0.163428,0.047167,0.069620,0.072359,0.070721,0.184544,0.360233,0.191493,0.170596,0.268820,0.249970,0.068631,0.547765,0.092884,0.078898,0.096992,0.113411,0.296637,0.260339,0.068958,0.114114,0.279640,0.291456,0.062235,0.143785,0.083576,0.348501,0.159202
3.1,0.215668620727162,0.384765949,1,0.050247,0.124432,0.277275,0.559324,0.076200,0.163073,0.456333,0.529824,0.113898,0.365212,0.047630,0.219020,0.218992,0.150012,0.207930,0.433739,0.268277,0.060944,0.162477,0.111803,0.108273,0.155000,0.037045,0.053171,0.178971,0.420370,0.202157,0.054176,0.113793,0.159047,0.213707,0.012849,0.111533,0.136012,0.201298,0.092731,0.131336,0.298365,0.101518,0.074276,0.108583,0.291987,0.051510,0.097584,0.093255,0.106871,0.174386,0.351814,0.214081,0.210422,0.179384,0.162096,0.041882,0.086248,0.151733,0.292619,0.091092,0.283885,0.224997,0.140276,0.295478,0.463780,0.105502,0.169323,0.182586,0.182332,0.182874,0.045182,0.420941,0.151340,0.102022,0.114964,0.171329,0.043104,0.075952,0.075192,0.067125,0.184443,0.369841,0.191492,0.179203,0.279362,0.256751,0.066214,0.558461,0.090912,0.082212,0.098161,0.113570,0.291664,0.257332,0.067264,0.107858,0.284288,0.291288,0.078295,0.149008,0.086828,0.355208,0.158878
3.2,0.225289577126521,0.385093949,1,0.049193,0.119909,0.268054,0.556706,0.069452,0.163158,0.464831,0.543336,0.119309,0.366950,0.049324,0.218651,0.209282,0.150471,0.206756,0.446099,0.274856,0.058730,0.175540,0.111984,0.106826,0.156790,0.041349,0.060239,0.171148,0.427324,0.213912,0.053315,0.122394,0.163803,0.214730,0.009822,0.112519,0.141108,0.209827,0.093819,0.141213,0.306396,0.108233,0.073550,0.110257,0.291795,0.054549,0.107375,0.093898,0.107081,0.175146,0.339196,0.218660,0.215730,0.183733,0.163338,0.053618,0.091203,0.155360,0.280539,0.092213,0.292923,0.222679,0.141251,0.295216,0.476601,0.108484,0.173552,0.184437,0.186444,0.181471,0.045381,0.428632,0.153330,0.106040,0.120413,0.166812,0.045672,0.073646,0.071584,0.065661,0.185587,0.376620,0.195666,0.175755,0.288996,0.263465,0.066144,0.570571,0.089107,0.084228,0.111836,0.111116,0.290207,0.273127,0.078667,0.115974,0.292756,0.297161,0.078039,0.143979,0.084548,0.368889,0.155233
3.3,0.234914730314804,0.385090063,1,0.050624,0.126582,0.285577,0.572125,0.077911,0.167846,0.473695,0.555075,0.125124,0.378279,0.051439,0.220682,0.218658,0.154801,0.211134,0.451422,0.280588,0.062749,0.184989,0.107178,0.119786,0.154517,0.040540,0.052920,0.177476,0.427954,0.210137,0.050299,0.121816,0.169804,0.215491,0.000291,0.104779,0.144027,0.204240,0.095274,0.139671,0.312863,0.110338,0.082318,0.117453,0.286842,0.054227,0.103360,0.094697,0.110815,0.176258,0.342403,0.222823,0.211447,0.185394,0.168618,0.054546,0.090410,0.156466,0.290288,0.092737,0.297110,0.225421,0.143021,0.295880,0.484890,0.111332,0.184831,0.187747,0.188196,0.182113,0.046479,0.438518,0.153226,0.105311,0.121084,0.169962,0.043731,0.076442,0.074664,0.067482,0.186454,0.384207,0.193106,0.173480,0.298406,0.269778,0.059965,0.578779,0.099080,0.085313,0.113984,0.113485,0.295174,0.270029,0.075801,0.114015,0.305102,0.291554,0.070516,0.150705,0.093871,0.367183,0.156209
3.4,0.244536043264536,0.384775713,1,0.047332,0.119924,0.284143,0.587016,0.081265,0.170843,0.478278,0.561192,0.111403,0.381629,0.053535,0.221258,0.220471,0.148342,0.216846,0.461204,0.290199,0.060454,0.179940,0.120246,0.123320,0.157016,0.048359,0.064317,0.172249,0.438075,0.219029,0.060178,0.127429,0.170001,0.218935,0.002042,0.115968,0.148648,0.207220,0.098714,0.140491,0.325956,0.116775,0.079128,0.117453,0.292714,0.057725,0.113074,0.095973,0.109228,0.176241,0.338304,0.224352,0.211145,0.178454,0.168283,0.053916,0.094314,0.157375,0.288732,0.093766,0.297745,0.228570,0.143231,0.297301,0.491906,0.111949,0.195003,0.188736,0.181335,0.183495,0.052905,0.444145,0.155829,0.102628,0.121660,0.165238,0.043818,0.077144,0.070360,0.068734,0.187644,0.392723,0.195176,0.172075,0.301006,0.276173,0.061802,0.589648,0.095615,0.084745,0.109546,0.115999,0.293632,0.262046,0.075540,0.113922,0.312298,0.295496,0.071603,0.145852,0.090894,0.372779,0.163404
3.5,0.254146000716834,0.384171188,1,0.049108,0.124850,0.278130,0.592723,0.073949,0.174497,0.493045,0.572712,0.115085,0.389587,0.054710,0.224053,0.219765,0.142405,0.216839,0.467708,0.293404,0.060202,0.184585,0.115885,0.126046,0.160394,0.044422,0.057858,0.186342,0.451811,0.218038,0.060497,0.124291,0.177612,0.218432,0.000479,0.114490,0.152416,0.217742,0.101287,0.130330,0.330714,0.107149,0.077588,0.117898,0.289491,0.060243,0.120337,0.098242,0.114460,0.175725,0.345199,0.231428,0.212044,0.184531,0.162440,0.047828,0.096548,0.161074,0.297307,0.094786,0.304140,0.229357,0.147467,0.297529,0.498244,0.115826,0.197044,0.190481,0.186659,0.181538,0.050966,0.447544,0.161130,0.105387,0.126291,0.174754,0.046171,0.083114,0.069751,0.071801,0.187817,0.398915,0.192072,0.175595,0.313286,0.283765,0.071970,0.599119,0.102862,0.088172,0.120332,0.113078,0.293034,0.276205,0.075410,0.119438,0.317370,0.294477,0.068817,0.151583,0.101237,0.374858,0.161452
3.6,0.26373758157283,0.383295702,1,0.050165,0.128198,0.273846,0.600855,0.076748,0.179756,0.496415,0.578888,0.117703,0.403347,0.055085,0.223314,0.223494,0.139895,0.220234,0.473281,0.303628,0.060302,0.188266,0.121424,0.115784,0.158215,0.045195,0.068759,0.181330,0.451637,0.233280,0.055075,0.114952,0.182307,0.220209,0.004249,0.114442,0.154367,0.222211,0.103021,0.135803,0.332172,0.109907,0.077167,0.113172,0.286293,0.063132,0.111207,0.098596,0.116027,0.176363,0.346878,0.233907,0.223314,0.177022,0.165211,0.056238,0.088160,0.162237,0.285967,0.098144,0.308941,0.229079,0.147797,0.298507,0.507735,0.120080,0.199591,0.191453,0.182318,0.184344,0.054342,0.457430,0.159322,0.106984,0.128335,0.169791,0.046075,0.084687,0.073657,0.067817,0.189000,0.408026,0.200868,0.170809,0.311387,0.289308,0.070579,0.609990,0.104105,0.089172,0.118904,0.115799,0.300407,0.275600,0.082100,0.115302,0.316572,0.300824,0.084802,0.147354,0.098028,0.391656,0.163690
3.7,0.273304232668095,0.382167449,1,0.049599,0.123136,0.285180,0.609766,0.081359,0.183151,0.512350,0.585284,0.122686,0.402248,0.056212,0.225502,0.213515,0.150726,0.228509,0.480872,0.309018,0.060928,0.193040,0.120803,0.130091,0.162448,0.051524,0.061176,0.186292,0.460405,0.239779,0.058916,0.118996,0.186533,0.220630,0.001410,0.121255,0.157426,0.224094,0.109171,0.131257,0.342794,0.115836,0.085643,0.122370,0.288393,0.062818,0.115845,0.097803,0.117227,0.177876,0.349817,0.238586,0.215989,0.188909,0.166173,0.062684,0.094659,0.165715,0.297632,0.096029,0.310499,0.232768,0.154389,0.300013,0.520169,0.120566,0.202638,0.194768,0.187603,0.180024,0.055066,0.459466,0.163416,0.109162,0.124179,0.176660,0.049765,0.083205,0.078554,0.074268,0.190158,0.413409,0.199996,0.181331,0.322350,0.293608,0.072439,0.614528,0.093792,0.089174,0.115410,0.117947,0.291164,0.269588,0.074863,0.119229,0.333012,0.300389,0.089429,0.152697,0.094287,0.392396,0.156858
3.8,0.282839843861974,0.38080365,1,0.051222,0.128692,0.281713,0.621065,0.077514,0.185049,0.520538,0.596722,0.119033,0.408476,0.057527,0.228248,0.207739,0.145407,0.234166,0.489055,0.314579,0.062232,0.206309,0.118690,0.133035,0.160440,0.047400,0.068205,0.188117,0.470547,0.235335,0.060218,0.127771,0.186824,0.220890,0.000000,0.118236,0.162377,0.231361,0.108681,0.134306,0.350259,0.118955,0.078920,0.116291,0.291967,0.069275,0.119085,0.100036,0.116026,0.180288,0.350114,0.245094,0.219230,0.181630,0.169206,0.063200,0.097222,0.165924,0.286362,0.100900,0.318240,0.231665,0.154228,0.301630,0.527526,0.124471,0.212134,0.194908,0.192134,0.187667,0.053709,0.470495,0.165308,0.110827,0.131231,0.173363,0.052182,0.085696,0.072751,0.079908,0.190721,0.422434,0.196128,0.171130,0.334515,0.300886,0.071192,0.623821,0.097243,0.088906,0.124295,0.116651,0.298074,0.280463,0.071276,0.121674,0.337965,0.300035,0.086115,0.147896,0.096237,0.394250,0.164980
3.9,0.292338724377071,0.379220607,1,0.051139,0.125596,0.290507,0.622288,0.078248,0.188177,0.527136,0.603002,0.116329,0.414972,0.061206,0.228407,0.221632,0.141005,0.230598,0.495409,0.322421,0.066985,0.199262,0.133659,0.131645,0.159553,0.055310,0.072994,0.176405,0.471406,0.241566,0.063446,0.119673,0.194364,0.221402,0.001557,0.124750,0.166527,0.232162,0.109913,0.132800,0.353802,0.130837,0.087437,0.115575,0.289647,0.073701,0.126017,0.099649,0.119105,0.179396,0.356021,0.249669,0.223982,0.186752,0.162439,0.058778,0.100196,0.162822,0.299644,0.098757,0.318332,0.233862,0.153540,0.302098,0.536330,0.125867,0.214396,0.196962,0.187080,0.184480,0.055521,0.472519,0.167127,0.110532,0.132648,0.175550,0.052261,0.093440,0.081519,0.079963,0.191945,0.430091,0.206210,0.178280,0.340640,0.307581,0.077942,0.630863,0.106598,0.088990,0.120235,0.116482,0.296580,0.287483,0.076077,0.126980,0.335396,0.295619,0.094053,0.150710,0.105092,0.392702,0.159529
4,0.301795580327301,0.377433747,1,0.052921,0.130430,0.281796,0.633482,0.082257,0.188115,0.528790,0.607796,0.113947,0.423928,0.061558,0.228155,0.222687,0.141575,0.238051,0.501817,0.327390,0.069324,0.210153,0.131085,0.127662,0.163017,0.045954,0.066250,0.183466,0.478432,0.237551,0.060518,0.133344,0.197084,0.226356,0.010610,0.121347,0.170928,0.244024,0.116340,0.140065,0.360065,0.125712,0.093326,0.119180,0.290226,0.072712,0.133671,0.101899,0.119121,0.181229,0.347366,0.250668,0.218644,0.187367,0.162517,0.065102,0.097839,0.169332,0.295928,0.102950,0.327113,0.235507,0.157148,0.303418,0.539755,0.132536,0.222076,0.199897,0.195518,0.183026,0.057663,0.477700,0.171766,0.115056,0.134456,0.179909,0.054013,0.089633,0.081667,0.077937,0.192292,0.435575,0.199835,0.180757,0.346772,0.312909,0.069603,0.637642,0.106182,0.089786,0.121760,0.117320,0.293658,0.274104,0.077703,0.121753,0.346031,0.295806,0.090879,0.153382,0.108713,0.410171,0.161122
4.1,0.311205493375929,0.375457664,1,0.055799,0.132606,0.279906,0.637496,0.095904,0.193331,0.539218,0.615004,0.125660,0.429570,0.061748,0.231542,0.218447,0.157395,0.241503,0.506019,0.334495,0.069456,0.223125,0.134276,0.133087,0.156005,0.048714,0.062533,0.176869,0.486128,0.250989,0.062789,0.132558,0.201229,0.224989,0.011259,0.118912,0.173357,0.247848,0.116127,0.142082,0.364256,0.121641,0.093397,0.122067,0.290538,0.070298,0.126427,0.101664,0.121098,0.182456,0.357527,0.258183,0.226954,0.188008,0.166354,0.061563,0.104207,0.172055,0.290000,0.103399,0.330462,0.239124,0.162447,0.303982,0.548150,0.130960,0.220038,0.199896,0.193439,0.184809,0.057794,0.481899,0.171892,0.117180,0.136484,0.176558,0.054508,0.097412,0.076869,0.074928,0.193947,0.441249,0.207293,0.182524,0.346220,0.317347,0.071672,0.648563,0.103700,0.094417,0.131581,0.120480,0.301269,0.277659,0.080884,0.131707,0.357030,0.301856,0.086498,0.148705,0.113811,0.407515,0.162476
4.2,0.320563900467895,0.373306165,1,0.054902,0.133457,0.280573,0.651388,0.091785,0.196312,0.551908,0.626119,0.129735,0.430989,0.064331,0.232169,0.221991,0.147613,0.240855,0.512451,0.339331,0.067582,0.217823,0.131379,0.134149,0.154172,0.053358,0.069969,0.177706,0.490883,0.253103,0.069965,0.127497,0.207519,0.228199,0.004961,0.120871,0.175876,0.252703,0.121799,0.137931,0.368295,0.132684,0.083968,0.118897,0.288402,0.068949,0.137961,0.102161,0.122944,0.180445,0.344697,0.261675,0.228575,0.191790,0.168757,0.066171,0.097869,0.172690,0.294257,0.102421,0.329178,0.240101,0.161183,0.303900,0.549398,0.134649,0.224350,0.201770,0.187934,0.186441,0.061567,0.487984,0.174378,0.117189,0.137291,0.177415,0.049211,0.099001,0.082903,0.079619,0.193797,0.449046,0.206306,0.175814,0.362410,0.324167,0.084133,0.653909,0.110444,0.091753,0.127843,0.118700,0.298977,0.284343,0.078732,0.125339,0.359824,0.295842,0.091141,0.151230,0.104257,0.407551,0.158652
4.3,0.329866574583461,0.370992305,1,0.055674,0.132061,0.290041,0.659622,0.091006,0.196839,0.554183,0.632704,0.124354,0.434711,0.065750,0.231664,0.226071,0.148180,0.249023,0.521257,0.347894,0.070516,0.221280,0.133671,0.142386,0.156911,0.051737,0.063951,0.179945,0.493651,0.251684,0.069796,0.136124,0.207413,0.228380,0.009415,0.131868,0.179720,0.248841,0.120001,0.133569,0.374888,0.134694,0.090748,0.118853,0.292579,0.078316,0.142037,0.102591,0.125030,0.182534,0.355190,0.266566,0.222082,0.181588,0.169960,0.059750,0.100003,0.170127,0.306482,0.103490,0.338154,0.240542,0.168533,0.304773,0.557055,0.138707,0.232918,0.203381,0.195901,0.186823,0.062352,0.494777,0.174761,0.118408,0.138630,0.182546,0.053663,0.098283,0.080872,0.085859,0.196225,0.454881,0.203165,0.181820,0.366852,0.328097,0.085942,0.660685,0.110160,0.093091,0.133918,0.118307,0.297025,0.283916,0.074489,0.130936,0.368162,0.295274,0.088939,0.152691,0.119844,0.415028,0.163009
4.4,0.339109606462775,0.36852843,1,0.055455,0.127670,0.290400,0.660601,0.088435,0.200371,0.566484,0.641191,0.127788,0.442787,0.066401,0.232414,0.216388,0.144533,0.251106,0.528449,0.351268,0.069905,0.233766,0.143897,0.139713,0.157058,0.054759,0.077353,0.188435,0.511858,0.265283,0.066786,0.120728,0.210974,0.230208,0.003007,0.124349,0.183802,0.257366,0.122822,0.132761,0.383289,0.133770,0.084315,0.117684,0.289859,0.078599,0.147338,0.103860,0.128054,0.182902,0.345881,0.273127,0.232757,0.193506,0.166571,0.070315,0.101396,0.171982,0.298295,0.108203,0.338309,0.243067,0.167732,0.306554,0.566617,0.141828,0.237833,0.204356,0.199112,0.189119,0.063342,0.499864,0.177386,0.117902,0.136230,0.185452,0.050554,0.103395,0.077519,0.084662,0.197155,0.462579,0.210070,0.177656,0.368293,0.332572,0.094214,0.669925,0.106533,0.096059,0.143259,0.119466,0.294465,0.280858,0.076495,0.136536,0.377160,0.303224,0.094124,0.149701,0.121733,0.426718,0.163956
4.5,0.34828938725346,0.36592621,1,0.056557,0.133635,0.293555,0.678741,0.093491,0.202265,0.570079,0.641196,0.125668,0.449678,0.069588,0.236027,0.222830,0.158637,0.249888,0.531171,0.359231,0.068983,0.231446,0.134521,0.141942,0.164860,0.051814,0.075642,0.189296,0.514666,0.260012,0.072223,0.129979,0.219965,0.231542,0.015149,0.137906,0.186219,0.263209,0.123436,0.134799,0.387903,0.138614,0.089676,0.128359,0.295431,0.083352,0.141477,0.105178,0.129170,0.184700,0.344319,0.273147,0.233568,0.191230,0.166755,0.065273,0.106193,0.175304,0.305837,0.109351,0.337774,0.246393,0.171098,0.306004,0.577355,0.143465,0.246403,0.207210,0.193255,0.190398,0.063571,0.504283,0.182534,0.124551,0.137756,0.178065,0.051354,0.105712,0.082437,0.088575,0.196325,0.468553,0.213642,0.179757,0.376503,0.338104,0.083552,0.673373,0.112433,0.098056,0.141150,0.119654,0.298752,0.287428,0.076841,0.131391,0.374314,0.299246,0.093270,0.155389,0.120574,0.425099,0.157668
4.6,0.357402592035654,0.363196671,1,0.061350,0.135909,0.288940,0.681062,0.096343,0.207362,0.578785,0.652038,0.126624,0.454664,0.070600,0.236663,0.229752,0.157099,0.256116,0.539157,0.362580,0.069203,0.245079,0.137350,0.146382,0.161823,0.063385,0.070858,0.184610,0.514591,0.254919,0.074734,0.126642,0.219863,0.231010,0.004402,0.135363,0.192358,0.258105,0.127071,0.137065,0.393594,0.136331,0.099532,0.121145,0.295140,0.079226,0.143773,0.105507,0.132615,0.184157,0.345858,0.274664,0.235419,0.194602,0.168735,0.065000,0.108557,0.177558,0.310175,0.108909,0.345689,0.245647,0.176116,0.306879,0.581563,0.144951,0.240877,0.208736,0.199338,0.187570,0.067656,0.508283,0.185724,0.122830,0.143326,0.180090,0.052759,0.104020,0.086113,0.082535,0.197572,0.473739,0.211119,0.180311,0.377107,0.344123,0.091923,0.679638,0.115965,0.100729,0.145435,0.123287,0.299051,0.294750,0.077968,0.136657,0.389391,0.302830,0.096001,0.152259,0.119450,0.424578,0.162990
4.7,0.366446164181163,0.360350233,1,0.060385,0.130840,0.293591,0.688188,0.106148,0.210638,0.580157,0.660153,0.123386,0.464216,0.071364,0.238948,0.236333,0.143617,0.257880,0.544203,0.370506,0.074097,0.238733,0.143426,0.154096,0.157117,0.057151,0.082432,0.184408,0.518298,0.257762,0.073857,0.135957,0.222914,0.233058,0.003297,0.140833,0.193066,0.266832,0.129822,0.133465,0.392926,0.151809,0.101983,0.121874,0.288377,0.076259,0.153589,0.107604,0.135552,0.185271,0.353916,0.283399,0.230182,0.193042,0.163215,0.071485,0.110374,0.175342,0.316555,0.110255,0.346528,0.246606,0.178971,0.307818,0.588330,0.147540,0.247265,0.210854,0.196714,0.193569,0.066618,0.509353,0.187054,0.123539,0.145194,0.182647,0.052198,0.106992,0.085212,0.082300,0.198210,0.479696,0.215009,0.174897,0.389183,0.350409,0.097026,0.684877,0.116775,0.099583,0.141386,0.123215,0.293919,0.296591,0.077096,0.133863,0.396629,0.300830,0.094726,0.152760,0.115973,0.433763,0.160512
4.8,0.375417300505525,0.357396737,1,0.060930,0.137704,0.289439,0.697402,0.102363,0.211555,0.592618,0.659490,0.131504,0.466590,0.071660,0.237990,0.232877,0.157257,0.263629,0.547306,0.376546,0.073736,0.253018,0.150505,0.160309,0.160856,0.062136,0.080796,0.189566,0.522141,0.267909,0.075963,0.136420,0.229947,0.234733,0.002552,0.143338,0.199049,0.274011,0.131612,0.137283,0.401551,0.142261,0.093088,0.131631,0.286622,0.085083,0.153035,0.107959,0.132752,0.186365,0.343538,0.283824,0.237844,0.183773,0.166411,0.071643,0.103297,0.181458,0.315042,0.111070,0.349560,0.247113,0.178803,0.309137,0.589636,0.152531,0.251994,0.212455,0.202609,0.193422,0.069840,0.512846,0.188888,0.126862,0.144505,0.189241,0.053181,0.112114,0.087713,0.087866,0.198641,0.485901,0.216133,0.182098,0.393077,0.356521,0.086410,0.694130,0.109720,0.105404,0.144785,0.121875,0.295968,0.287706,0.088972,0.138295,0.396038,0.300119,0.109196,0.152234,0.134461,0.429603,0.159359
4.9,0.384313437173795,0.354345474,1,0.059081,0.132212,0.293966,0.693363,0.107012,0.213046,0.598976,0.668033,0.122542,0.472467,0.073402,0.237854,0.236917,0.145278,0.263509,0.554495,0.381748,0.071546,0.249484,0.144717,0.160903,0.156078,0.067846,0.067465,0.186843,0.533269,0.277394,0.076361,0.127528,0.232730,0.235514,0.012929,0.136231,0.201249,0.263009,0.133802,0.142814,0.402669,0.159902,0.098347,0.122620,0.290059,0.080066,0.157131,0.108352,0.140141,0.185460,0.356477,0.288123,0.234623,0.185959,0.168296,0.069973,0.103314,0.179628,0.318528,0.110663,0.352878,0.247619,0.179611,0.309045,0.598301,0.152396,0.256781,0.212960,0.199186,0.193051,0.070973,0.519574,0.189224,0.125130,0.147431,0.190835,0.055674,0.115544,0.088886,0.087789,0.200939,0.488610,0.219406,0.174836,0.395072,0.361706,0.098820,0.698310,0.119731,0.104460,0.150135,0.124739,0.297581,0.292760,0.087300,0.140322,0.407130,0.303467,0.112380,0.149933,0.130770,0.435961,0.165883
5,0.393132236322772,0.351205216,1,0.063233,0.137340,0.293636,0.705286,0.109498,0.214233,0.597393,0.674212,0.134988,0.468458,0.076317,0.241025,0.224028,0.156304,0.268201,0.559470,0.384683,0.071452,0.252341,0.150878,0.155128,0.157103,0.061036,0.071765,0.189719,0.543926,0.272275,0.080247,0.134203,0.234543,0.238426,0.010450,0.139852,0.205758,0.273401,0.138336,0.141788,0.408998,0.148339,0.095729,0.129121,0.290639,0.090427,0.152261,0.108146,0.138139,0.186132,0.344469,0.292686,0.240725,0.186919,0.166522,0.073712,0.109751,0.179876,0.309763,0.115812,0.354735,0.251893,0.178579,0.309425,0.602556,0.155656,0.268502,0.215115,0.198924,0.192866,0.071733,0.522215,0.191158,0.130739,0.147057,0.192261,0.059996,0.113365,0.087274,0.090245,0.201202,0.497331,0.217993,0.173215,0.401564,0.366277,0.100412,0.702533,0.116448,0.105483,0.150542,0.124136,0.303360,0.303711,0.085092,0.136879,0.401108,0.297317,0.096606,0.159072,0.133162,0.434731,0.161729
5.1,0.401871573364237,0.34798424,1,0.060631,0.139037,0.300716,0.716891,0.104081,0.219747,0.606354,0.680047,0.127320,0.479084,0.076733,0.239520,0.228925,0.147730,0.265654,0.561957,0.393511,0.073967,0.259631,0.155077,0.162601,0.166687,0.065395,0.076558,0.178872,0.536968,0.275510,0.079284,0.126965,0.241049,0.240112,0.013395,0.143329,0.208618,0.274524,0.139452,0.146279,0.417763,0.160539,0.109766,0.125298,0.293556,0.082623,0.166069,0.109643,0.145361,0.187479,0.347292,0.297264,0.234061,0.186916,0.170630,0.074758,0.107919,0.181402,0.320760,0.116732,0.360854,0.249966,0.183437,0.310742,0.606694,0.159574,0.261163,0.217188,0.204414,0.191623,0.072842,0.527691,0.194586,0.128643,0.152678,0.193545,0.062047,0.115489,0.091930,0.091671,0.201815,0.502314,0.223033,0.172376,0.414592,0.370377,0.088721,0.707681,0.122541,0.110887,0.147462,0.126753,0.302769,0.307320,0.089711,0.144051,0.416098,0.296563,0.104873,0.160290,0.127389,0.449246,0.158900
5.2,0.410529524935495,0.344690353,1,0.062741,0.139447,0.290143,0.721905,0.115766,0.218255,0.612314,0.685528,0.127035,0.476219,0.076775,0.243146,0.226863,0.156102,0.271109,0.565316,0.396149,0.073289,0.257312,0.160846,0.163196,0.158091,0.066305,0.077005,0.178559,0.551353,0.269574,0.080497,0.130227,0.246682,0.240230,0.021277,0.149886,0.209654,0.277038,0.141062,0.135535,0.420162,0.162542,0.102669,0.124199,0.295366,0.090269,0.160832,0.111117,0.141106,0.188356,0.344038,0.300214,0.238098,0.190886,0.164936,0.075625,0.108904,0.187847,0.304517,0.117100,0.358703,0.256098,0.185538,0.310672,0.615721,0.158948,0.264558,0.220453,0.199783,0.193875,0.075697,0.529916,0.200525,0.130903,0.149785,0.188419,0.055759,0.118272,0.087612,0.090903,0.203188,0.507679,0.223967,0.172434,0.413160,0.375054,0.091047,0.713116,0.117066,0.108812,0.155128,0.126099,0.301957,0.297420,0.089396,0.147253,0.414690,0.300422,0.119141,0.157969,0.139774,0.449900,0.162902
5.3,0.419104357465162,0.34133092,1,0.067231,0.139711,0.300203,0.722337,0.120211,0.220294,0.617394,0.688833,0.121115,0.489214,0.078062,0.242761,0.228012,0.154481,0.270516,0.571966,0.402781,0.075137,0.266119,0.153151,0.162188,0.165305,0.060669,0.086904,0.189175,0.551348,0.282234,0.082253,0.138482,0.245113,0.240159,0.020724,0.143115,0.213110,0.279046,0.144195,0.145731,0.425500,0.166267,0.109825,0.125051,0.290091,0.090475,0.166062,0.111770,0.146301,0.187691,0.337790,0.303047,0.236328,0.192516,0.166638,0.073450,0.114840,0.191981,0.323647,0.117467,0.362231,0.253120,0.191215,0.311638,0.617670,0.162852,0.275261,0.221203,0.205301,0.194463,0.075853,0.536001,0.201086,0.134327,0.156601,0.192345,0.056061,0.120085,0.087304,0.095272,0.203985,0.509950,0.220467,0.179215,0.419737,0.378836,0.105056,0.719851,0.120133,0.113943,0.159384,0.126812,0.303778,0.313427,0.090618,0.143357,0.426582,0.304226,0.112668,0.160891,0.146162,0.451554,0.167859
5.4,0.42759451632373,0.337912881,1,0.065953,0.146097,0.304875,0.724187,0.116547,0.225305,0.622529,0.693750,0.124388,0.488191,0.081740,0.244504,0.241603,0.145177,0.273350,0.575312,0.407695,0.082113,0.267767,0.159186,0.172721,0.161424,0.068628,0.083792,0.176935,0.559172,0.283668,0.087484,0.131477,0.250746,0.240902,0.016116,0.151079,0.218496,0.281705,0.145046,0.149245,0.421855,0.171190,0.107343,0.133991,0.291715,0.092518,0.168574,0.112230,0.152434,0.189241,0.341494,0.307426,0.238899,0.190498,0.164099,0.086192,0.108227,0.193509,0.310232,0.121131,0.364879,0.257732,0.192734,0.311430,0.628339,0.164458,0.271934,0.221889,0.203541,0.197955,0.074511,0.539462,0.205865,0.133366,0.154875,0.197055,0.062865,0.121681,0.095238,0.099455,0.203152,0.516690,0.219811,0.178551,0.433916,0.382692,0.105259,0.723119,0.118778,0.113866,0.158114,0.127890,0.298437,0.310031,0.085337,0.150793,0.433822,0.301627,0.122713,0.154876,0.139032,0.451651,0.163674
5.5,0.435998615529917,0.334442775,1,0.066287,0.142698,0.300230,0.727021,0.115874,0.225495,0.629651,0.701258,0.130252,0.496642,0.080795,0.245207,0.234222,0.151788,0.281019,0.579233,0.415352,0.083444,0.278222,0.162901,0.171833,0.162034,0.075136,0.073611,0.177163,0.566601,0.288602,0.086943,0.137759,0.252317,0.241178,0.012148,0.149324,0.222188,0.292601,0.148858,0.149123,0.426926,0.164795,0.106148,0.131474,0.287409,0.092060,0.169696,0.114287,0.151818,0.189018,0.341680,0.308283,0.241904,0.193915,0.167554,0.078350,0.116321,0.191297,0.309131,0.121115,0.368797,0.254811,0.195509,0.312563,0.629393,0.164485,0.280322,0.223519,0.206711,0.197620,0.076496,0.540706,0.205739,0.136635,0.158311,0.203939,0.059418,0.123086,0.089069,0.091891,0.204637,0.522006,0.229136,0.172698,0.429271,0.387655,0.104860,0.730262,0.124676,0.114002,0.154975,0.126600,0.301302,0.311827,0.085332,0.152962,0.439272,0.304630,0.109925,0.161858,0.144010,0.455431,0.167483
5.6,0.444315427985239,0.330926763,1,0.067897,0.140577,0.306420,0.744292,0.112241,0.227848,0.638776,0.703829,0.131607,0.502005,0.083015,0.248296,0.232038,0.150827,0.283203,0.584666,0.419197,0.079060,0.282698,0.164088,0.182772,0.160358,0.070635,0.074625,0.185057,0.564449,0.281891,0.090958,0.135531,0.256113,0.245793,0.009264,0.153146,0.224499,0.286853,0.148843,0.143717,0.433958,0.166932,0.116859,0.129401,0.291573,0.099716,0.171600,0.115118,0.150373,0.192626,0.339114,0.310141,0.244895,0.190817,0.162821,0.077485,0.120760,0.191188,0.317698,0.123163,0.366409,0.259269,0.193767,0.313675,0.639069,0.169037,0.287839,0.224655,0.204587,0.199524,0.076388,0.541985,0.210107,0.137967,0.160520,0.204923,0.058774,0.124985,0.093740,0.095606,0.205068,0.526613,0.226174,0.172985,0.438196,0.394708,0.114175,0.734268,0.126042,0.119865,0.156689,0.128848,0.303082,0.306521,0.091796,0.152254,0.445302,0.303531,0.114036,0.155604,0.152054,0.460812,0.166381
5.7,0.452543876210605,0.327370644,1,0.069698,0.141819,0.299901,0.737773,0.124972,0.231529,0.643173,0.707846,0.131213,0.498800,0.083544,0.249226,0.236888,0.157474,0.282105,0.588785,0.425077,0.084302,0.286022,0.174962,0.184167,0.165262,0.073652,0.075750,0.191710,0.575926,0.287976,0.091209,0.137305,0.259685,0.244510,0.018436,0.150496,0.228007,0.296373,0.155642,0.148626,0.439360,0.179458,0.107519,0.136402,0.291364,0.100881,0.179186,0.115628,0.154458,0.191968,0.336789,0.315333,0.248031,0.201057,0.165929,0.081956,0.117023,0.195338,0.328609,0.121999,0.369443,0.260633,0.194929,0.314415,0.639671,0.169139,0.284817,0.227052,0.204541,0.193520,0.080345,0.547901,0.210049,0.142181,0.164228,0.194334,0.065666,0.131809,0.091415,0.104042,0.207190,0.531946,0.230540,0.171961,0.441467,0.396979,0.114405,0.741222,0.127761,0.120683,0.158868,0.127798,0.297554,0.321679,0.086475,0.154689,0.448364,0.302645,0.110095,0.157361,0.146662,0.462351,0.166786
5.8,0.460683023559995,0.323779876,1,0.070153,0.146349,0.308500,0.753936,0.116094,0.230782,0.646744,0.713790,0.129072,0.508647,0.085681,0.247370,0.239466,0.148767,0.280119,0.589519,0.430703,0.084090,0.291239,0.174189,0.179420,0.159865,0.077809,0.085203,0.191495,0.575640,0.280239,0.089675,0.141148,0.266818,0.245562,0.015065,0.159158,0.229106,0.295454,0.155987,0.148870,0.444723,0.180014,0.107869,0.129548,0.290510,0.101368,0.179500,0.115940,0.161059,0.192155,0.333418,0.318388,0.247294,0.193662,0.166273,0.087020,0.117132,0.194148,0.324571,0.124811,0.375377,0.261893,0.202641,0.313915,0.644193,0.170661,0.298558,0.227934,0.206608,0.196543,0.083613,0.548268,0.213109,0.140103,0.164485,0.204105,0.062483,0.128477,0.092589,0.104364,0.207680,0.535000,0.226090,0.183033,0.457023,0.403144,0.098694,0.744197,0.132119,0.122281,0.159087,0.128766,0.303619,0.320278,0.095050,0.151011,0.447345,0.298490,0.109855,0.159661,0.154312,0.458476,0.166813
5.9,0.468732065887539,0.320159593,1,0.067727,0.148675,0.301296,0.751605,0.127507,0.234544,0.650767,0.714915,0.125959,0.506894,0.087830,0.251410,0.245750,0.155400,0.288053,0.596274,0.433874,0.081883,0.299251,0.177884,0.189652,0.161523,0.070171,0.091304,0.189448,0.574497,0.293605,0.091740,0.147188,0.270351,0.245709,0.009181,0.154736,0.232404,0.297943,0.156948,0.136567,0.447320,0.169046,0.111030,0.134751,0.294398,0.097988,0.182882,0.117022,0.160725,0.192474,0.331967,0.317630,0.253062,0.201462,0.168865,0.093783,0.120350,0.197521,0.320446,0.124714,0.372605,0.264880,0.204246,0.314739,0.652191,0.176839,0.295218,0.231559,0.209166,0.199129,0.081684,0.550849,0.217082,0.143597,0.167093,0.204465,0.066341,0.130758,0.102262,0.107502,0.207103,0.540518,0.231280,0.171896,0.460962,0.405622,0.103582,0.746522,0.126017,0.125810,0.167767,0.128376,0.294578,0.323796,0.098449,0.161926,0.460869,0.296942,0.113289,0.155708,0.142409,0.467197,0.167890
6,0.476690323645443,0.316514619,1,0.067414,0.149341,0.309116,0.752225,0.125408,0.234421,0.654647,0.721597,0.132840,0.515976,0.089638,0.253312,0.246915,0.145650,0.291100,0.596521,0.437932,0.087593,0.302731,0.170717,0.183136,0.165566,0.070243,0.081227,0.181718,0.584549,0.277995,0.094436,0.137757,0.272348,0.249579,0.024758,0.165183,0.236265,0.309775,0.160297,0.149151,0.453923,0.172015,0.119634,0.130776,0.294065,0.097363,0.183163,0.117948,0.165121,0.194367,0.327119,0.321185,0.250534,0.197867,0.167147,0.092671,0.123455,0.203978,0.322718,0.128463,0.376445,0.264837,0.203968,0.314778,0.653506,0.179127,0.299403,0.233492,0.206494,0.197973,0.087126,0.552359,0.221163,0.146308,0.166632,0.201298,0.063239,0.137814,0.097022,0.103948,0.208691,0.544881,0.232734,0.177062,0.456677,0.410090,0.115945,0.751776,0.135336,0.125100,0.172525,0.127451,0.297924,0.310762,0.091840,0.158746,0.462677,0.304383,0.129819,0.156948,0.154389,0.462769,0.161854
6.1,0.484557234391355,0.31284949,1,0.070000,0.153456,0.302657,0.753185,0.134696,0.237885,0.659305,0.721697,0.129185,0.509807,0.090241,0.251321,0.244724,0.155063,0.290298,0.604274,0.444178,0.086258,0.293161,0.171760,0.181902,0.164871,0.075890,0.087327,0.181418,0.590168,0.283057,0.094720,0.137917,0.278292,0.250101,0.013926,0.168269,0.238248,0.307352,0.161331,0.142610,0.457063,0.184103,0.124192,0.142437,0.294106,0.100059,0.189535,0.119374,0.164857,0.193268,0.338740,0.328605,0.255635,0.196243,0.163492,0.089719,0.127612,0.201919,0.326707,0.129194,0.376060,0.265215,0.203373,0.315344,0.661177,0.177401,0.304346,0.233083,0.205909,0.200911,0.086454,0.557445,0.220521,0.150664,0.166984,0.208909,0.064882,0.137126,0.102227,0.101146,0.208861,0.549198,0.231284,0.182118,0.467943,0.413007,0.113097,0.753286,0.135982,0.126391,0.172832,0.130953,0.303282,0.317942,0.096688,0.164301,0.461868,0.301064,0.132851,0.163225,0.149495,0.473605,0.168358
6.2,0.492332345684766,0.309168463,1,0.070601,0.153005,0.309048,0.759161,0.130122,0.240181,0.661458,0.722044,0.134177,0.520495,0.091701,0.255002,0.249020,0.157979,0.292341,0.603941,0.450248,0.082933,0.296931,0.176613,0.188902,0.161173,0.075640,0.090948,0.182324,0.590664,0.291207,0.097836,0.148674,0.281833,0.248088,0.026733,0.165210,0.241829,0.308493,0.163098,0.148843,0.460568,0.183638,0.112128,0.142976,0.286776,0.107547,0.185388,0.120153,0.166916,0.194831,0.335803,0.326417,0.252546,0.198323,0.162591,0.090811,0.128687,0.203465,0.324504,0.129562,0.379459,0.264796,0.205158,0.315143,0.661539,0.179880,0.313542,0.235579,0.206898,0.198078,0.088547,0.555655,0.226210,0.147668,0.169582,0.202742,0.068920,0.140700,0.096128,0.110610,0.210093,0.551302,0.237220,0.170297,0.475342,0.419709,0.110992,0.759431,0.133825,0.126621,0.168752,0.130054,0.303091,0.325881,0.090401,0.166659,0.468676,0.296085,0.129819,0.153566,0.163275,0.475040,0.162721
6.3,0.500015308353096,0.305475534,1,0.071156,0.150879,0.302757,0.775261,0.133726,0.239741,0.669962,0.726341,0.138762,0.523287,0.092341,0.254887,0.251034,0.152315,0.290311,0.610894,0.454034,0.086802,0.313475,0.189611,0.190181,0.166248,0.071377,0.096306,0.179673,0.592791,0.292543,0.097000,0.137471,0.280297,0.251997,0.030256,0.164970,0.245708,0.303925,0.163628,0.142235,0.463883,0.193703,0.121248,0.143081,0.285839,0.105356,0.197833,0.121650,0.171892,0.195459,0.327236,0.329246,0.254012,0.195546,0.162792,0.096333,0.130608,0.202723,0.335368,0.133607,0.385230,0.265998,0.213642,0.316807,0.663908,0.182884,0.309221,0.236029,0.213528,0.201112,0.086436,0.559378,0.225829,0.153842,0.170472,0.215486,0.071092,0.140830,0.099425,0.114475,0.210480,0.557328,0.234522,0.179487,0.473152,0.423697,0.119898,0.765178,0.132778,0.132445,0.178324,0.132134,0.300641,0.318331,0.093105,0.167185,0.480293,0.302630,0.132533,0.161947,0.166612,0.476323,0.167296
6.4,0.507605870109024,0.301774452,1,0.076465,0.155588,0.303515,0.768240,0.125547,0.244555,0.675892,0.731984,0.130440,0.527441,0.093387,0.254488,0.254938,0.151859,0.291174,0.612310,0.457212,0.089957,0.304817,0.179557,0.190568,0.160720,0.076449,0.096694,0.184944,0.601058,0.281523,0.102695,0.143121,0.288332,0.251368,0.019216,0.173218,0.249734,0.306928,0.167550,0.145622,0.462118,0.195404,0.114921,0.134811,0.287602,0.102857,0.201089,0.120992,0.171943,0.197325,0.326053,0.332916,0.258623,0.194824,0.163605,0.096160,0.124450,0.206566,0.327321,0.132653,0.384515,0.269901,0.211124,0.316348,0.674346,0.187124,0.315844,0.239166,0.214887,0.199603,0.088007,0.564969,0.227612,0.156399,0.176195,0.209344,0.070674,0.140258,0.100138,0.110658,0.210626,0.558984,0.234554,0.180595,0.483026,0.425695,0.115837,0.767062,0.137705,0.133328,0.183034,0.132356,0.297460,0.319705,0.094169,0.171027,0.487181,0.299397,0.137999,0.163921,0.156476,0.473921,0.163779
6.5,0.515103869501557,0.298068728,1,0.076976,0.154249,0.303283,0.777569,0.126990,0.241722,0.681815,0.732650,0.133995,0.531250,0.094607,0.258882,0.244727,0.158772,0.299516,0.616042,0.462387,0.089086,0.307473,0.187425,0.198941,0.158154,0.082837,0.087384,0.190885,0.598841,0.284487,0.096494,0.147667,0.291063,0.254842,0.020628,0.176273,0.253234,0.312509,0.170156,0.151640,0.467876,0.202469,0.123011,0.141889,0.290682,0.105659,0.199439,0.122938,0.174686,0.197522,0.313839,0.339263,0.262060,0.198681,0.165226,0.098352,0.126074,0.209871,0.337165,0.132889,0.385370,0.267388,0.212834,0.317798,0.674088,0.188508,0.319033,0.238296,0.212088,0.201769,0.092756,0.566062,0.232509,0.153530,0.174446,0.213139,0.072275,0.144279,0.100337,0.114961,0.211737,0.565283,0.244611,0.171195,0.485200,0.431474,0.110435,0.767981,0.140476,0.134042,0.183472,0.130311,0.300130,0.327045,0.099692,0.168305,0.480487,0.299164,0.122360,0.161654,0.168178,0.474031,0.167687
6.6,0.52250923018417,0.294361653,1,0.074515,0.152537,0.315847,0.781023,0.142877,0.247254,0.685839,0.735888,0.133371,0.530638,0.095526,0.259302,0.251894,0.151484,0.296082,0.615975,0.465946,0.087815,0.326737,0.181780,0.194556,0.163635,0.085939,0.087231,0.184531,0.604188,0.277158,0.103765,0.145999,0.293890,0.256735,0.029058,0.172518,0.255237,0.307928,0.169570,0.140501,0.472145,0.195342,0.125492,0.140982,0.288460,0.110173,0.203970,0.123564,0.175936,0.197290,0.321125,0.341413,0.262246,0.197988,0.164912,0.096386,0.123666,0.213059,0.321895,0.134522,0.383600,0.269377,0.220041,0.316981,0.681020,0.189704,0.319505,0.240076,0.215696,0.205248,0.089879,0.564186,0.235772,0.157854,0.177919,0.213307,0.070523,0.145796,0.102222,0.111222,0.212088,0.567757,0.242181,0.175772,0.490354,0.433700,0.127153,0.775265,0.143164,0.138368,0.185660,0.134997,0.303424,0.327219,0.099688,0.171534,0.493577,0.296756,0.130821,0.160930,0.174382,0.482328,0.169840
6.7,0.529821955484182,0.290656304,1,0.077493,0.152799,0.312043,0.776225,0.146436,0.248915,0.686581,0.740694,0.135520,0.533350,0.098296,0.259912,0.258538,0.152917,0.297468,0.622226,0.472135,0.093974,0.316636,0.185824,0.198271,0.159426,0.083808,0.093113,0.186126,0.601541,0.278475,0.100669,0.154684,0.296800,0.253342,0.030314,0.176586,0.257164,0.320941,0.173669,0.147232,0.478030,0.200412,0.132620,0.138961,0.286195,0.107823,0.208658,0.124659,0.180025,0.200172,0.320629,0.345208,0.260888,0.195184,0.164985,0.093851,0.126933,0.210471,0.328213,0.136627,0.386687,0.272946,0.217428,0.317819,0.683640,0.192490,0.333068,0.241663,0.214921,0.201393,0.094064,0.568421,0.236515,0.155763,0.183200,0.212085,0.070124,0.148436,0.108309,0.112040,0.214535,0.572239,0.244615,0.173863,0.493530,0.439910,0.130261,0.773853,0.141924,0.135396,0.176080,0.134915,0.299439,0.338610,0.102509,0.168318,0.502416,0.301167,0.132039,0.162890,0.172377,0.484181,0.163818
6.8,0.53704212325832,0.28695556,1,0.076865,0.160865,0.309144,0.788362,0.143513,0.247155,0.686313,0.747891,0.132060,0.529296,0.099699,0.259948,0.260421,0.150341,0.302319,0.625928,0.474534,0.093779,0.331312,0.191602,0.201917,0.158818,0.083474,0.091913,0.192216,0.605055,0.290105,0.105374,0.146104,0.298934,0.257061,0.029864,0.180199,0.260414,0.318593,0.174204,0.137761,0.476635,0.203286,0.122878,0.143268,0.288272,0.113651,0.210011,0.124454,0.181337,0.200978,0.311126,0.343560,0.263082,0.195742,0.165437,0.102971,0.138989,0.212690,0.324780,0.140107,0.389948,0.272899,0.219456,0.318319,0.684572,0.193065,0.336789,0.245531,0.218643,0.207058,0.092650,0.571250,0.243152,0.163779,0.182232,0.210444,0.074176,0.148691,0.104889,0.120677,0.215148,0.576453,0.241167,0.175044,0.505594,0.441867,0.114517,0.776468,0.145809,0.142047,0.188570,0.133971,0.303152,0.327972,0.107318,0.171858,0.505266,0.294412,0.133666,0.162239,0.175973,0.480728,0.166572
6.9,0.544169881020138,0.28326211,1,0.080930,0.155238,0.303342,0.790878,0.147019,0.250551,0.691870,0.752400,0.134029,0.537339,0.099007,0.260568,0.252366,0.156095,0.306275,0.628686,0.481622,0.096281,0.332975,0.191726,0.209685,0.163620,0.088983,0.096842,0.190916,0.614266,0.287670,0.106813,0.143397,0.299294,0.259701,0.017282,0.182554,0.264256,0.322047,0.178612,0.138866,0.476027,0.194903,0.132497,0.141876,0.290002,0.112738,0.208814,0.126102,0.185186,0.200406,0.318669,0.348460,0.264101,0.196788,0.160868,0.098214,0.136675,0.219119,0.324479,0.142230,0.387547,0.275212,0.224458,0.317307,0.692761,0.194115,0.338767,0.245087,0.218267,0.207533,0.094472,0.573246,0.242531,0.164380,0.185416,0.212505,0.076533,0.153453,0.108662,0.114385,0.213865,0.580287,0.249561,0.173430,0.507177,0.444600,0.133732,0.782892,0.145560,0.143596,0.188693,0.134950,0.299284,0.327540,0.105994,0.179431,0.503700,0.296527,0.144456,0.156137,0.180693,0.489280,0.165015
7,0.551205441325685,0.279578463,1,0.079138,0.158043,0.303914,0.793898,0.142791,0.249943,0.697923,0.752789,0.141475,0.537471,0.102521,0.263716,0.246483,0.156918,0.306493,0.628800,0.484068,0.094815,0.335404,0.200527,0.212258,0.159732,0.089900,0.091354,0.191092,0.610916,0.289090,0.107238,0.145223,0.307361,0.258316,0.035361,0.192365,0.265043,0.318704,0.180218,0.147568,0.478368,0.206707,0.137251,0.139857,0.284079,0.115063,0.206149,0.126421,0.184960,0.201149,0.313653,0.349626,0.268770,0.200923,0.162762,0.104089,0.130946,0.219016,0.328729,0.142562,0.389573,0.276872,0.227094,0.319071,0.699045,0.197223,0.342804,0.247235,0.216921,0.204837,0.096412,0.573173,0.248360,0.163615,0.187389,0.218769,0.077135,0.158027,0.105647,0.114089,0.215065,0.580827,0.251200,0.180517,0.516818,0.448541,0.127509,0.784534,0.154425,0.142017,0.192634,0.133827,0.303396,0.339213,0.100250,0.178982,0.515473,0.293792,0.146241,0.162636,0.178526,0.477198,0.161785
7.1,0.558149077404479,0.275906959,1,0.078929,0.162153,0.310438,0.790469,0.152047,0.252312,0.699844,0.751173,0.140354,0.542765,0.103350,0.263405,0.253595,0.153290,0.302999,0.633149,0.487275,0.097580,0.340630,0.199763,0.215021,0.158156,0.081258,0.109654,0.190832,0.612661,0.279349,0.104147,0.143992,0.306646,0.259426,0.032395,0.193572,0.268837,0.321445,0.183407,0.138174,0.484446,0.213645,0.134496,0.148712,0.287621,0.110542,0.215536,0.127772,0.190193,0.202368,0.313227,0.351831,0.269038,0.197634,0.163851,0.099548,0.137415,0.219481,0.342045,0.145518,0.395587,0.279614,0.222824,0.319186,0.698597,0.199780,0.344531,0.249921,0.221303,0.208594,0.100074,0.573184,0.249847,0.167082,0.191227,0.221690,0.074032,0.155924,0.110704,0.118213,0.217121,0.586229,0.248990,0.178086,0.515079,0.453554,0.125415,0.790241,0.156172,0.147068,0.190425,0.133316,0.296912,0.336537,0.104648,0.180559,0.512918,0.297118,0.147485,0.159764,0.168308,0.484565,0.169003
7.2,0.565001119023486,0.272249776,1,0.079785,0.161374,0.316375,0.800704,0.143337,0.254896,0.704044,0.753128,0.144214,0.542376,0.104071,0.266454,0.248327,0.149954,0.309235,0.632379,0.494038,0.096350,0.342150,0.198378,0.216225,0.161081,0.085292,0.101332,0.184743,0.617949,0.278781,0.110908,0.145730,0.308742,0.259622,0.030709,0.195323,0.273395,0.322902,0.183942,0.145268,0.489850,0.212559,0.129500,0.148381,0.284144,0.119322,0.214613,0.129616,0.191068,0.201212,0.307324,0.351297,0.269032,0.194104,0.159423,0.110078,0.142745,0.225984,0.331579,0.145295,0.393261,0.279810,0.227151,0.319522,0.702374,0.199216,0.344414,0.249519,0.223245,0.204959,0.097105,0.576134,0.255058,0.165960,0.192083,0.223072,0.074587,0.158414,0.114947,0.121912,0.217884,0.589026,0.248776,0.180178,0.515526,0.455034,0.121673,0.789984,0.151488,0.144881,0.187683,0.136895,0.297016,0.328839,0.108598,0.181787,0.520625,0.295381,0.133042,0.165116,0.169795,0.483448,0.164481
7.3,0.571761948572393,0.268608941,1,0.082652,0.163441,0.310701,0.808044,0.153368,0.256884,0.707289,0.761519,0.144037,0.548993,0.104043,0.265722,0.256602,0.149629,0.306212,0.636053,0.497509,0.095286,0.350920,0.208438,0.221505,0.160937,0.093536,0.101632,0.182109,0.621318,0.276406,0.107142,0.154038,0.316076,0.259379,0.027633,0.194992,0.275949,0.337487,0.184785,0.137379,0.489872,0.206474,0.135858,0.142615,0.287429,0.113724,0.220876,0.129446,0.195743,0.201899,0.296945,0.358986,0.264001,0.198642,0.165545,0.111090,0.135735,0.220697,0.339434,0.148297,0.398335,0.280811,0.232918,0.319399,0.704697,0.200417,0.344359,0.253206,0.222877,0.206304,0.099187,0.582315,0.255278,0.171549,0.196832,0.218648,0.081588,0.160346,0.110517,0.117406,0.218021,0.591761,0.258478,0.173190,0.529920,0.460322,0.131744,0.790372,0.151676,0.149056,0.188960,0.137800,0.292690,0.332592,0.099615,0.185977,0.526331,0.291985,0.140986,0.159995,0.179654,0.493579,0.168213
7.4,0.57843199735906,0.264986336,1,0.081835,0.161129,0.307203,0.801866,0.143147,0.258222,0.711642,0.759298,0.138273,0.544916,0.107176,0.265931,0.252769,0.142636,0.306566,0.640362,0.502547,0.102615,0.352256,0.197129,0.215927,0.163397,0.084736,0.112023,0.182879,0.626602,0.278513,0.112135,0.146313,0.317885,0.262567,0.036687,0.195616,0.277484,0.326558,0.185817,0.150554,0.499281,0.211858,0.134173,0.151859,0.291606,0.116564,0.222810,0.129984,0.202180,0.203347,0.305682,0.361357,0.267841,0.196585,0.163514,0.109229,0.135584,0.229710,0.337409,0.149699,0.396299,0.281354,0.234801,0.318916,0.705413,0.204435,0.352187,0.253888,0.222688,0.212271,0.099634,0.579262,0.258079,0.174466,0.193880,0.225627,0.080869,0.159832,0.115274,0.127545,0.217902,0.597352,0.250661,0.179462,0.532935,0.464508,0.128156,0.795412,0.159865,0.153522,0.189757,0.138041,0.293748,0.336252,0.110431,0.185781,0.529918,0.300137,0.135972,0.158405,0.173362,0.490171,0.170564
7.5,0.585011742104578,0.261383709,1,0.084760,0.163809,0.306610,0.813955,0.153526,0.256796,0.716102,0.764413,0.135017,0.553143,0.108131,0.269763,0.267715,0.147736,0.310711,0.641358,0.506798,0.103817,0.358985,0.201391,0.220852,0.158491,0.096599,0.104612,0.177519,0.621815,0.271223,0.110354,0.156177,0.319520,0.264854,0.034172,0.199048,0.281371,0.331471,0.189087,0.143282,0.501590,0.217086,0.148007,0.150562,0.288057,0.118532,0.221951,0.131429,0.201321,0.203246,0.291618,0.360025,0.267424,0.208052,0.160934,0.108399,0.147451,0.229690,0.341065,0.148723,0.395977,0.282688,0.232691,0.318854,0.714723,0.204326,0.359001,0.254922,0.220147,0.211256,0.100120,0.580823,0.263764,0.171140,0.197963,0.221779,0.075876,0.163252,0.117257,0.126283,0.218445,0.599182,0.258135,0.173782,0.529550,0.466825,0.128397,0.799833,0.153049,0.156031,0.200743,0.137725,0.293624,0.339273,0.104093,0.192704,0.539585,0.297338,0.147308,0.164556,0.190654,0.491554,0.168665
7.6,0.591501701627874,0.257802676,1,0.087641,0.163159,0.322375,0.802530,0.153048,0.258735,0.714120,0.765252,0.137389,0.559025,0.107751,0.271478,0.251222,0.149657,0.308322,0.644963,0.510244,0.100020,0.351837,0.203785,0.223980,0.156877,0.097461,0.113762,0.184197,0.623377,0.278173,0.111105,0.148165,0.322938,0.263714,0.039704,0.194780,0.282084,0.330842,0.190852,0.136830,0.503100,0.212307,0.146232,0.147572,0.283949,0.125360,0.227192,0.133799,0.205155,0.204959,0.288388,0.362524,0.275127,0.199030,0.159837,0.110157,0.140616,0.230663,0.347642,0.152826,0.396545,0.280416,0.235125,0.319802,0.713598,0.207866,0.358161,0.254614,0.225596,0.213189,0.105066,0.584815,0.262727,0.177089,0.199689,0.223969,0.082796,0.163438,0.112190,0.123257,0.219592,0.600673,0.258395,0.172035,0.537611,0.468986,0.141922,0.801312,0.158529,0.157387,0.189673,0.136205,0.294169,0.343065,0.113746,0.186164,0.536765,0.294397,0.145823,0.155254,0.179486,0.498984,0.168983
7.7,0.597902433710309,0.254244734,1,0.085644,0.165892,0.316250,0.818222,0.159069,0.259235,0.719469,0.768250,0.144293,0.560785,0.109542,0.270581,0.266104,0.145200,0.309659,0.645224,0.513182,0.107267,0.364923,0.205676,0.219093,0.164826,0.090078,0.114137,0.180618,0.632944,0.271221,0.110777,0.147478,0.326624,0.265585,0.039974,0.208484,0.284530,0.333851,0.194088,0.147549,0.505486,0.225096,0.150242,0.154552,0.290311,0.123768,0.230985,0.133269,0.206122,0.206619,0.299253,0.365498,0.276973,0.199652,0.159657,0.112921,0.140007,0.229388,0.348886,0.155173,0.399026,0.280816,0.234463,0.319265,0.718679,0.208641,0.369349,0.258210,0.222587,0.214187,0.102567,0.584227,0.270050,0.181202,0.205073,0.231583,0.085294,0.168246,0.114088,0.130315,0.220909,0.605058,0.262251,0.167566,0.547867,0.475055,0.131418,0.801602,0.166921,0.161539,0.197766,0.137294,0.294207,0.345366,0.114503,0.191283,0.547313,0.290688,0.147573,0.155594,0.183245,0.498866,0.162889
7.8,0.60421453213118,0.250711264,1,0.085571,0.165622,0.318633,0.808235,0.161709,0.262331,0.721358,0.771738,0.135455,0.560260,0.111652,0.271102,0.269072,0.153089,0.315538,0.646052,0.515900,0.101983,0.364697,0.211241,0.229588,0.161942,0.090737,0.100110,0.180839,0.631251,0.258445,0.111726,0.164022,0.331119,0.263658,0.031055,0.203047,0.288467,0.338929,0.197832,0.139167,0.508075,0.232482,0.153015,0.152803,0.285160,0.125047,0.234833,0.134114,0.213301,0.206407,0.285632,0.367871,0.279424,0.206631,0.159779,0.117764,0.145264,0.231994,0.339576,0.153693,0.399287,0.284202,0.237107,0.318675,0.718163,0.213040,0.369675,0.257456,0.222468,0.214120,0.104664,0.589125,0.269925,0.178007,0.207689,0.226151,0.085027,0.170345,0.119707,0.128335,0.220049,0.606223,0.262723,0.172118,0.541200,0.477984,0.133750,0.805668,0.167270,0.158863,0.201867,0.137400,0.298209,0.339081,0.106386,0.194875,0.547824,0.290767,0.150779,0.164837,0.190701,0.500069,0.167380
7.9,0.610438623865494,0.247203536,1,0.091272,0.165723,0.314775,0.824485,0.162633,0.260730,0.728631,0.774316,0.143550,0.560150,0.113191,0.273316,0.263821,0.143458,0.317683,0.648282,0.519662,0.109645,0.360886,0.214701,0.230080,0.156658,0.100318,0.110406,0.178642,0.639992,0.264960,0.114026,0.160697,0.332309,0.267772,0.036379,0.201853,0.292172,0.336085,0.199640,0.136468,0.504693,0.221216,0.148966,0.149445,0.290495,0.129169,0.233052,0.136339,0.210166,0.207351,0.285570,0.371636,0.280757,0.199966,0.160982,0.112293,0.144898,0.236923,0.347076,0.156288,0.401449,0.287667,0.240208,0.319594,0.721243,0.213366,0.375914,0.261213,0.224853,0.213208,0.110066,0.586648,0.275798,0.182690,0.208008,0.230248,0.087298,0.170177,0.116896,0.131807,0.221887,0.611051,0.265448,0.177976,0.549897,0.478475,0.138827,0.806400,0.161735,0.161428,0.202875,0.139577,0.298775,0.355135,0.107485,0.192706,0.548395,0.295338,0.149716,0.155530,0.198020,0.502740,0.162048
8,0.616575366435796,0.24372272,1,0.089360,0.167027,0.323129,0.823997,0.162118,0.265809,0.732353,0.775427,0.145470,0.556416,0.113607,0.274543,0.255877,0.149173,0.317953,0.649409,0.525761,0.107271,0.376875,0.211020,0.236324,0.163594,0.091671,0.119723,0.187462,0.634343,0.264117,0.117784,0.161305,0.332399,0.266058,0.031846,0.216167,0.294188,0.349461,0.201046,0.136480,0.510021,0.232151,0.146905,0.150137,0.289421,0.128419,0.235698,0.135840,0.215238,0.206525,0.277297,0.371955,0.283238,0.204744,0.159384,0.110220,0.144383,0.235001,0.344515,0.157695,0.400072,0.287885,0.245563,0.320406,0.723394,0.215624,0.366856,0.261897,0.221270,0.210596,0.110790,0.590403,0.277092,0.184429,0.207471,0.237391,0.085530,0.171650,0.117246,0.126295,0.221124,0.612086,0.267092,0.174691,0.557982,0.482246,0.132942,0.811265,0.166898,0.165165,0.207778,0.138171,0.293652,0.345105,0.116946,0.196787,0.553045,0.294543,0.155358,0.157383,0.191509,0.496966,0.162269
8.1,0.62262544541025,0.240269887,1,0.087872,0.171341,0.324773,0.818192,0.163977,0.262656,0.729231,0.774663,0.139522,0.562232,0.116085,0.277410,0.260008,0.151243,0.321139,0.651213,0.527881,0.112059,0.381950,0.216569,0.238391,0.163155,0.096336,0.108868,0.177363,0.642987,0.257702,0.117002,0.161364,0.338928,0.268079,0.033977,0.211496,0.297081,0.342979,0.202010,0.151397,0.516167,0.237666,0.151545,0.158992,0.289417,0.126476,0.240057,0.138026,0.220180,0.208048,0.277744,0.371916,0.282678,0.209458,0.156149,0.122168,0.155831,0.239498,0.338463,0.159572,0.403500,0.287687,0.243418,0.319263,0.729252,0.215112,0.375420,0.264387,0.225673,0.217281,0.108080,0.587769,0.279138,0.185857,0.210161,0.238239,0.088245,0.176030,0.118104,0.137523,0.222243,0.614803,0.263726,0.174590,0.560368,0.485024,0.152687,0.808863,0.164509,0.171621,0.202721,0.139457,0.290681,0.345967,0.113471,0.197142,0.552436,0.294566,0.157566,0.155296,0.197379,0.502355,0.168534
8.2,0.628589572039557,0.236846018,1,0.088648,0.175326,0.316481,0.819535,0.157450,0.265413,0.739822,0.779981,0.138868,0.568142,0.115134,0.275473,0.269428,0.149084,0.321233,0.656166,0.531008,0.111608,0.375330,0.219827,0.240856,0.161922,0.094347,0.111439,0.180486,0.647062,0.261682,0.123594,0.153157,0.339818,0.268430,0.048936,0.215807,0.297694,0.349879,0.202321,0.148310,0.515002,0.229495,0.149598,0.151148,0.286318,0.125174,0.241904,0.138045,0.222275,0.210255,0.270913,0.372732,0.280667,0.206301,0.159542,0.121433,0.147842,0.245308,0.340111,0.160596,0.404109,0.289287,0.243641,0.320486,0.727162,0.218497,0.377220,0.263364,0.228716,0.216227,0.110628,0.594130,0.282809,0.186381,0.214258,0.232273,0.087212,0.179177,0.129051,0.135833,0.223280,0.617461,0.273243,0.174448,0.564852,0.488489,0.144827,0.809947,0.177816,0.167247,0.210123,0.142492,0.292287,0.346860,0.116403,0.200636,0.553219,0.289714,0.164060,0.156961,0.194768,0.496677,0.163726
8.3,0.634468481025642,0.233452007,1,0.090070,0.173119,0.325298,0.827433,0.168619,0.266239,0.737447,0.779734,0.142112,0.562476,0.118337,0.279916,0.265239,0.144635,0.317051,0.658137,0.534985,0.112822,0.386226,0.214168,0.236970,0.157091,0.100477,0.116880,0.179495,0.641431,0.248181,0.125542,0.155392,0.344267,0.270412,0.043116,0.217528,0.301708,0.352194,0.203745,0.144883,0.515971,0.233360,0.162422,0.162127,0.281225,0.133411,0.244920,0.138419,0.223000,0.211317,0.275267,0.379451,0.281995,0.203320,0.157408,0.124050,0.154878,0.246324,0.349516,0.164406,0.402872,0.290957,0.248813,0.318662,0.735072,0.220191,0.377619,0.266588,0.225513,0.213488,0.112717,0.590697,0.287626,0.191481,0.214998,0.240628,0.085415,0.182733,0.124134,0.137572,0.224188,0.620861,0.265678,0.177107,0.565159,0.491065,0.144689,0.813047,0.171106,0.169472,0.198831,0.139839,0.293619,0.345198,0.113354,0.208865,0.560179,0.290174,0.158526,0.156090,0.206802,0.499602,0.167642
8.4,0.640262928415432,0.230088664,1,0.094240,0.173819,0.311110,0.830235,0.161070,0.267598,0.739255,0.782501,0.145066,0.566359,0.117821,0.279120,0.265957,0.146882,0.320309,0.658781,0.540782,0.108516,0.384103,0.214837,0.244886,0.157539,0.107004,0.126114,0.187953,0.649817,0.242703,0.122685,0.168392,0.346279,0.271331,0.044231,0.226095,0.305533,0.346562,0.207699,0.139242,0.519523,0.243805,0.158421,0.154466,0.287922,0.133838,0.245916,0.140944,0.229825,0.210468,0.272310,0.376099,0.284474,0.204271,0.156288,0.116906,0.158514,0.243118,0.341536,0.166691,0.405763,0.289868,0.252501,0.320583,0.730604,0.222699,0.382481,0.267581,0.229145,0.213486,0.114943,0.594190,0.288899,0.189136,0.215367,0.244845,0.087786,0.184047,0.122953,0.135368,0.223912,0.623386,0.267585,0.173256,0.566028,0.496297,0.149743,0.816950,0.170004,0.178701,0.209686,0.141415,0.288431,0.344252,0.113100,0.202656,0.568315,0.286626,0.164435,0.156426,0.194228,0.501639,0.164683
8.5,0.64597368961332,0.226756724,1,0.096290,0.171605,0.315546,0.822865,0.171754,0.270781,0.746510,0.786536,0.138278,0.569631,0.119286,0.280017,0.273349,0.154812,0.323566,0.659860,0.544314,0.114950,0.394968,0.222777,0.241785,0.159179,0.105334,0.122001,0.187727,0.646002,0.241508,0.125133,0.162918,0.350290,0.270777,0.042749,0.222446,0.307862,0.346182,0.207130,0.142409,0.517321,0.237488,0.165626,0.162788,0.284592,0.130757,0.245173,0.142113,0.232116,0.211352,0.259772,0.377181,0.282826,0.203257,0.160254,0.122159,0.155914,0.244633,0.351958,0.167583,0.403907,0.291088,0.253957,0.319548,0.731670,0.223136,0.394331,0.268019,0.229284,0.218734,0.113515,0.594083,0.291710,0.191557,0.218771,0.245848,0.088735,0.183523,0.127675,0.141445,0.224866,0.626767,0.269493,0.168596,0.571927,0.498393,0.153656,0.815041,0.179436,0.180906,0.212747,0.141177,0.290841,0.356668,0.115548,0.204124,0.566329,0.293674,0.156862,0.161076,0.207140,0.499091,0.162668
8.6,0.651601557506288,0.22345685,1,0.095131,0.173223,0.316386,0.838505,0.169112,0.269727,0.750652,0.787390,0.138934,0.574365,0.119983,0.280150,0.277189,0.146874,0.325124,0.661772,0.544891,0.113193,0.393920,0.220550,0.245147,0.161503,0.108880,0.112530,0.185692,0.643429,0.238737,0.130071,0.165028,0.353524,0.272191,0.050999,0.233472,0.309874,0.356606,0.213061,0.149977,0.525873,0.244413,0.171984,0.161842,0.287414,0.136827,0.245151,0.142173,0.231932,0.213251,0.251251,0.382185,0.284097,0.200706,0.158529,0.125559,0.157448,0.252664,0.355001,0.168384,0.405878,0.294948,0.251215,0.319115,0.736065,0.224764,0.398420,0.269198,0.227240,0.218676,0.113397,0.593571,0.295574,0.197131,0.222761,0.243808,0.093159,0.187408,0.132227,0.140735,0.226141,0.630471,0.270986,0.167167,0.579434,0.501890,0.158262,0.820183,0.184178,0.176787,0.202275,0.144344,0.297030,0.347067,0.112195,0.210076,0.578599,0.291101,0.155245,0.165039,0.207257,0.494693,0.169555
8.7,0.657147340695917,0.220189634,1,0.094047,0.176011,0.313252,0.834912,0.182978,0.271282,0.752911,0.788978,0.140996,0.573636,0.123119,0.283767,0.276462,0.140696,0.326499,0.662311,0.551314,0.116637,0.399623,0.218877,0.244386,0.161547,0.103250,0.121402,0.186917,0.653334,0.231394,0.124322,0.166944,0.354986,0.269546,0.040724,0.231291,0.313051,0.360986,0.213562,0.135893,0.527093,0.253473,0.170290,0.159514,0.283205,0.136229,0.249282,0.143407,0.238289,0.211276,0.265560,0.386391,0.284265,0.211342,0.156867,0.118341,0.161683,0.253071,0.340670,0.168301,0.407893,0.293075,0.255956,0.319315,0.740932,0.226405,0.391781,0.269533,0.233517,0.216170,0.114748,0.594154,0.297934,0.199112,0.226162,0.247877,0.091558,0.189102,0.129321,0.143676,0.225317,0.629664,0.279567,0.171997,0.586725,0.503053,0.147178,0.820273,0.184490,0.184515,0.216911,0.142265,0.289764,0.357849,0.123184,0.214317,0.571646,0.292983,0.166769,0.155806,0.200936,0.498552,0.169662
8.8,0.662611861831809,0.216955604,1,0.097041,0.178637,0.320478,0.838275,0.168153,0.270398,0.747302,0.785319,0.146897,0.571838,0.122719,0.284584,0.274922,0.139937,0.324962,0.663049,0.554153,0.119633,0.396417,0.227711,0.240545,0.153426,0.098799,0.129182,0.183420,0.650095,0.228499,0.132433,0.169638,0.359646,0.273326,0.055290,0.237183,0.314648,0.358851,0.216001,0.145869,0.524875,0.252962,0.166391,0.155733,0.279643,0.135411,0.249818,0.143866,0.239881,0.214686,0.243520,0.384064,0.294789,0.197838,0.151762,0.121143,0.157144,0.253825,0.351424,0.173524,0.406476,0.293813,0.253048,0.318449,0.739004,0.230086,0.402123,0.273258,0.234624,0.216859,0.114957,0.600187,0.302523,0.202739,0.226628,0.252560,0.095792,0.186859,0.134959,0.140443,0.225769,0.635013,0.281999,0.169473,0.581110,0.507108,0.145829,0.820807,0.187226,0.184445,0.214136,0.141101,0.288256,0.364739,0.112818,0.216916,0.578816,0.286106,0.165895,0.155584,0.217717,0.504628,0.165285
8.9,0.667995956041235,0.21375523,1,0.101827,0.176543,0.314875,0.834626,0.183617,0.272747,0.756957,0.789536,0.140569,0.574893,0.125302,0.287202,0.275578,0.153194,0.328487,0.665619,0.557982,0.118942,0.408869,0.230191,0.252850,0.154901,0.106816,0.125648,0.185131,0.659610,0.236365,0.126248,0.157094,0.362011,0.274148,0.045889,0.232720,0.316349,0.365660,0.218121,0.140832,0.529803,0.260153,0.169149,0.162621,0.284185,0.136097,0.258278,0.144543,0.242121,0.213308,0.242613,0.385612,0.290885,0.206653,0.157070,0.132600,0.160548,0.253360,0.351744,0.174185,0.410959,0.296883,0.253920,0.318984,0.743000,0.228400,0.404843,0.272652,0.226827,0.222276,0.120559,0.601237,0.305099,0.201388,0.230562,0.246779,0.090944,0.194261,0.132424,0.145320,0.226798,0.636760,0.276298,0.169049,0.588403,0.510199,0.162032,0.821997,0.184752,0.188704,0.215568,0.143345,0.292616,0.360846,0.119558,0.217031,0.589040,0.288105,0.162066,0.163116,0.210456,0.510645,0.163641
9,0.673300469450049,0.21058892,1,0.100110,0.180060,0.320775,0.835430,0.182946,0.276131,0.754549,0.791282,0.144233,0.576746,0.125029,0.285161,0.276267,0.151694,0.327200,0.669395,0.562614,0.119503,0.409509,0.230477,0.253619,0.160318,0.104003,0.118608,0.173181,0.660135,0.221672,0.126293,0.159471,0.364685,0.275299,0.043918,0.235599,0.319988,0.359975,0.216107,0.138325,0.534253,0.255865,0.165748,0.162741,0.283552,0.144195,0.255344,0.145429,0.246676,0.213860,0.240750,0.390247,0.292206,0.211866,0.152358,0.122212,0.160250,0.255139,0.348550,0.176238,0.410068,0.297482,0.256421,0.319617,0.749328,0.230753,0.397821,0.275630,0.230352,0.219615,0.117337,0.599316,0.310923,0.207910,0.231228,0.251770,0.096633,0.191572,0.136139,0.146761,0.227623,0.637315,0.280427,0.174449,0.593390,0.510514,0.150835,0.824398,0.185031,0.191778,0.219174,0.143189,0.294736,0.363986,0.124468,0.217741,0.591715,0.285295,0.161984,0.160660,0.206365,0.500402,0.161986
9.1,0.678526257790191,0.207457032,1,0.103870,0.183579,0.327295,0.846065,0.186948,0.272564,0.756586,0.795701,0.138383,0.581199,0.126619,0.286036,0.274125,0.145649,0.324627,0.667884,0.562506,0.122925,0.408156,0.229427,0.252849,0.160489,0.113373,0.127373,0.179404,0.660491,0.222652,0.133581,0.161950,0.367101,0.273835,0.057654,0.236849,0.322389,0.360670,0.217408,0.139217,0.537143,0.256060,0.171557,0.165984,0.284281,0.144051,0.259772,0.147686,0.252599,0.215698,0.240780,0.391348,0.289334,0.203140,0.155971,0.133664,0.170190,0.259260,0.354388,0.175397,0.413256,0.296898,0.262578,0.318662,0.748023,0.231227,0.412469,0.276367,0.230226,0.220074,0.119601,0.599231,0.313605,0.205440,0.233236,0.247625,0.100919,0.194409,0.131746,0.138193,0.226940,0.640564,0.284136,0.173971,0.592384,0.516122,0.160876,0.828318,0.193739,0.195064,0.215531,0.144109,0.286759,0.356483,0.118978,0.217075,0.589089,0.285356,0.171661,0.156534,0.206302,0.505059,0.160745
9.2,0.683674185089295,0.204359871,1,0.104312,0.182015,0.319196,0.841279,0.190453,0.275897,0.760710,0.796240,0.140783,0.583301,0.126642,0.289583,0.279278,0.141192,0.328432,0.671958,0.569066,0.119307,0.407365,0.238481,0.255408,0.151569,0.103652,0.134288,0.181271,0.656311,0.210498,0.135265,0.161785,0.368579,0.276005,0.048319,0.248079,0.323409,0.370336,0.221903,0.143642,0.531702,0.262946,0.175100,0.162914,0.279434,0.144345,0.264228,0.147630,0.255998,0.215444,0.242225,0.392950,0.296594,0.210859,0.149462,0.127738,0.170551,0.263428,0.345351,0.176956,0.414107,0.297444,0.257096,0.317582,0.748838,0.235772,0.413765,0.277262,0.234152,0.218132,0.121567,0.601568,0.318296,0.209005,0.236701,0.256152,0.095688,0.199265,0.136078,0.140383,0.229316,0.640646,0.284655,0.169653,0.599867,0.517648,0.157528,0.829040,0.193474,0.193538,0.210595,0.145457,0.286682,0.356315,0.117492,0.226104,0.602415,0.282631,0.173569,0.156012,0.211095,0.505373,0.159763
9.3,0.688745122438175,0.201297695,1,0.100314,0.178749,0.322991,0.843599,0.178319,0.273941,0.764719,0.799835,0.139448,0.581357,0.127915,0.288133,0.280610,0.136368,0.326546,0.672229,0.570171,0.120961,0.417161,0.233332,0.255326,0.152794,0.108972,0.123157,0.175506,0.664599,0.219564,0.131366,0.172152,0.369564,0.277479,0.049516,0.251204,0.327050,0.371057,0.224026,0.138737,0.533225,0.253183,0.170145,0.163370,0.279997,0.144216,0.262706,0.148306,0.254384,0.218315,0.224630,0.390239,0.295305,0.211595,0.152927,0.132536,0.168723,0.267528,0.343172,0.180094,0.411434,0.296637,0.262795,0.318213,0.750553,0.236035,0.410018,0.277144,0.233736,0.219246,0.122733,0.598771,0.319511,0.212354,0.236531,0.253481,0.099307,0.199134,0.135744,0.145797,0.229263,0.644957,0.289587,0.171816,0.604967,0.519380,0.152616,0.828597,0.188957,0.193572,0.220358,0.145712,0.289352,0.365804,0.118194,0.222057,0.593460,0.283770,0.177161,0.159730,0.216030,0.503578,0.165084
9.4,0.693739946832148,0.198270717,1,0.105701,0.182696,0.315803,0.848864,0.179841,0.275722,0.761329,0.793747,0.145379,0.579356,0.130034,0.289646,0.282538,0.136405,0.326423,0.673493,0.575064,0.124784,0.414455,0.230295,0.254341,0.150515,0.117080,0.134365,0.178337,0.655948,0.215997,0.138694,0.174011,0.373286,0.276954,0.057291,0.242230,0.329880,0.366753,0.225731,0.146191,0.536663,0.254808,0.175299,0.162288,0.281299,0.148792,0.265084,0.150778,0.262139,0.217665,0.229497,0.394935,0.296188,0.204123,0.153403,0.126881,0.169976,0.267871,0.350178,0.181488,0.414699,0.299136,0.265611,0.317162,0.756686,0.237541,0.416231,0.277740,0.234431,0.226394,0.125641,0.599913,0.321036,0.214407,0.242632,0.252095,0.096259,0.202879,0.139119,0.145695,0.228709,0.646393,0.290459,0.168150,0.609559,0.523034,0.166814,0.829774,0.190052,0.198271,0.214579,0.145734,0.288493,0.362406,0.128885,0.228841,0.605646,0.287681,0.170937,0.163342,0.221230,0.510853,0.161225
9.5,0.698659540082376,0.195279107,1,0.106592,0.184946,0.318845,0.841871,0.182449,0.279930,0.770418,0.800566,0.139251,0.582893,0.132152,0.293823,0.288908,0.135369,0.332955,0.672808,0.578569,0.127904,0.427642,0.236330,0.254462,0.154091,0.104597,0.137390,0.178666,0.660350,0.213529,0.133170,0.176232,0.374359,0.278473,0.050923,0.246559,0.331426,0.370086,0.224596,0.149628,0.545810,0.271162,0.188107,0.169970,0.278344,0.142888,0.274207,0.151381,0.265515,0.218429,0.222347,0.396473,0.295174,0.202617,0.151030,0.131865,0.166880,0.266256,0.344730,0.181735,0.411997,0.298762,0.262272,0.317607,0.755407,0.239258,0.419180,0.279679,0.235651,0.224415,0.125890,0.606038,0.327962,0.217904,0.246325,0.259081,0.102394,0.204783,0.137100,0.143352,0.229241,0.648745,0.291443,0.173552,0.616628,0.522973,0.162075,0.833079,0.198105,0.204699,0.224284,0.144479,0.285799,0.358650,0.124148,0.227316,0.599242,0.280505,0.168825,0.154457,0.216841,0.505103,0.162569
9.6,0.703504787793567,0.192322998,1,0.106852,0.184436,0.318211,0.847403,0.184887,0.280822,0.765678,0.797399,0.148525,0.586150,0.131778,0.293377,0.284904,0.135976,0.328756,0.676934,0.578302,0.128734,0.430911,0.235824,0.261474,0.150819,0.105985,0.138343,0.177560,0.662650,0.207076,0.138807,0.168168,0.379791,0.278433,0.053727,0.260344,0.333449,0.374542,0.225186,0.143284,0.542611,0.265193,0.184062,0.167749,0.275336,0.148818,0.276968,0.151019,0.266841,0.218847,0.230786,0.395361,0.304262,0.199622,0.146734,0.133064,0.174097,0.268766,0.346420,0.184443,0.417686,0.300915,0.266632,0.316645,0.755782,0.239005,0.427911,0.279729,0.235323,0.226206,0.124218,0.604693,0.327807,0.214746,0.248320,0.260815,0.106827,0.204353,0.145727,0.148295,0.229386,0.649014,0.293372,0.161180,0.613760,0.527808,0.159474,0.836422,0.196689,0.207083,0.226541,0.145506,0.291955,0.364689,0.127195,0.234505,0.608477,0.283147,0.180987,0.163619,0.225235,0.503687,0.165654
9.7,0.708276578404601,0.189402482,1,0.106363,0.189853,0.321885,0.849562,0.192347,0.278902,0.775302,0.803944,0.151665,0.587212,0.133083,0.293373,0.275986,0.141062,0.333985,0.678390,0.584969,0.125136,0.430079,0.246638,0.267861,0.156380,0.116124,0.131559,0.174961,0.669303,0.190448,0.134971,0.170437,0.377845,0.277143,0.064311,0.255776,0.336196,0.362578,0.229394,0.136784,0.544773,0.271133,0.184488,0.173649,0.281590,0.153246,0.270785,0.153793,0.271233,0.220206,0.223964,0.401291,0.305879,0.209199,0.148238,0.138178,0.179995,0.269546,0.348630,0.185198,0.417733,0.303148,0.264539,0.317227,0.755086,0.241481,0.419955,0.281029,0.240771,0.221972,0.124798,0.603957,0.332626,0.221668,0.246212,0.263872,0.107286,0.206956,0.147450,0.146402,0.231797,0.653275,0.293503,0.171885,0.623088,0.529606,0.155512,0.833692,0.204996,0.206819,0.218066,0.145117,0.283284,0.354314,0.128381,0.237364,0.609685,0.284248,0.183780,0.162957,0.227775,0.503220,0.163765
9.8,0.712975802288776,0.186517621,1,0.109758,0.187984,0.324338,0.848919,0.199013,0.279093,0.772328,0.805003,0.139870,0.593420,0.134811,0.295289,0.291636,0.134718,0.328586,0.678121,0.584768,0.127047,0.421943,0.244688,0.261604,0.155843,0.119836,0.139317,0.176891,0.671799,0.188548,0.141026,0.175372,0.383164,0.279254,0.063383,0.265092,0.337491,0.365336,0.231213,0.140683,0.543801,0.278727,0.194261,0.170261,0.276515,0.148212,0.283901,0.154527,0.271494,0.221597,0.220198,0.400022,0.306074,0.199708,0.147843,0.137243,0.172589,0.273851,0.353824,0.191287,0.412805,0.298893,0.264697,0.315372,0.760876,0.241253,0.424071,0.281855,0.236125,0.222388,0.130432,0.605504,0.338180,0.225128,0.253109,0.268088,0.109165,0.206626,0.140138,0.153886,0.230968,0.655354,0.293265,0.163490,0.618464,0.533109,0.164394,0.835839,0.201626,0.210260,0.219551,0.146037,0.282638,0.359959,0.134074,0.236766,0.617408,0.278939,0.181097,0.157094,0.224720,0.506423,0.163319
9.9,0.71760335091056,0.18366844,1,0.107721,0.191000,0.328038,0.847082,0.191242,0.281870,0.777674,0.802719,0.148850,0.589046,0.135751,0.298752,0.297231,0.144170,0.335355,0.679389,0.587254,0.132383,0.440252,0.242391,0.269813,0.150893,0.122672,0.133869,0.171017,0.662493,0.186939,0.143406,0.176573,0.386703,0.277778,0.066391,0.269087,0.341688,0.367708,0.230762,0.146763,0.551816,0.267312,0.195587,0.170741,0.274698,0.146689,0.284679,0.155941,0.274186,0.220483,0.212763,0.398650,0.302580,0.207314,0.149654,0.133543,0.179552,0.272310,0.362907,0.190866,0.414914,0.302487,0.270102,0.316845,0.763373,0.242732,0.425425,0.285246,0.235010,0.225580,0.130270,0.607954,0.340444,0.221388,0.254709,0.270079,0.110249,0.210625,0.145095,0.149798,0.231060,0.656880,0.301637,0.172089,0.621779,0.533444,0.167516,0.838202,0.201597,0.211921,0.217307,0.148904,0.289647,0.362358,0.133314,0.242478,0.621876,0.278710,0.189635,0.154934,0.221733,0.512223,0.162173
10,0.72216011603588,0.180854935,1,0.110820,0.190003,0.325756,0.859788,0.195151,0.282830,0.774378,0.802016,0.140877,0.586857,0.136592,0.298771,0.296296,0.141999,0.333546,0.679481,0.594009,0.130760,0.428590,0.243154,0.273992,0.145121,0.121803,0.135360,0.172410,0.674796,0.188467,0.140349,0.173548,0.389444,0.278816,0.062824,0.270525,0.342442,0.377443,0.234446,0.136245,0.550015,0.283367,0.193107,0.168067,0.273604,0.156921,0.284396,0.156866,0.278403,0.221490,0.211474,0.404856,0.308712,0.205469,0.144726,0.134513,0.185517,0.279132,0.363971,0.193014,0.419575,0.301234,0.266585,0.316204,0.766907,0.244843,0.438306,0.286024,0.235322,0.227302,0.130292,0.608851,0.345728,0.229769,0.257595,0.262638,0.111012,0.213302,0.145447,0.153557,0.232779,0.656876,0.300015,0.166425,0.630738,0.538197,0.161582,0.838195,0.211849,0.211902,0.223299,0.148153,0.287094,0.371024,0.127745,0.238120,0.623819,0.274529,0.180143,0.153626,0.223748,0.513219,0.164936
10.1,0.726646988993139,0.178077075,1,0.112094,0.197794,0.326826,0.852359,0.196409,0.281846,0.777481,0.806337,0.141121,0.588190,0.138527,0.300747,0.282773,0.135890,0.329459,0.679917,0.595591,0.136424,0.431535,0.244409,0.265433,0.147231,0.111619,0.145917,0.173920,0.665775,0.186909,0.144876,0.170443,0.390561,0.277193,0.062361,0.274449,0.345438,0.366171,0.237334,0.145765,0.554670,0.286555,0.204113,0.170783,0.275602,0.158683,0.290061,0.156535,0.281583,0.223201,0.202917,0.402070,0.303876,0.201920,0.150532,0.136006,0.177879,0.282985,0.349572,0.196006,0.415663,0.301650,0.271076,0.314106,0.768386,0.247138,0.435789,0.287720,0.234775,0.225419,0.133323,0.607217,0.347924,0.228583,0.254628,0.271860,0.105200,0.209910,0.144821,0.147454,0.232427,0.660181,0.301546,0.165114,0.634998,0.538933,0.172860,0.839597,0.210250,0.215651,0.223013,0.146777,0.280556,0.372039,0.136024,0.239809,0.627323,0.279279,0.190618,0.159877,0.227748,0.511894,0.164868
10.2,0.731064859982265,0.1753348,1,0.116269,0.194393,0.324976,0.864207,0.198641,0.282408,0.781286,0.807937,0.141617,0.591117,0.138009,0.301316,0.290388,0.135350,0.330093,0.684365,0.598252,0.131127,0.447418,0.245603,0.268284,0.150529,0.117534,0.139285,0.169509,0.664104,0.172079,0.142814,0.178419,0.392569,0.280674,0.072303,0.267170,0.346739,0.375972,0.239548,0.145330,0.547570,0.280058,0.202194,0.176746,0.270542,0.153322,0.282935,0.158337,0.287209,0.224452,0.208108,0.407518,0.305077,0.201429,0.145866,0.140420,0.179226,0.282786,0.350357,0.196118,0.418833,0.304056,0.274007,0.314062,0.769808,0.247948,0.438711,0.288069,0.237905,0.230980,0.135342,0.609099,0.351972,0.228276,0.263341,0.265339,0.113238,0.217574,0.151413,0.147872,0.232237,0.660748,0.305692,0.169781,0.633353,0.542768,0.164349,0.841362,0.215683,0.221506,0.222983,0.145929,0.285399,0.367417,0.129332,0.242969,0.624987,0.279031,0.186825,0.159618,0.239256,0.508875,0.162496
10.3,0.73541461742927,0.172628027,1,0.116970,0.193516,0.325995,0.855102,0.203042,0.284210,0.778766,0.806131,0.141142,0.595071,0.140310,0.302407,0.299392,0.131721,0.331943,0.684163,0.602646,0.133158,0.451275,0.241158,0.279011,0.149816,0.116321,0.148531,0.180684,0.671572,0.171417,0.144769,0.172258,0.392365,0.278590,0.070667,0.273584,0.349531,0.378435,0.237171,0.133732,0.556757,0.292541,0.199786,0.177732,0.278315,0.159306,0.296090,0.159198,0.292532,0.224854,0.196223,0.407841,0.314258,0.207323,0.142061,0.145865,0.187120,0.281673,0.352438,0.196395,0.420504,0.302977,0.275091,0.313561,0.769660,0.247589,0.445651,0.287540,0.240938,0.228471,0.134629,0.610405,0.353246,0.232108,0.265719,0.266930,0.108692,0.214912,0.146363,0.153143,0.234074,0.662513,0.307624,0.168560,0.632657,0.543218,0.173233,0.840570,0.211153,0.224996,0.231602,0.149758,0.286475,0.375777,0.130347,0.249583,0.624193,0.274222,0.176804,0.152555,0.238274,0.513013,0.157994
10.4,0.739697147383891,0.169956648,1,0.114460,0.195702,0.326940,0.857063,0.212029,0.284345,0.780610,0.808840,0.151023,0.594779,0.140110,0.301767,0.292660,0.138566,0.335473,0.682922,0.604067,0.134506,0.448857,0.250505,0.276838,0.146585,0.123774,0.145332,0.172053,0.669827,0.171441,0.150191,0.175526,0.395681,0.282506,0.077410,0.280725,0.350677,0.372436,0.240563,0.139705,0.556837,0.283748,0.206157,0.174438,0.276375,0.161045,0.294573,0.159373,0.292512,0.223877,0.185812,0.408661,0.314108,0.203411,0.145158,0.144643,0.191637,0.286353,0.357232,0.201119,0.421029,0.303184,0.273275,0.314680,0.769447,0.250009,0.449123,0.289629,0.240129,0.231833,0.137282,0.608951,0.355480,0.237715,0.267474,0.276697,0.113332,0.220992,0.154628,0.160009,0.234514,0.666165,0.310010,0.162480,0.644700,0.544983,0.178445,0.841333,0.217684,0.223929,0.223911,0.149103,0.285603,0.358316,0.136507,0.250057,0.634998,0.272557,0.186644,0.153849,0.237686,0.518549,0.159260
10.5,0.743913332958023,0.167320535,1,0.117068,0.195353,0.327644,0.863912,0.200493,0.283099,0.787807,0.810949,0.151135,0.590341,0.141820,0.306311,0.286000,0.131100,0.337111,0.683570,0.605943,0.141364,0.455566,0.257833,0.275080,0.152196,0.116363,0.149277,0.171659,0.669844,0.170702,0.147903,0.184872,0.397644,0.279319,0.067322,0.273827,0.354997,0.372420,0.240421,0.140753,0.560355,0.279671,0.199753,0.171380,0.276552,0.163508,0.295348,0.160924,0.297346,0.224472,0.197968,0.411416,0.312315,0.202824,0.145824,0.144998,0.184476,0.291249,0.363066,0.201501,0.421612,0.305122,0.276509,0.313968,0.768916,0.253370,0.453000,0.290301,0.241984,0.230896,0.134075,0.609270,0.363113,0.237154,0.270439,0.277505,0.111662,0.216899,0.150974,0.159691,0.233557,0.666681,0.304563,0.165692,0.640955,0.546239,0.175660,0.844255,0.222483,0.224837,0.236000,0.147316,0.285399,0.361997,0.133048,0.251458,0.638666,0.275092,0.196922,0.152871,0.243950,0.508099,0.163383
10.6,0.748064053802757,0.164719539,1,0.116316,0.195729,0.316473,0.861037,0.210038,0.283369,0.788597,0.807435,0.143459,0.594753,0.143332,0.307036,0.289938,0.140143,0.336029,0.687599,0.607183,0.137188,0.451393,0.251019,0.283772,0.148433,0.126634,0.149395,0.165593,0.675038,0.152600,0.148724,0.185546,0.401546,0.282411,0.075225,0.281898,0.354949,0.375761,0.243617,0.138823,0.561525,0.281507,0.206631,0.175977,0.275132,0.164238,0.298895,0.162262,0.298549,0.226404,0.181665,0.407173,0.311074,0.209594,0.142252,0.144522,0.188621,0.287451,0.352504,0.204482,0.422129,0.307916,0.276962,0.311755,0.773634,0.254995,0.456105,0.292225,0.239722,0.231619,0.139263,0.609561,0.366143,0.242503,0.270083,0.277795,0.115550,0.219752,0.158201,0.158116,0.233944,0.669432,0.308038,0.159583,0.643382,0.550642,0.167160,0.844902,0.222039,0.230909,0.229135,0.149383,0.277710,0.361358,0.133296,0.255890,0.638519,0.271339,0.185498,0.155440,0.248965,0.515951,0.162871
10.7,0.75215018562197,0.162153492,1,0.121924,0.201880,0.320677,0.855528,0.214501,0.283937,0.790279,0.812546,0.150359,0.595083,0.144762,0.305034,0.300491,0.131025,0.335798,0.685549,0.610743,0.140985,0.451853,0.257359,0.277866,0.143199,0.125800,0.159830,0.164123,0.671284,0.148942,0.152938,0.183203,0.402782,0.283223,0.079888,0.283850,0.358689,0.375085,0.243384,0.144797,0.560192,0.293933,0.205823,0.178533,0.267768,0.160636,0.303756,0.163262,0.302018,0.228440,0.184089,0.411431,0.316787,0.209719,0.143014,0.148249,0.198556,0.294320,0.364297,0.204436,0.418856,0.305555,0.272606,0.311015,0.775458,0.255140,0.447710,0.291007,0.242098,0.231945,0.135695,0.610319,0.367207,0.242925,0.272090,0.274474,0.117434,0.224634,0.160871,0.162152,0.235660,0.668281,0.312036,0.162405,0.649369,0.551074,0.182028,0.844714,0.217121,0.233443,0.233280,0.147203,0.280415,0.361098,0.131036,0.253819,0.646159,0.272289,0.182736,0.153610,0.238020,0.520373,0.160505
10.8,0.756172599720482,0.15962221,1,0.122865,0.198903,0.329011,0.858671,0.212785,0.288591,0.792740,0.809062,0.139776,0.593921,0.144900,0.309457,0.304026,0.130440,0.333879,0.688944,0.614437,0.144274,0.461522,0.256500,0.274938,0.140197,0.125198,0.147710,0.164820,0.681618,0.154896,0.152592,0.181246,0.403291,0.280657,0.078238,0.290904,0.361110,0.374286,0.245700,0.143418,0.564252,0.300447,0.206753,0.176375,0.268071,0.163495,0.305080,0.163533,0.307200,0.227552,0.185898,0.415279,0.318170,0.204471,0.139250,0.147754,0.200336,0.292383,0.355672,0.206278,0.416172,0.308466,0.272290,0.312309,0.775416,0.253713,0.460759,0.291877,0.242436,0.236484,0.141675,0.612451,0.371381,0.247635,0.272989,0.276290,0.117536,0.222256,0.159049,0.163962,0.235545,0.669708,0.308412,0.165269,0.652310,0.552394,0.181692,0.845250,0.229187,0.234410,0.234848,0.149359,0.281323,0.371677,0.135002,0.256738,0.637721,0.273999,0.197826,0.150047,0.250531,0.520845,0.158254
10.9,0.760132162584927,0.15712549,1,0.120622,0.204412,0.331738,0.857720,0.217938,0.289412,0.793757,0.811912,0.139158,0.596553,0.145988,0.309130,0.307278,0.133513,0.340547,0.686399,0.617899,0.144944,0.462025,0.253026,0.283151,0.144889,0.118972,0.161226,0.171401,0.682881,0.154158,0.152673,0.189652,0.406120,0.280497,0.074676,0.288075,0.363834,0.389257,0.244943,0.145948,0.565437,0.298057,0.205403,0.179950,0.270448,0.164377,0.298170,0.165415,0.310214,0.229950,0.177348,0.414765,0.323348,0.211234,0.144661,0.147351,0.198353,0.298021,0.361799,0.209960,0.417807,0.306817,0.278088,0.310304,0.778210,0.256512,0.459471,0.292350,0.242308,0.237097,0.140886,0.611557,0.377270,0.245281,0.279718,0.287163,0.117168,0.225175,0.155337,0.157513,0.234899,0.671377,0.309890,0.156389,0.655383,0.556578,0.181863,0.845906,0.220963,0.239963,0.237436,0.150922,0.282763,0.368289,0.136317,0.258698,0.648338,0.264926,0.201167,0.152727,0.245356,0.511679,0.163471
11,0.764029735495555,0.154663117,1,0.123876,0.207688,0.322090,0.863857,0.217859,0.285995,0.792363,0.816994,0.153367,0.600982,0.146832,0.312452,0.294544,0.127402,0.339271,0.688521,0.621602,0.141167,0.467013,0.253363,0.278081,0.138443,0.126425,0.151946,0.171575,0.675734,0.143406,0.151022,0.182129,0.412989,0.282394,0.089753,0.288340,0.366089,0.390595,0.250692,0.144399,0.562851,0.294574,0.210594,0.181139,0.266595,0.161071,0.309143,0.166712,0.318350,0.227676,0.179493,0.412057,0.318392,0.206986,0.137294,0.151431,0.193058,0.298721,0.356352,0.210575,0.416358,0.308814,0.279261,0.310949,0.778098,0.257130,0.455609,0.294387,0.245187,0.232577,0.142519,0.614363,0.380353,0.248577,0.278878,0.283569,0.116122,0.230363,0.155727,0.155700,0.235616,0.672076,0.319772,0.158467,0.658585,0.558385,0.178239,0.845767,0.231688,0.244317,0.237073,0.149860,0.279933,0.371500,0.137273,0.260935,0.647403,0.263284,0.188755,0.157825,0.241397,0.511752,0.157612
11.1,0.767866174167295,0.152234862,1,0.124904,0.206192,0.319215,0.859826,0.207986,0.287362,0.790472,0.810383,0.145919,0.603106,0.148763,0.311975,0.300918,0.140726,0.338858,0.690137,0.622953,0.143674,0.467104,0.258661,0.283588,0.144930,0.130879,0.154379,0.166224,0.675384,0.137100,0.150556,0.179962,0.410791,0.282306,0.085333,0.300962,0.365879,0.390806,0.252616,0.133120,0.565419,0.295634,0.217274,0.181856,0.271261,0.161965,0.311913,0.166956,0.320049,0.230068,0.157407,0.413734,0.326572,0.204310,0.138398,0.157964,0.196844,0.304407,0.364481,0.214737,0.418599,0.311543,0.277669,0.310090,0.778220,0.260234,0.466544,0.294549,0.240179,0.233127,0.139699,0.613102,0.382761,0.253464,0.284426,0.283885,0.118672,0.228733,0.161342,0.163297,0.237371,0.676293,0.321032,0.156088,0.661865,0.559952,0.181133,0.848961,0.228070,0.244851,0.230828,0.149163,0.272129,0.361206,0.143411,0.264743,0.648875,0.267098,0.199732,0.152708,0.250403,0.510314,0.161012
11.2,0.771642328418462,0.149840482,1,0.123371,0.202275,0.318549,0.859252,0.214527,0.289144,0.793201,0.818273,0.138091,0.596910,0.148712,0.314210,0.299845,0.129846,0.342056,0.689543,0.624370,0.145145,0.473722,0.254059,0.286825,0.141563,0.125739,0.151586,0.176368,0.682059,0.131741,0.156282,0.183809,0.416327,0.282180,0.094590,0.303593,0.368269,0.392161,0.253294,0.138857,0.564588,0.301591,0.226055,0.179515,0.264198,0.166449,0.303612,0.168735,0.321767,0.231635,0.164481,0.418791,0.327828,0.206607,0.141915,0.158020,0.200917,0.304527,0.360845,0.216136,0.422646,0.307746,0.273801,0.309715,0.783292,0.258913,0.459159,0.296314,0.243497,0.238679,0.142479,0.609164,0.385402,0.250897,0.285416,0.287787,0.119993,0.230794,0.159774,0.155870,0.235775,0.677041,0.317261,0.165972,0.666114,0.562683,0.177423,0.848471,0.232443,0.245100,0.231056,0.150203,0.273515,0.366793,0.141820,0.267045,0.647421,0.269505,0.191994,0.153914,0.250479,0.515171,0.159645
11.3,0.775359041865614,0.147479722,1,0.128257,0.209010,0.327220,0.874362,0.219124,0.290512,0.796297,0.817125,0.151837,0.599759,0.150149,0.313093,0.302543,0.134269,0.341899,0.692992,0.628180,0.148268,0.472790,0.261544,0.284883,0.142227,0.128211,0.164337,0.172284,0.681383,0.133295,0.157634,0.180177,0.414881,0.281123,0.080790,0.298731,0.370996,0.379778,0.251716,0.143866,0.563571,0.311847,0.228689,0.181358,0.271941,0.164984,0.316302,0.169388,0.325534,0.232735,0.150698,0.417714,0.325087,0.201025,0.137291,0.151765,0.203577,0.304307,0.359289,0.218900,0.419050,0.310227,0.280016,0.307924,0.778769,0.261367,0.467213,0.295681,0.246459,0.234579,0.144009,0.611773,0.388923,0.254324,0.287201,0.282896,0.122522,0.232096,0.168523,0.159090,0.236415,0.677758,0.319300,0.164156,0.664131,0.562127,0.189231,0.846410,0.230738,0.247810,0.240262,0.152071,0.274962,0.365177,0.142783,0.275232,0.659249,0.267292,0.190254,0.152397,0.261683,0.514910,0.156657
11.4,0.779017151643096,0.145152318,1,0.128134,0.205467,0.317211,0.873880,0.212160,0.290463,0.794172,0.812815,0.153468,0.605970,0.152501,0.316186,0.311017,0.131247,0.339443,0.694597,0.631089,0.151371,0.469842,0.263069,0.294065,0.139829,0.135185,0.168065,0.171662,0.681293,0.117697,0.156926,0.191271,0.417314,0.284620,0.086324,0.302066,0.372070,0.383659,0.253467,0.143380,0.571862,0.310923,0.225233,0.180989,0.265710,0.173693,0.307564,0.168913,0.330110,0.230556,0.154683,0.418245,0.328639,0.208249,0.134237,0.156012,0.206697,0.305129,0.354102,0.219709,0.422370,0.310663,0.279876,0.306658,0.782654,0.263081,0.468625,0.295920,0.241833,0.233515,0.147500,0.610804,0.393114,0.259828,0.291244,0.292588,0.128854,0.234542,0.168183,0.158425,0.237164,0.677348,0.324500,0.158688,0.667590,0.566339,0.177338,0.848461,0.236145,0.250897,0.239910,0.148908,0.270490,0.377356,0.145839,0.272135,0.651978,0.264261,0.191321,0.153143,0.262590,0.519627,0.163107
11.5,0.782617488145916,0.142857995,1,0.130798,0.209821,0.328511,0.867555,0.212951,0.290918,0.801965,0.812825,0.151684,0.606465,0.152848,0.317424,0.308456,0.134341,0.337357,0.693442,0.632985,0.148331,0.487424,0.260131,0.287933,0.136077,0.135403,0.167688,0.169901,0.687893,0.122282,0.155818,0.193006,0.421517,0.283712,0.099604,0.304825,0.375742,0.379318,0.257021,0.136890,0.573644,0.304408,0.224490,0.192197,0.261482,0.166359,0.314869,0.170038,0.336617,0.234092,0.149515,0.419675,0.335012,0.211007,0.139444,0.160261,0.202416,0.311731,0.361566,0.220644,0.419650,0.312693,0.278080,0.307417,0.781221,0.264669,0.477212,0.298947,0.240111,0.235932,0.145129,0.611957,0.398311,0.257816,0.294455,0.287396,0.124696,0.234881,0.168468,0.164412,0.237777,0.681515,0.321581,0.160914,0.669075,0.567627,0.183863,0.847858,0.232179,0.256361,0.245937,0.149535,0.272036,0.371803,0.143171,0.276789,0.660290,0.262607,0.203662,0.155476,0.261948,0.520945,0.163780
11.6,0.786160874794655,0.140596469,1,0.130532,0.212725,0.332333,0.877004,0.217335,0.289782,0.803433,0.815378,0.143966,0.605072,0.155360,0.316594,0.308157,0.132813,0.344351,0.693641,0.635896,0.149715,0.481730,0.268273,0.297670,0.141336,0.130644,0.170243,0.166575,0.683565,0.121203,0.159645,0.192483,0.421122,0.281760,0.086590,0.309570,0.377756,0.388135,0.257912,0.142800,0.571389,0.310076,0.229113,0.192002,0.268833,0.173587,0.321091,0.172808,0.338488,0.234834,0.158626,0.418661,0.329514,0.197782,0.138292,0.165863,0.202186,0.310734,0.353958,0.221957,0.420327,0.309537,0.280137,0.305413,0.784295,0.265781,0.479427,0.298809,0.247772,0.241829,0.145081,0.613257,0.400781,0.263085,0.293205,0.296920,0.124763,0.241289,0.168375,0.157285,0.238681,0.680551,0.323444,0.159068,0.669897,0.570935,0.184133,0.851626,0.238951,0.260609,0.241627,0.150286,0.268016,0.379298,0.143947,0.283494,0.668465,0.256539,0.193186,0.154556,0.252791,0.521910,0.159497
11.7,0.78964812782117,0.138367449,1,0.128575,0.212229,0.317323,0.876782,0.224586,0.290865,0.796830,0.815862,0.143038,0.603625,0.155297,0.318145,0.310599,0.125771,0.340115,0.692274,0.638646,0.152495,0.493052,0.263944,0.301354,0.139441,0.136610,0.168643,0.158313,0.686796,0.116307,0.163359,0.189686,0.423685,0.282155,0.101445,0.322638,0.377561,0.383783,0.257189,0.138876,0.568863,0.320800,0.226686,0.191777,0.262400,0.176281,0.324940,0.173426,0.338255,0.233074,0.138283,0.422831,0.334660,0.211342,0.130838,0.157629,0.203657,0.312917,0.358957,0.224238,0.422259,0.309360,0.278176,0.305129,0.786591,0.268844,0.481018,0.298440,0.241623,0.241216,0.148985,0.610645,0.402186,0.268289,0.294930,0.295963,0.125364,0.243101,0.173100,0.157327,0.238045,0.684282,0.332608,0.156711,0.682925,0.571702,0.195605,0.852318,0.243379,0.260881,0.245868,0.151816,0.268709,0.365154,0.151421,0.286364,0.670682,0.258090,0.202106,0.156171,0.249933,0.523489,0.158604
11.8,0.793080056073936,0.136170635,1,0.131757,0.217306,0.324631,0.876084,0.225029,0.293818,0.799482,0.815613,0.152411,0.609897,0.155732,0.320411,0.311538,0.137412,0.342243,0.695878,0.640134,0.159288,0.486546,0.265238,0.302000,0.137540,0.134678,0.173299,0.171824,0.683151,0.103480,0.158421,0.185307,0.425917,0.285664,0.098490,0.323085,0.380414,0.385184,0.262009,0.141846,0.575609,0.315557,0.226770,0.184816,0.259388,0.175018,0.323649,0.173519,0.343072,0.235644,0.133505,0.420438,0.332903,0.202021,0.131370,0.166339,0.208200,0.317803,0.354241,0.225152,0.423292,0.311660,0.276400,0.304080,0.784093,0.268085,0.481137,0.299515,0.244691,0.241300,0.147209,0.615292,0.407524,0.267329,0.299284,0.295208,0.128317,0.241448,0.176032,0.157759,0.237852,0.683043,0.330227,0.154370,0.685021,0.571347,0.188721,0.850127,0.242434,0.260963,0.248772,0.153127,0.275886,0.361988,0.152669,0.289483,0.668676,0.260285,0.202864,0.152697,0.261676,0.512439,0.157752
11.9,0.7964574608419,0.134005721,1,0.131162,0.216970,0.321879,0.878698,0.232650,0.290800,0.806467,0.821717,0.152087,0.602514,0.157705,0.322930,0.311409,0.134996,0.340947,0.695910,0.640936,0.161159,0.494930,0.260366,0.294110,0.132052,0.137596,0.178395,0.161137,0.680393,0.105962,0.157623,0.184654,0.428283,0.284419,0.088576,0.320433,0.381844,0.384982,0.263406,0.130523,0.569690,0.309731,0.237870,0.191983,0.267287,0.169502,0.329362,0.175860,0.349194,0.234147,0.131935,0.422767,0.334157,0.204167,0.135521,0.160126,0.210165,0.314787,0.364720,0.229071,0.424358,0.310584,0.281229,0.303934,0.791217,0.267424,0.482322,0.299639,0.250411,0.241611,0.152850,0.613475,0.412679,0.272961,0.298973,0.297849,0.130219,0.246357,0.167907,0.158844,0.238578,0.684519,0.334604,0.152844,0.682793,0.574096,0.191085,0.850128,0.243297,0.269033,0.244443,0.150897,0.270842,0.378501,0.149977,0.282981,0.669820,0.252079,0.209162,0.151786,0.258425,0.516122,0.157219
12,0.799781135695801,0.131872396,1,0.137876,0.212678,0.323034,0.875982,0.230452,0.291262,0.807602,0.815473,0.147081,0.608380,0.157341,0.322893,0.314417,0.122192,0.344821,0.697203,0.644784,0.155420,0.492153,0.273590,0.304709,0.134003,0.135433,0.161713,0.164847,0.692903,0.098943,0.162731,0.188435,0.428866,0.284729,0.102908,0.330238,0.385627,0.396075,0.261890,0.139926,0.578098,0.311884,0.236267,0.194694,0.263878,0.172672,0.320495,0.174941,0.355223,0.236258,0.139403,0.426355,0.333862,0.199123,0.133306,0.166192,0.210800,0.324223,0.361405,0.231912,0.418985,0.313187,0.280836,0.303335,0.786666,0.268667,0.479938,0.302252,0.243271,0.238264,0.150467,0.616970,0.416831,0.274178,0.305501,0.295305,0.128947,0.244953,0.171387,0.169287,0.239359,0.686769,0.329626,0.160463,0.687472,0.577829,0.201420,0.854346,0.248187,0.266629,0.245747,0.152483,0.271959,0.364304,0.154765,0.285951,0.675379,0.258934,0.201534,0.152605,0.256950,0.512581,0.160032
12.1,0.80305186634597,0.129770342,1,0.138817,0.214509,0.317844,0.868162,0.237056,0.294980,0.803294,0.819727,0.142173,0.602837,0.159692,0.322261,0.307777,0.121403,0.344959,0.697755,0.645893,0.160280,0.493394,0.275711,0.302923,0.135710,0.132087,0.175053,0.169056,0.690113,0.100043,0.162357,0.189255,0.431826,0.285271,0.107497,0.330350,0.387228,0.396720,0.265315,0.132958,0.573968,0.323070,0.246097,0.189362,0.265242,0.173136,0.329649,0.175830,0.353339,0.238131,0.122854,0.426511,0.335606,0.208789,0.132819,0.160510,0.210845,0.325818,0.364787,0.233818,0.420690,0.311586,0.279432,0.302083,0.789715,0.268777,0.492126,0.300884,0.241969,0.245548,0.150419,0.617997,0.421019,0.272409,0.307579,0.301754,0.132609,0.249122,0.177369,0.164232,0.238594,0.686462,0.333996,0.153578,0.687004,0.578951,0.189220,0.855707,0.251794,0.269875,0.245765,0.152340,0.266740,0.360361,0.147116,0.294822,0.672153,0.258784,0.206983,0.145037,0.270471,0.524285,0.160067
12.2,0.806270430515631,0.127699237,1,0.139780,0.215085,0.320265,0.868310,0.225463,0.291477,0.806234,0.824049,0.140613,0.610069,0.160899,0.325250,0.307049,0.130548,0.346635,0.695470,0.647131,0.163290,0.493361,0.270537,0.304248,0.135902,0.133354,0.180454,0.162760,0.689382,0.094177,0.164962,0.188391,0.432605,0.284991,0.093672,0.329969,0.388370,0.387885,0.268069,0.137984,0.576870,0.325820,0.242006,0.195652,0.257120,0.178492,0.326830,0.177764,0.359055,0.238002,0.138498,0.425622,0.342473,0.201930,0.128532,0.173392,0.213012,0.321350,0.365719,0.234027,0.419247,0.311909,0.278963,0.300749,0.794159,0.272737,0.485591,0.302612,0.243511,0.243735,0.156364,0.612921,0.423174,0.274477,0.311121,0.300650,0.134742,0.249909,0.178797,0.160106,0.239801,0.689963,0.335556,0.153078,0.688011,0.579409,0.202884,0.855619,0.256903,0.278245,0.239126,0.152669,0.267737,0.365190,0.157877,0.291093,0.674379,0.254283,0.218950,0.145359,0.272758,0.514097,0.158358
12.3,0.80943759782884,0.125658755,1,0.137875,0.220391,0.320274,0.882268,0.234483,0.294284,0.811478,0.817292,0.149916,0.603177,0.161841,0.324094,0.312288,0.127260,0.340294,0.698990,0.649197,0.165331,0.497214,0.265485,0.304843,0.134948,0.135957,0.170744,0.163590,0.683491,0.084603,0.165869,0.198986,0.438424,0.285169,0.095668,0.331817,0.391102,0.385874,0.268418,0.133664,0.580296,0.328686,0.246633,0.199574,0.260695,0.176023,0.336241,0.177979,0.363554,0.239216,0.116727,0.424512,0.346964,0.198615,0.126326,0.174096,0.225722,0.324149,0.369872,0.236806,0.420031,0.313357,0.280590,0.300076,0.791003,0.271944,0.489736,0.303714,0.250757,0.242206,0.152066,0.614279,0.429082,0.282156,0.309320,0.307852,0.135112,0.247349,0.173243,0.159955,0.240539,0.689665,0.340889,0.148047,0.696982,0.580819,0.190834,0.855546,0.248668,0.281160,0.244223,0.150020,0.263583,0.373367,0.152095,0.301905,0.677100,0.247026,0.218874,0.148663,0.273331,0.518408,0.157330
12.4,0.81255412971218,0.123648567,1,0.137624,0.215644,0.330500,0.874424,0.227658,0.291980,0.810519,0.824956,0.145732,0.611322,0.163187,0.329381,0.319849,0.131202,0.342525,0.698253,0.653049,0.165037,0.507886,0.266558,0.308874,0.128499,0.144867,0.175360,0.164415,0.689367,0.084542,0.168863,0.195015,0.440276,0.282169,0.096390,0.340250,0.391162,0.399313,0.271140,0.135296,0.581283,0.324136,0.256724,0.192693,0.261085,0.185158,0.335739,0.179738,0.365201,0.238235,0.116648,0.430007,0.342746,0.196050,0.130227,0.171324,0.228178,0.327775,0.370225,0.239290,0.424017,0.311887,0.277412,0.299415,0.793102,0.274515,0.495285,0.303616,0.245034,0.246499,0.152833,0.615949,0.430694,0.279012,0.312069,0.303463,0.139652,0.254391,0.184297,0.166673,0.240899,0.691553,0.340205,0.154364,0.699727,0.581677,0.198525,0.852426,0.262526,0.281050,0.240640,0.152127,0.262235,0.363873,0.154178,0.295543,0.678519,0.247328,0.203552,0.144384,0.276325,0.519663,0.156227
12.5,0.815620779309419,0.121668338,1,0.143813,0.215994,0.324412,0.881577,0.232117,0.295324,0.807547,0.822740,0.143798,0.606096,0.162263,0.326675,0.316941,0.116929,0.341460,0.699539,0.655945,0.164575,0.500671,0.279326,0.304028,0.134707,0.144803,0.169680,0.160482,0.689614,0.092865,0.167009,0.200646,0.438919,0.285604,0.104237,0.340917,0.395471,0.400240,0.270754,0.138832,0.579324,0.322739,0.257567,0.201167,0.253903,0.176106,0.331851,0.181212,0.375781,0.239937,0.120736,0.425874,0.339805,0.206727,0.124262,0.164825,0.224197,0.331755,0.354524,0.238151,0.422823,0.310402,0.279237,0.298275,0.789517,0.275571,0.498439,0.302961,0.243327,0.242917,0.158845,0.612985,0.434228,0.286541,0.318674,0.305295,0.135676,0.249999,0.176849,0.169453,0.240530,0.693035,0.339579,0.147347,0.693874,0.584195,0.192020,0.854606,0.261580,0.279478,0.249384,0.153736,0.260558,0.368395,0.149770,0.306294,0.690761,0.248534,0.206867,0.151537,0.268375,0.514854,0.154733
12.6,0.818638291408357,0.119717734,1,0.145484,0.217262,0.329017,0.876049,0.244984,0.295662,0.813524,0.824620,0.149372,0.611007,0.164555,0.329690,0.323942,0.123685,0.340338,0.697230,0.657433,0.163038,0.503119,0.277652,0.302342,0.125721,0.136675,0.180174,0.152123,0.686305,0.079533,0.172855,0.190089,0.443033,0.283603,0.115661,0.340485,0.395315,0.395538,0.274096,0.139658,0.583069,0.332450,0.247814,0.199491,0.259833,0.183173,0.339245,0.182941,0.374031,0.240629,0.112848,0.430167,0.348640,0.199942,0.123131,0.166542,0.219933,0.331727,0.369974,0.241303,0.427171,0.310435,0.274337,0.297669,0.795686,0.274082,0.502420,0.303697,0.243923,0.244156,0.158961,0.614347,0.436505,0.288233,0.315617,0.308057,0.142113,0.254395,0.183280,0.162772,0.240526,0.693826,0.345600,0.147956,0.701200,0.584461,0.205653,0.857055,0.260246,0.283073,0.245601,0.150532,0.261705,0.368469,0.151852,0.305102,0.681711,0.251195,0.220705,0.148846,0.269436,0.516211,0.156755
12.7,0.821607402379137,0.117796416,1,0.141558,0.220859,0.316417,0.870095,0.246856,0.293692,0.811533,0.823857,0.139203,0.606021,0.164831,0.332152,0.326903,0.113572,0.346335,0.699373,0.657556,0.171006,0.513393,0.273906,0.307717,0.132725,0.138428,0.188926,0.155388,0.690690,0.077079,0.168040,0.197358,0.447121,0.285232,0.118032,0.339091,0.399134,0.394125,0.270621,0.138377,0.584159,0.338561,0.255806,0.196601,0.258504,0.179973,0.345717,0.183991,0.381108,0.241288,0.110409,0.430385,0.352767,0.201922,0.125738,0.170808,0.220442,0.332903,0.361741,0.243303,0.421249,0.312941,0.279378,0.297299,0.791807,0.278045,0.505671,0.304250,0.250167,0.242965,0.156596,0.614465,0.439545,0.289247,0.319257,0.305547,0.144539,0.257284,0.186625,0.168326,0.241127,0.693977,0.348579,0.153340,0.707812,0.588078,0.208213,0.854379,0.257620,0.286981,0.251620,0.154462,0.259749,0.359861,0.157627,0.302828,0.680814,0.249048,0.209675,0.144938,0.278078,0.516063,0.153324
12.8,0.824528840123328,0.115904045,1,0.145227,0.228677,0.326268,0.875457,0.241279,0.293262,0.813626,0.826040,0.145488,0.614467,0.165218,0.330303,0.318792,0.114722,0.346742,0.698937,0.661884,0.171873,0.512831,0.271363,0.310413,0.124287,0.142819,0.177861,0.152845,0.697745,0.082773,0.174013,0.195761,0.444095,0.283510,0.112210,0.343138,0.400691,0.394240,0.272260,0.135278,0.584036,0.328774,0.254458,0.196222,0.256899,0.187236,0.338842,0.184486,0.384742,0.242910,0.117768,0.429469,0.352578,0.204130,0.127565,0.173767,0.234906,0.337401,0.368299,0.245340,0.426009,0.310471,0.272748,0.297000,0.793561,0.278518,0.496298,0.303417,0.253404,0.247546,0.162190,0.619339,0.445858,0.294150,0.322045,0.315631,0.141233,0.256960,0.189641,0.165569,0.240428,0.695358,0.350329,0.145172,0.699123,0.588923,0.210715,0.856469,0.259235,0.292510,0.244439,0.153406,0.266785,0.376677,0.153629,0.308366,0.692802,0.247348,0.218016,0.143772,0.281633,0.517764,0.156810
12.9,0.82740332403313,0.11404028,1,0.143980,0.226736,0.314024,0.876988,0.235407,0.294215,0.809822,0.822068,0.143688,0.608624,0.167139,0.333598,0.315694,0.114883,0.346418,0.699625,0.663940,0.172284,0.521586,0.275294,0.306864,0.126778,0.142726,0.192390,0.164240,0.693726,0.079517,0.168257,0.195352,0.447710,0.281085,0.117335,0.354126,0.401228,0.400690,0.278208,0.135080,0.580167,0.328352,0.252450,0.203545,0.257821,0.185192,0.349803,0.185001,0.386619,0.243657,0.100544,0.428720,0.355215,0.196777,0.119663,0.170112,0.235840,0.337574,0.355791,0.248296,0.427504,0.311189,0.273052,0.295938,0.793052,0.279449,0.509285,0.304788,0.251872,0.248097,0.158403,0.614215,0.448001,0.293565,0.328029,0.320067,0.143775,0.262857,0.185467,0.172207,0.240699,0.694440,0.347533,0.149736,0.702478,0.589269,0.201687,0.856580,0.261706,0.293730,0.255942,0.154371,0.256478,0.374783,0.157459,0.309018,0.696970,0.241950,0.226511,0.148058,0.275288,0.519507,0.149505
13,0.830231564960069,0.112204777,1,0.149404,0.229085,0.314238,0.874029,0.237408,0.293948,0.809825,0.826413,0.151875,0.609737,0.167760,0.334601,0.327154,0.119449,0.346913,0.703408,0.664751,0.168759,0.526697,0.279180,0.312965,0.128664,0.151767,0.195930,0.149200,0.690145,0.076025,0.169588,0.195853,0.447660,0.282393,0.112841,0.347840,0.402718,0.395436,0.279670,0.125086,0.585770,0.341361,0.261135,0.196248,0.257112,0.183788,0.346551,0.185206,0.392414,0.242406,0.103849,0.434737,0.347488,0.198120,0.123985,0.179336,0.234649,0.343756,0.364169,0.248675,0.427750,0.315132,0.278372,0.293763,0.792133,0.281527,0.505026,0.304323,0.246358,0.249975,0.163802,0.615384,0.452078,0.297315,0.326991,0.313366,0.147219,0.262507,0.191291,0.162280,0.241572,0.697024,0.353418,0.151110,0.706308,0.593665,0.202981,0.858882,0.263407,0.293948,0.255503,0.153529,0.256861,0.373798,0.160747,0.312203,0.699498,0.239432,0.212812,0.143421,0.278319,0.524295,0.156235
13.1,0.833014265192618,0.110397195,1,0.150699,0.223642,0.320020,0.879973,0.253606,0.296631,0.813792,0.824858,0.137063,0.615545,0.169005,0.337151,0.319425,0.122411,0.343158,0.700221,0.668682,0.171815,0.527860,0.277903,0.319625,0.123556,0.151041,0.186857,0.160533,0.690251,0.060301,0.171219,0.207615,0.453678,0.281512,0.113632,0.354891,0.406006,0.397685,0.279584,0.129053,0.580076,0.346317,0.260640,0.204647,0.254924,0.183929,0.354019,0.186330,0.394606,0.245108,0.097174,0.431967,0.353835,0.195474,0.121096,0.181035,0.230301,0.340661,0.357478,0.253792,0.423537,0.310504,0.274053,0.292842,0.797338,0.282728,0.505423,0.304361,0.252305,0.247224,0.162974,0.617586,0.454528,0.301337,0.328534,0.321677,0.147126,0.263350,0.193433,0.164568,0.240901,0.698408,0.351000,0.146989,0.705500,0.594345,0.201418,0.858043,0.266736,0.301101,0.258289,0.152421,0.260479,0.365299,0.166262,0.317832,0.700704,0.241095,0.228939,0.145664,0.274908,0.516005,0.154816
13.2,0.835752118442155,0.10861719,1,0.148128,0.223901,0.319338,0.871909,0.254665,0.296233,0.816637,0.821371,0.141973,0.610193,0.170500,0.338467,0.325255,0.124703,0.348269,0.699691,0.670863,0.171853,0.518935,0.274798,0.311549,0.128340,0.143694,0.199598,0.160512,0.695035,0.058195,0.177147,0.208101,0.452457,0.283373,0.121606,0.366891,0.407954,0.402680,0.279046,0.125217,0.588099,0.345721,0.258870,0.202197,0.252472,0.185869,0.349440,0.189003,0.402643,0.244377,0.102377,0.434576,0.359727,0.197498,0.122747,0.174557,0.233134,0.345976,0.361373,0.255046,0.425234,0.311229,0.274216,0.290985,0.792164,0.281703,0.511175,0.306482,0.253254,0.246927,0.162735,0.618641,0.461766,0.298116,0.334211,0.325506,0.146047,0.264491,0.192890,0.166583,0.241852,0.696932,0.357856,0.144995,0.711710,0.595945,0.202330,0.855895,0.279580,0.302445,0.249614,0.155222,0.260324,0.367414,0.159106,0.314528,0.705823,0.242928,0.217479,0.140002,0.289465,0.523963,0.153739
13.3,0.838445809836763,0.106864419,1,0.151482,0.227852,0.322064,0.876071,0.250380,0.297377,0.813620,0.826860,0.150077,0.612551,0.171709,0.338148,0.335052,0.125579,0.347036,0.700145,0.670315,0.173719,0.524145,0.286036,0.312611,0.121282,0.143026,0.191013,0.157611,0.695408,0.062422,0.178961,0.211022,0.458045,0.284280,0.119835,0.362711,0.408270,0.406442,0.278098,0.129595,0.582677,0.336939,0.272191,0.203199,0.248338,0.190843,0.349610,0.188382,0.405986,0.245179,0.099390,0.431724,0.358060,0.201120,0.119650,0.175667,0.232277,0.352630,0.352637,0.254606,0.427733,0.314873,0.271286,0.290336,0.794170,0.281988,0.508588,0.305429,0.245669,0.248736,0.167054,0.614140,0.463343,0.305875,0.335843,0.316888,0.147101,0.268372,0.189544,0.161238,0.241626,0.697811,0.352968,0.145887,0.719611,0.596265,0.200456,0.861200,0.281313,0.304758,0.254876,0.150955,0.261995,0.371004,0.162582,0.320728,0.704242,0.242489,0.214389,0.144830,0.277040,0.525235,0.151768
13.4,0.841096015922342,0.105138537,1,0.153197,0.231011,0.318405,0.881550,0.242729,0.299167,0.820740,0.825734,0.148521,0.611353,0.172443,0.338483,0.331904,0.118324,0.348704,0.700458,0.673484,0.179065,0.522738,0.285999,0.317683,0.126385,0.151658,0.189039,0.153459,0.695690,0.061381,0.174289,0.200524,0.457051,0.280492,0.116408,0.372480,0.411733,0.401081,0.279993,0.135714,0.584634,0.341261,0.269817,0.206443,0.246501,0.191250,0.359429,0.190040,0.406151,0.247059,0.088252,0.435140,0.354070,0.203867,0.115821,0.178526,0.243930,0.348103,0.366671,0.258391,0.426247,0.312946,0.270494,0.290646,0.796967,0.285905,0.519123,0.307006,0.245880,0.247792,0.167218,0.617465,0.470256,0.308626,0.337224,0.324105,0.146303,0.265748,0.192484,0.167582,0.242605,0.700289,0.358863,0.152807,0.717706,0.598288,0.208171,0.862057,0.277867,0.306829,0.257636,0.150974,0.257990,0.363487,0.164741,0.324000,0.702011,0.232168,0.222001,0.145328,0.276026,0.527532,0.153542
13.5,0.843703404670584,0.103439203,1,0.152752,0.230785,0.314634,0.885886,0.259679,0.296743,0.818902,0.829558,0.143174,0.616498,0.174008,0.341030,0.336630,0.115449,0.344380,0.704927,0.676046,0.175431,0.524032,0.287930,0.315022,0.123347,0.144551,0.194023,0.147247,0.695162,0.055096,0.181063,0.204868,0.461734,0.283030,0.121620,0.368983,0.411988,0.396673,0.285181,0.121415,0.588809,0.353178,0.269237,0.204216,0.246389,0.191388,0.361589,0.190926,0.411647,0.247118,0.085413,0.433776,0.355388,0.196860,0.120268,0.176372,0.242991,0.351092,0.358898,0.261192,0.426403,0.311416,0.272777,0.288047,0.801566,0.283598,0.521644,0.306989,0.253507,0.251266,0.168754,0.615753,0.469535,0.310311,0.340906,0.323265,0.147807,0.266078,0.199010,0.162559,0.242558,0.701649,0.355677,0.143869,0.714809,0.597994,0.217579,0.859666,0.273570,0.313230,0.247750,0.153153,0.260011,0.373061,0.164012,0.327982,0.701166,0.239870,0.231652,0.141916,0.286901,0.527137,0.149559
13.6,0.846268635493348,0.101766074,1,0.157675,0.238329,0.319236,0.883579,0.250576,0.297585,0.817471,0.826356,0.137524,0.610762,0.173656,0.339971,0.335138,0.116922,0.350507,0.704571,0.677067,0.184601,0.526209,0.278501,0.319766,0.123250,0.157140,0.201432,0.149457,0.692960,0.061977,0.182184,0.205062,0.462258,0.282561,0.126226,0.371635,0.412637,0.398276,0.285847,0.134779,0.583822,0.346368,0.276206,0.204858,0.251140,0.196360,0.354523,0.191754,0.417557,0.247909,0.087914,0.435696,0.359000,0.201917,0.117459,0.183210,0.240047,0.351684,0.349413,0.260325,0.426243,0.313926,0.271550,0.287708,0.801815,0.287027,0.514349,0.305572,0.247686,0.254580,0.167817,0.615278,0.477629,0.313298,0.343100,0.329235,0.153479,0.268428,0.195310,0.164091,0.241540,0.700324,0.358563,0.150287,0.717578,0.599626,0.206620,0.862318,0.280418,0.316277,0.255935,0.151438,0.248966,0.370354,0.164936,0.333274,0.708554,0.231401,0.230170,0.137272,0.284257,0.513561,0.153781
13.7,0.84879235926301,0.10011881,1,0.156240,0.232247,0.315965,0.877808,0.263223,0.299705,0.816487,0.828818,0.143729,0.615031,0.175465,0.344193,0.331621,0.122332,0.350632,0.701783,0.679489,0.185911,0.541361,0.281728,0.325806,0.118018,0.152296,0.201371,0.153787,0.693829,0.048964,0.181084,0.200950,0.462756,0.283283,0.119405,0.372578,0.416713,0.400886,0.285447,0.121644,0.593993,0.350635,0.271510,0.212745,0.247260,0.187749,0.357384,0.193355,0.419467,0.248274,0.092364,0.435943,0.361226,0.194046,0.113376,0.189366,0.243632,0.359345,0.359753,0.263064,0.426919,0.311319,0.271568,0.287328,0.803232,0.284841,0.514562,0.307521,0.245448,0.251728,0.165697,0.618718,0.478296,0.313102,0.346039,0.328903,0.154281,0.275801,0.202176,0.159879,0.241322,0.701542,0.365376,0.148089,0.723795,0.600137,0.220775,0.862607,0.285597,0.315442,0.249055,0.155250,0.251899,0.355238,0.172810,0.335169,0.704929,0.233036,0.219449,0.134983,0.292541,0.526995,0.155771
13.8,0.851275218338399,0.098497069,1,0.156236,0.239632,0.311540,0.873767,0.258247,0.300587,0.823883,0.824055,0.140229,0.617773,0.174862,0.346323,0.333759,0.110664,0.343623,0.706676,0.679399,0.180336,0.533369,0.281728,0.326321,0.120617,0.149722,0.200336,0.156280,0.698639,0.044757,0.180309,0.212461,0.462155,0.279295,0.119307,0.370496,0.418749,0.403663,0.285642,0.128716,0.590452,0.353136,0.286949,0.213030,0.243116,0.195979,0.360646,0.192758,0.421281,0.247787,0.087924,0.438008,0.370406,0.196912,0.118531,0.184517,0.246056,0.359823,0.364229,0.267570,0.427325,0.314087,0.271157,0.285680,0.804672,0.288412,0.523729,0.307024,0.248854,0.253588,0.166978,0.618631,0.484280,0.317375,0.344725,0.324455,0.157995,0.271347,0.200525,0.166493,0.242286,0.701762,0.364192,0.146256,0.726275,0.601848,0.212986,0.861113,0.291442,0.317203,0.261457,0.151485,0.246936,0.360434,0.170428,0.329680,0.708709,0.231183,0.224043,0.143339,0.297105,0.518075,0.147947
13.9,0.853717846595921,0.096900514,1,0.159476,0.233197,0.320676,0.875724,0.262575,0.300183,0.823237,0.827451,0.135030,0.615797,0.176232,0.344133,0.345890,0.115318,0.347378,0.702619,0.681065,0.186862,0.543554,0.291647,0.324247,0.122035,0.150852,0.198617,0.142740,0.691207,0.039166,0.180403,0.211120,0.467390,0.282691,0.130609,0.383972,0.418815,0.409374,0.290009,0.130208,0.594334,0.353715,0.278524,0.212308,0.246686,0.193240,0.361292,0.195651,0.425625,0.250371,0.074532,0.437439,0.368302,0.199125,0.114104,0.192997,0.246649,0.357898,0.363933,0.267482,0.427275,0.310743,0.265237,0.284349,0.803926,0.287743,0.530514,0.305897,0.250433,0.251643,0.170126,0.618322,0.486045,0.317556,0.351014,0.332488,0.153556,0.275625,0.200289,0.163641,0.243042,0.705354,0.366598,0.140674,0.729460,0.604564,0.211574,0.860910,0.283117,0.324545,0.250949,0.153179,0.252228,0.360265,0.174720,0.341467,0.717005,0.232128,0.233342,0.136927,0.294625,0.527890,0.149189
14,0.856120869465517,0.095328807,1,0.161892,0.233881,0.318747,0.876508,0.263367,0.297475,0.823357,0.826607,0.145533,0.617013,0.176971,0.346033,0.335879,0.114740,0.349226,0.706695,0.686307,0.184990,0.544653,0.288845,0.320411,0.121031,0.152263,0.212734,0.155239,0.697699,0.049297,0.181208,0.207730,0.467323,0.279629,0.133472,0.390154,0.421396,0.408243,0.288313,0.120162,0.596325,0.359146,0.283088,0.209375,0.244875,0.194107,0.365575,0.195678,0.434128,0.249247,0.083770,0.437346,0.371613,0.198946,0.114754,0.181276,0.250465,0.367063,0.360184,0.271482,0.427820,0.313729,0.264465,0.282435,0.799281,0.289963,0.522574,0.306003,0.248782,0.252857,0.172996,0.617949,0.489102,0.319917,0.351868,0.331309,0.161650,0.279815,0.197038,0.169950,0.242174,0.704483,0.367136,0.145416,0.733439,0.605295,0.209521,0.863715,0.293079,0.323900,0.261938,0.155435,0.250686,0.362839,0.172233,0.337009,0.718540,0.227530,0.233106,0.133490,0.299275,0.519299,0.146526
14.1,0.858484903971126,0.093781613,1,0.159978,0.239403,0.317121,0.878941,0.259412,0.301526,0.820314,0.826446,0.140518,0.621645,0.179097,0.348721,0.330214,0.108663,0.348666,0.706132,0.687610,0.189383,0.554197,0.285631,0.332209,0.112372,0.155284,0.199027,0.153501,0.696790,0.036908,0.183603,0.218493,0.471273,0.282074,0.121623,0.378421,0.422165,0.399827,0.289153,0.119989,0.590233,0.361392,0.292035,0.213512,0.240076,0.192496,0.366145,0.197040,0.432554,0.252754,0.080003,0.441001,0.364766,0.197814,0.114329,0.182374,0.248320,0.367399,0.364382,0.270859,0.424888,0.313098,0.262738,0.282307,0.806409,0.290562,0.534884,0.307703,0.250847,0.258812,0.170291,0.618354,0.493050,0.319776,0.355831,0.338481,0.160778,0.275995,0.204893,0.166686,0.242403,0.704531,0.367214,0.137286,0.733080,0.606026,0.222074,0.860894,0.291969,0.328889,0.251311,0.153713,0.243483,0.359204,0.176694,0.339705,0.712907,0.229484,0.222977,0.136783,0.297029,0.519889,0.147464
14.2,0.860810558775309,0.092258598,1,0.161911,0.241451,0.312899,0.880897,0.255334,0.299047,0.821881,0.831030,0.135752,0.618528,0.180504,0.347616,0.335065,0.106159,0.344210,0.706737,0.686864,0.186630,0.549780,0.293344,0.332937,0.119984,0.161037,0.203589,0.149840,0.690786,0.038758,0.182136,0.212247,0.473421,0.277802,0.133383,0.388226,0.424218,0.408806,0.292762,0.125576,0.594259,0.357600,0.298444,0.215611,0.243399,0.201744,0.369376,0.197437,0.438641,0.251111,0.065725,0.442946,0.372154,0.193370,0.108454,0.184214,0.247095,0.369659,0.365202,0.272196,0.426020,0.311800,0.261871,0.281536,0.801451,0.291380,0.535559,0.308396,0.248927,0.260167,0.173754,0.619903,0.496634,0.326393,0.355398,0.341203,0.157215,0.277129,0.201573,0.158576,0.242367,0.705032,0.377264,0.146059,0.734553,0.609096,0.214001,0.861924,0.296952,0.331656,0.262184,0.151498,0.252389,0.360462,0.167669,0.339956,0.710842,0.223352,0.229218,0.133110,0.289245,0.521040,0.143995
14.3,0.863098434227742,0.090759431,1,0.167291,0.243745,0.310874,0.881825,0.258268,0.299755,0.820456,0.829509,0.139690,0.618542,0.181588,0.350460,0.336094,0.102148,0.351990,0.703569,0.691152,0.190276,0.542894,0.296884,0.323005,0.116207,0.160700,0.215276,0.138979,0.696061,0.039297,0.182538,0.214613,0.475080,0.281155,0.121257,0.391698,0.424749,0.411466,0.292228,0.116803,0.591592,0.370312,0.291062,0.214378,0.241948,0.201044,0.374001,0.198870,0.440805,0.251524,0.064244,0.442978,0.375539,0.199014,0.112460,0.188008,0.261277,0.373325,0.354941,0.274578,0.426153,0.313004,0.265541,0.280194,0.802223,0.290504,0.538832,0.306106,0.247162,0.257681,0.173775,0.615634,0.502048,0.330289,0.360948,0.344497,0.160662,0.279175,0.210251,0.159253,0.243027,0.706524,0.378119,0.135804,0.730990,0.610372,0.225651,0.861009,0.298232,0.335545,0.257008,0.151820,0.243010,0.362613,0.167304,0.349564,0.714244,0.227625,0.234010,0.138046,0.297774,0.525941,0.143966
14.4,0.865349122417291,0.089283782,1,0.166480,0.239478,0.323261,0.876434,0.261068,0.300459,0.824810,0.827074,0.147485,0.615473,0.182381,0.350949,0.338809,0.099304,0.349489,0.706233,0.689616,0.192321,0.557102,0.289418,0.326169,0.111461,0.159744,0.215016,0.140171,0.694674,0.031844,0.186821,0.207342,0.476320,0.277197,0.134452,0.392711,0.427838,0.407459,0.292954,0.123315,0.590279,0.361065,0.293637,0.210333,0.241943,0.195860,0.369170,0.200288,0.449783,0.252532,0.071863,0.439731,0.374113,0.189405,0.109934,0.197868,0.255008,0.373635,0.359374,0.278775,0.427155,0.313344,0.262151,0.279100,0.808259,0.291663,0.533911,0.307422,0.248763,0.258388,0.172323,0.619099,0.503857,0.330197,0.362900,0.343731,0.163345,0.284400,0.201949,0.161457,0.242850,0.707392,0.372548,0.141414,0.736662,0.609811,0.218001,0.864165,0.292500,0.341375,0.266467,0.153825,0.248049,0.364712,0.169687,0.351762,0.718886,0.220903,0.238394,0.130896,0.297905,0.523954,0.143519
14.5,0.867563207227387,0.087831325,1,0.166471,0.247372,0.306947,0.876839,0.272767,0.299435,0.828997,0.827013,0.136297,0.621927,0.183054,0.353831,0.335626,0.100145,0.345572,0.708049,0.693486,0.192722,0.563566,0.290423,0.326065,0.106751,0.161014,0.210672,0.139361,0.704764,0.028589,0.190609,0.210246,0.473456,0.279046,0.128794,0.400297,0.428056,0.413164,0.296773,0.122203,0.596889,0.365225,0.291145,0.220638,0.242718,0.199676,0.380886,0.201228,0.451851,0.255471,0.068138,0.442647,0.376648,0.189466,0.104060,0.197345,0.253006,0.372352,0.350479,0.281663,0.428843,0.309421,0.264540,0.276879,0.804129,0.292367,0.531056,0.306159,0.247471,0.262674,0.172626,0.620158,0.508348,0.329459,0.366656,0.345399,0.168430,0.281778,0.206100,0.160785,0.241730,0.708148,0.379286,0.136178,0.735196,0.612918,0.226814,0.859843,0.297427,0.341390,0.262597,0.152551,0.246403,0.360248,0.169406,0.350738,0.717453,0.221518,0.231654,0.132246,0.292011,0.514784,0.143449
14.6,0.86974126439445,0.086401734,1,0.168213,0.249955,0.308898,0.885284,0.266529,0.303118,0.828588,0.832555,0.137219,0.617823,0.183424,0.355695,0.348512,0.097563,0.347040,0.705807,0.695066,0.191791,0.559956,0.301516,0.333321,0.112593,0.164271,0.205491,0.145288,0.701509,0.026608,0.188964,0.212825,0.479565,0.276866,0.121050,0.407354,0.429786,0.403735,0.294080,0.129046,0.590693,0.367695,0.301377,0.219753,0.237532,0.206365,0.374297,0.202563,0.452036,0.253965,0.060238,0.443114,0.376018,0.197354,0.105833,0.190667,0.262073,0.376517,0.360727,0.280863,0.429429,0.312235,0.258067,0.276785,0.808809,0.295317,0.534006,0.308088,0.249868,0.257951,0.176004,0.617355,0.515426,0.333250,0.369946,0.341835,0.161976,0.283751,0.204838,0.161499,0.242645,0.709423,0.382393,0.137581,0.735838,0.611651,0.230620,0.860519,0.297163,0.345597,0.267702,0.152921,0.239908,0.349211,0.172420,0.357255,0.718701,0.221659,0.232359,0.132010,0.308184,0.527755,0.150884
14.7,0.871883861569117,0.084994687,1,0.167090,0.242333,0.320848,0.882396,0.276721,0.301663,0.827232,0.830098,0.137015,0.614964,0.183915,0.356451,0.353228,0.113497,0.348943,0.707611,0.697830,0.194533,0.564605,0.287506,0.334688,0.108973,0.156493,0.221504,0.134634,0.704923,0.034606,0.190848,0.211808,0.478284,0.277665,0.122470,0.397084,0.432078,0.402146,0.298929,0.118452,0.591442,0.374410,0.297048,0.221423,0.234442,0.202160,0.380754,0.203574,0.456481,0.255161,0.069527,0.444768,0.376596,0.194955,0.103901,0.193275,0.261755,0.381384,0.351095,0.282874,0.424965,0.309450,0.258629,0.273924,0.801184,0.296503,0.543816,0.308137,0.249410,0.264091,0.176516,0.618531,0.516115,0.336535,0.368955,0.340611,0.165362,0.285417,0.215205,0.166553,0.241325,0.709591,0.380330,0.140975,0.740338,0.612410,0.215481,0.862764,0.299027,0.347753,0.260312,0.151394,0.242682,0.344731,0.179339,0.356959,0.723285,0.214048,0.243229,0.132517,0.303390,0.522719,0.146233
14.8,0.87399155838004,0.083609865,1,0.168975,0.245170,0.317220,0.881500,0.268415,0.301250,0.828059,0.829158,0.147825,0.612979,0.185701,0.354653,0.339836,0.110636,0.346547,0.707850,0.698127,0.194447,0.556895,0.295563,0.333904,0.110609,0.159371,0.221372,0.147955,0.705124,0.021253,0.193075,0.210134,0.480043,0.277538,0.123360,0.411171,0.432614,0.404783,0.295806,0.115232,0.596717,0.365070,0.304627,0.221534,0.239287,0.203035,0.373604,0.204638,0.462791,0.255863,0.058537,0.441160,0.375499,0.187323,0.107262,0.197020,0.263796,0.381722,0.350919,0.287337,0.427659,0.310335,0.261693,0.272747,0.809936,0.295038,0.544477,0.306651,0.248763,0.261647,0.177332,0.618842,0.519443,0.337379,0.369542,0.341038,0.167569,0.287521,0.210560,0.167425,0.241630,0.709576,0.382149,0.133611,0.747772,0.614577,0.225859,0.861283,0.312434,0.350521,0.263731,0.150988,0.242300,0.346628,0.180745,0.361238,0.732486,0.218890,0.237267,0.137490,0.296311,0.514221,0.140812
14.9,0.876064906500044,0.082246951,1,0.170918,0.249502,0.316536,0.883332,0.277158,0.301539,0.824855,0.830070,0.137559,0.614886,0.186166,0.357667,0.342118,0.098284,0.346889,0.709667,0.699849,0.194999,0.566942,0.299446,0.335524,0.103212,0.159307,0.213525,0.135863,0.701669,0.020543,0.186231,0.223541,0.482730,0.274169,0.125007,0.403329,0.434485,0.406918,0.296772,0.123467,0.600217,0.375007,0.310180,0.218533,0.239714,0.206737,0.381648,0.203860,0.470092,0.256351,0.052407,0.444002,0.382269,0.186453,0.106643,0.200923,0.259552,0.387022,0.347583,0.287633,0.426057,0.308661,0.256784,0.271674,0.802603,0.298527,0.540787,0.305340,0.250104,0.258225,0.179528,0.617156,0.523376,0.339829,0.372388,0.349420,0.173724,0.289084,0.209112,0.156257,0.241779,0.710284,0.389725,0.140436,0.743641,0.616894,0.216567,0.863066,0.311417,0.351984,0.259670,0.152359,0.242949,0.348694,0.180646,0.359909,0.735490,0.215290,0.235453,0.132167,0.296663,0.523709,0.140676
15,0.878104449714428,0.08090563,1,0.173682,0.249232,0.307851,0.884619,0.267966,0.299547,0.826664,0.831818,0.134652,0.620910,0.186432,0.360207,0.350464,0.105129,0.351280,0.707160,0.701696,0.201554,0.561897,0.291598,0.332608,0.103582,0.162313,0.224977,0.142548,0.705701,0.031457,0.190208,0.218758,0.485411,0.277313,0.137758,0.412487,0.435648,0.413822,0.299561,0.122707,0.600476,0.371695,0.314370,0.224013,0.231185,0.206935,0.380116,0.204898,0.471524,0.258498,0.055751,0.443181,0.385314,0.188925,0.102794,0.198140,0.262967,0.387506,0.353391,0.290504,0.430031,0.307984,0.256117,0.271056,0.802592,0.296282,0.551395,0.306097,0.250543,0.264751,0.180607,0.617533,0.525763,0.345538,0.376669,0.345698,0.167563,0.289698,0.218531,0.157273,0.242854,0.710459,0.383652,0.139186,0.744872,0.615884,0.223533,0.861774,0.309922,0.358070,0.264580,0.154219,0.241699,0.349790,0.183413,0.364375,0.726101,0.213796,0.238751,0.130460,0.297895,0.524926,0.139766
15.1,0.88011072399123,0.079585592,1,0.172783,0.252240,0.304322,0.886463,0.284025,0.303649,0.823610,0.831185,0.138184,0.616233,0.189135,0.361851,0.341975,0.104246,0.350915,0.707555,0.703781,0.202379,0.563611,0.290667,0.341571,0.108549,0.163083,0.219870,0.145339,0.700037,0.018550,0.191313,0.216259,0.486626,0.277135,0.126046,0.420477,0.439020,0.406409,0.302189,0.111392,0.601588,0.380216,0.312698,0.216033,0.237385,0.203275,0.380110,0.207791,0.477115,0.257272,0.050096,0.446627,0.382751,0.199115,0.100712,0.197319,0.265544,0.384780,0.355570,0.292367,0.427199,0.311841,0.256099,0.268821,0.809171,0.297603,0.552037,0.307139,0.248506,0.266215,0.183404,0.619080,0.529590,0.343671,0.376039,0.353245,0.175365,0.297024,0.214602,0.154701,0.241552,0.709844,0.392851,0.135677,0.748120,0.620146,0.226312,0.865633,0.315171,0.354271,0.261717,0.154716,0.233499,0.347945,0.182037,0.363738,0.730592,0.214060,0.244020,0.131519,0.304210,0.525399,0.144446
15.2,0.882084257553259,0.078286528,1,0.173977,0.253640,0.310039,0.891105,0.280884,0.300498,0.831068,0.827057,0.137753,0.618735,0.188495,0.361111,0.355193,0.099570,0.350526,0.706783,0.705631,0.199606,0.576652,0.300582,0.336427,0.101068,0.162954,0.213897,0.130047,0.697578,0.026610,0.192021,0.218677,0.486079,0.272499,0.128008,0.415685,0.439297,0.415875,0.304905,0.117413,0.600731,0.370714,0.311488,0.222282,0.230948,0.212466,0.382788,0.208313,0.475294,0.260120,0.053747,0.446272,0.383119,0.193204,0.099073,0.196413,0.274390,0.393246,0.350612,0.292265,0.424863,0.308348,0.254668,0.269135,0.803431,0.302013,0.550825,0.306577,0.250465,0.261528,0.181618,0.618739,0.537206,0.346949,0.378954,0.355976,0.176099,0.296344,0.219125,0.153953,0.242762,0.710391,0.390167,0.131305,0.749049,0.620482,0.223122,0.861374,0.317055,0.356979,0.268886,0.151166,0.240081,0.354376,0.177609,0.364959,0.726033,0.213471,0.249164,0.125661,0.317682,0.523791,0.140038
15.3,0.884025570951732,0.077008133,1,0.174331,0.256415,0.308219,0.888124,0.278444,0.300650,0.831438,0.829113,0.142771,0.624556,0.190718,0.363932,0.351846,0.102018,0.347350,0.706354,0.704431,0.206688,0.576887,0.294073,0.338253,0.101303,0.173077,0.225319,0.132841,0.698685,0.023947,0.197897,0.213971,0.489197,0.274840,0.139385,0.423577,0.442573,0.410597,0.303314,0.120500,0.594519,0.374671,0.318242,0.216980,0.235894,0.204274,0.392926,0.208866,0.479664,0.260043,0.057481,0.443821,0.393020,0.185390,0.100553,0.202603,0.275536,0.388179,0.351472,0.295786,0.428780,0.307718,0.252176,0.266344,0.808803,0.301943,0.543626,0.306487,0.255341,0.267047,0.181082,0.619630,0.540951,0.353162,0.382349,0.360876,0.174598,0.297956,0.216781,0.161348,0.242444,0.712137,0.387557,0.131209,0.757334,0.621359,0.232736,0.863966,0.319617,0.364729,0.260409,0.154227,0.235631,0.349195,0.176193,0.375652,0.733968,0.209769,0.249330,0.127240,0.305845,0.528689,0.139385
15.4,0.885935177141343,0.075750103,1,0.178952,0.253560,0.302409,0.888164,0.288021,0.303827,0.824967,0.828439,0.136149,0.614595,0.191308,0.363397,0.354840,0.104000,0.350696,0.707668,0.708499,0.202129,0.580385,0.294485,0.339953,0.099292,0.162833,0.218438,0.140917,0.705272,0.012895,0.193029,0.229526,0.487338,0.272561,0.138405,0.414607,0.443846,0.409433,0.302573,0.120763,0.597861,0.387719,0.309479,0.218710,0.231860,0.203874,0.395907,0.208857,0.486299,0.261808,0.046919,0.449208,0.392592,0.196708,0.101087,0.199706,0.272380,0.394781,0.350597,0.297195,0.427548,0.309512,0.248254,0.266644,0.809019,0.299472,0.548248,0.304691,0.247965,0.262312,0.180631,0.620838,0.543885,0.352746,0.388326,0.361727,0.179769,0.298119,0.219672,0.152892,0.242023,0.713623,0.396428,0.128082,0.761335,0.620598,0.223068,0.865134,0.322538,0.366964,0.261895,0.150688,0.237758,0.339567,0.179685,0.374311,0.733849,0.207391,0.232679,0.131797,0.305303,0.524270,0.138135
15.5,0.887813581556624,0.074512141,1,0.177779,0.260110,0.308522,0.880697,0.273546,0.304602,0.833692,0.831862,0.136345,0.621721,0.192840,0.365004,0.354235,0.092530,0.352058,0.706302,0.710848,0.205052,0.575297,0.296876,0.347757,0.096921,0.170433,0.236720,0.140290,0.704190,0.026544,0.194209,0.216463,0.493531,0.270254,0.132684,0.429232,0.445507,0.417551,0.307436,0.122962,0.603850,0.391966,0.315660,0.228597,0.225274,0.213825,0.388654,0.211821,0.493549,0.262028,0.041438,0.448794,0.388385,0.196413,0.099595,0.208182,0.273119,0.398963,0.339880,0.301188,0.423784,0.307831,0.247515,0.264145,0.812500,0.300638,0.559558,0.303651,0.246535,0.264057,0.181676,0.619013,0.548214,0.355821,0.385537,0.359081,0.176171,0.296717,0.226007,0.159585,0.242430,0.711974,0.396763,0.131046,0.759919,0.622859,0.232077,0.863301,0.325927,0.366614,0.267109,0.152244,0.228197,0.352005,0.178620,0.374144,0.740469,0.207600,0.233776,0.131015,0.309776,0.526757,0.139355
15.6,0.889661282189442,0.07329395,1,0.183094,0.255055,0.302665,0.880407,0.281559,0.303721,0.831726,0.834265,0.136769,0.621978,0.193779,0.366924,0.347683,0.093559,0.347387,0.709748,0.712033,0.208142,0.575431,0.301707,0.342128,0.101838,0.169063,0.235584,0.141779,0.707277,0.012766,0.194506,0.230334,0.491017,0.272619,0.129513,0.426531,0.444987,0.402779,0.305630,0.107505,0.598548,0.389719,0.329049,0.226874,0.225411,0.214255,0.391771,0.211850,0.492073,0.263746,0.049051,0.449988,0.391588,0.189325,0.094108,0.208821,0.272358,0.399826,0.338979,0.301164,0.428252,0.304295,0.249641,0.262933,0.809673,0.302459,0.549751,0.305432,0.250206,0.266913,0.182582,0.619762,0.552308,0.359161,0.388363,0.360850,0.181911,0.299641,0.217513,0.156366,0.240964,0.713811,0.394999,0.132829,0.753530,0.625088,0.228635,0.866809,0.318665,0.374999,0.262056,0.152878,0.228438,0.342915,0.180798,0.379543,0.743856,0.205168,0.240898,0.124365,0.307228,0.527236,0.143821
15.7,0.891478769667499,0.072095236,1,0.184060,0.259189,0.307483,0.885031,0.289882,0.301195,0.831743,0.828974,0.138323,0.625099,0.194080,0.369085,0.357584,0.095513,0.353778,0.706673,0.710551,0.212128,0.574018,0.307883,0.346946,0.101659,0.169433,0.223750,0.140910,0.708403,0.025027,0.196939,0.220607,0.496488,0.271331,0.133691,0.437492,0.448271,0.405583,0.305719,0.121852,0.603158,0.381817,0.324468,0.227167,0.225797,0.217296,0.393724,0.212035,0.495564,0.261695,0.036774,0.445313,0.391827,0.185791,0.098932,0.209896,0.282429,0.398148,0.351583,0.301302,0.429962,0.303649,0.246528,0.262819,0.806354,0.303297,0.561207,0.304026,0.251288,0.266608,0.183551,0.619418,0.554471,0.359737,0.394107,0.368665,0.178117,0.301605,0.226591,0.156934,0.241839,0.713366,0.398858,0.135822,0.757268,0.623026,0.235772,0.862217,0.318881,0.377526,0.260478,0.151460,0.229162,0.340268,0.190241,0.376901,0.738954,0.199780,0.245720,0.123092,0.320121,0.527690,0.136367
15.8,0.893266527333707,0.07091571,1,0.180552,0.258730,0.308572,0.895024,0.282682,0.304400,0.826747,0.827484,0.144508,0.618896,0.195490,0.367003,0.350126,0.094787,0.353297,0.707879,0.713685,0.207777,0.576626,0.302751,0.341122,0.097694,0.168251,0.236568,0.137482,0.706066,0.022978,0.202325,0.221360,0.496904,0.272771,0.130588,0.431284,0.448606,0.407146,0.306615,0.113634,0.598553,0.383268,0.324411,0.223491,0.223759,0.209779,0.391509,0.213672,0.503518,0.264038,0.034052,0.450314,0.393287,0.193594,0.096855,0.209011,0.280128,0.401820,0.349099,0.303546,0.423582,0.306103,0.245560,0.259929,0.809509,0.303891,0.555170,0.304483,0.250934,0.264783,0.188796,0.621732,0.556949,0.365058,0.396142,0.361176,0.178024,0.304887,0.220480,0.150308,0.240541,0.715723,0.404759,0.125354,0.759353,0.625450,0.224730,0.866050,0.327539,0.375307,0.271907,0.151160,0.227130,0.332952,0.185703,0.382513,0.734984,0.198091,0.248649,0.129816,0.310387,0.527424,0.141116
15.9,0.895025031326327,0.069755086,1,0.182793,0.261320,0.302479,0.888383,0.291458,0.300997,0.829399,0.834473,0.139362,0.616175,0.196570,0.371649,0.357024,0.085904,0.353618,0.708095,0.713382,0.215394,0.579717,0.297623,0.350630,0.099051,0.175464,0.227064,0.129443,0.703366,0.020991,0.202543,0.233946,0.495518,0.272033,0.142898,0.431721,0.449420,0.404102,0.312655,0.111421,0.597638,0.386488,0.331455,0.230611,0.225853,0.210032,0.403803,0.213569,0.506728,0.265710,0.038499,0.445929,0.396404,0.188967,0.092556,0.210987,0.284497,0.407640,0.344703,0.306855,0.424230,0.304891,0.243821,0.259866,0.805754,0.306932,0.559242,0.302332,0.251847,0.269970,0.185579,0.618068,0.561250,0.367530,0.400320,0.365215,0.179990,0.304792,0.228582,0.160111,0.240715,0.714523,0.405726,0.126677,0.765209,0.626485,0.237386,0.866364,0.325027,0.378371,0.266336,0.153777,0.227620,0.333629,0.182507,0.381562,0.750937,0.196833,0.254804,0.124700,0.327983,0.528502,0.140451
16,0.896754750659736,0.06861308,1,0.186619,0.257307,0.302415,0.885511,0.296046,0.305311,0.834868,0.830545,0.141014,0.618520,0.196357,0.370521,0.363139,0.087534,0.352555,0.710496,0.716303,0.209453,0.579745,0.299352,0.342761,0.100206,0.175639,0.232848,0.135820,0.708321,0.009637,0.198655,0.234395,0.497389,0.269409,0.134512,0.432846,0.450020,0.408892,0.313562,0.115018,0.600806,0.392203,0.324997,0.223825,0.223983,0.217672,0.398557,0.214526,0.512826,0.265753,0.034329,0.449793,0.403248,0.186465,0.096221,0.215097,0.283728,0.406064,0.345119,0.311223,0.424841,0.305921,0.238713,0.257613,0.813439,0.303268,0.562687,0.302093,0.249811,0.267763,0.187925,0.621050,0.562252,0.366184,0.402345,0.368883,0.181912,0.309496,0.229024,0.151997,0.240336,0.715751,0.401099,0.125918,0.764602,0.625770,0.232487,0.867821,0.333261,0.380045,0.274160,0.151233,0.221760,0.334011,0.187434,0.391768,0.739759,0.198775,0.251273,0.117820,0.323843,0.521027,0.137772
16.1,0.89845614730574,0.067489412,1,0.185111,0.267636,0.307453,0.882169,0.287796,0.301376,0.830693,0.834042,0.139080,0.625577,0.197306,0.370480,0.359540,0.086380,0.349140,0.708735,0.718680,0.214061,0.597956,0.304344,0.355451,0.100226,0.168743,0.236425,0.122478,0.705694,0.013623,0.197866,0.234036,0.497204,0.266027,0.133235,0.445255,0.453692,0.409675,0.310179,0.110682,0.604765,0.402419,0.335976,0.226264,0.222369,0.214837,0.404975,0.217448,0.512977,0.265583,0.032287,0.451107,0.400139,0.191124,0.094144,0.210383,0.282766,0.407845,0.343934,0.311286,0.429421,0.305365,0.239568,0.256550,0.807221,0.305132,0.561903,0.302292,0.254301,0.267403,0.190231,0.619142,0.569015,0.371227,0.402435,0.368750,0.189297,0.307026,0.231828,0.158461,0.241660,0.718036,0.410787,0.127142,0.771405,0.629567,0.239288,0.864080,0.331500,0.385426,0.266664,0.153406,0.226227,0.337722,0.194647,0.390051,0.752213,0.193323,0.242478,0.123399,0.323832,0.521424,0.143314
16.2,0.900129676275319,0.066383805,1,0.185843,0.260030,0.301455,0.889660,0.295670,0.301699,0.837139,0.828661,0.139991,0.620000,0.197904,0.373331,0.356389,0.095164,0.353706,0.710655,0.717270,0.213082,0.598002,0.313792,0.356884,0.092571,0.171664,0.239918,0.123069,0.704521,0.012851,0.200613,0.230298,0.500638,0.266754,0.126086,0.436711,0.455420,0.412790,0.315062,0.113333,0.606083,0.392742,0.339569,0.231812,0.222990,0.217822,0.398161,0.217589,0.515592,0.265343,0.040881,0.448791,0.404499,0.180794,0.088428,0.211377,0.281661,0.411280,0.350990,0.315043,0.429377,0.304864,0.234274,0.254221,0.807332,0.307821,0.559658,0.302197,0.251505,0.268499,0.188649,0.617588,0.573438,0.372743,0.403592,0.375145,0.188075,0.306920,0.231117,0.155751,0.241368,0.717726,0.405255,0.133923,0.768971,0.629902,0.234925,0.866495,0.328997,0.388711,0.266603,0.152529,0.218097,0.338894,0.191368,0.396216,0.744750,0.195394,0.241371,0.122631,0.324295,0.522175,0.133601
16.3,0.901775785700708,0.065295986,1,0.191898,0.267948,0.301021,0.886630,0.284208,0.303396,0.834550,0.829953,0.135533,0.627074,0.199671,0.373889,0.365148,0.098857,0.347411,0.707864,0.718633,0.218536,0.587305,0.312044,0.357367,0.094176,0.173820,0.248811,0.123777,0.707570,0.005592,0.199704,0.236919,0.502657,0.266796,0.125357,0.449186,0.456152,0.419390,0.312774,0.108495,0.603597,0.389253,0.341628,0.231393,0.223698,0.220375,0.401083,0.218320,0.524088,0.267480,0.032533,0.452811,0.402024,0.183846,0.090475,0.218570,0.292122,0.414680,0.352591,0.314397,0.429908,0.301231,0.234112,0.252789,0.810296,0.308685,0.560503,0.303080,0.248107,0.268608,0.191042,0.622495,0.577815,0.374055,0.406396,0.375786,0.187753,0.312003,0.232332,0.157295,0.240866,0.718717,0.407550,0.129978,0.764250,0.630445,0.246253,0.863603,0.333518,0.391737,0.273542,0.152300,0.226382,0.334515,0.188904,0.391532,0.747915,0.197393,0.249304,0.119867,0.319153,0.524225,0.138114
16.4,0.903394916917743,0.064225685,1,0.190922,0.267710,0.293708,0.881042,0.289776,0.306243,0.832916,0.833861,0.139944,0.621783,0.200545,0.377921,0.370265,0.089265,0.354871,0.712298,0.720271,0.216324,0.603030,0.313066,0.354533,0.088493,0.178245,0.250894,0.129459,0.699883,0.009751,0.200595,0.237754,0.503386,0.266942,0.126670,0.454604,0.456609,0.414050,0.317571,0.111221,0.602834,0.408126,0.334870,0.230224,0.220948,0.222714,0.402311,0.219513,0.527743,0.268351,0.030106,0.447900,0.404421,0.181948,0.086774,0.220275,0.284679,0.413490,0.334301,0.317307,0.429199,0.304194,0.232338,0.251446,0.811267,0.309986,0.562196,0.302570,0.254254,0.270223,0.190483,0.623084,0.581565,0.373156,0.409817,0.380375,0.190150,0.314084,0.230042,0.144147,0.240199,0.719157,0.409019,0.121913,0.774079,0.632246,0.234955,0.867301,0.333767,0.391421,0.276475,0.149664,0.216649,0.334463,0.196217,0.395581,0.757423,0.191787,0.248241,0.120902,0.319376,0.520852,0.132253
16.5,0.904987504548361,0.063172633,1,0.191544,0.265192,0.296832,0.881187,0.303542,0.302802,0.832845,0.828335,0.128825,0.624294,0.199292,0.377444,0.362073,0.095197,0.352706,0.710035,0.721393,0.222954,0.591491,0.309300,0.357051,0.091145,0.170488,0.252567,0.131867,0.704461,0.013213,0.206399,0.233803,0.502939,0.266841,0.137964,0.444040,0.458142,0.420298,0.315523,0.101282,0.603459,0.399566,0.338441,0.231165,0.216481,0.218990,0.409055,0.219714,0.528414,0.267441,0.041490,0.452648,0.400473,0.183681,0.088744,0.211479,0.288811,0.415128,0.349165,0.319473,0.430671,0.299608,0.227928,0.251282,0.808761,0.308851,0.564099,0.300118,0.253938,0.275579,0.194797,0.622862,0.583857,0.381285,0.413325,0.374612,0.191106,0.316772,0.238125,0.154773,0.239528,0.717231,0.409733,0.123395,0.770789,0.631023,0.237314,0.866731,0.334798,0.394263,0.274227,0.149889,0.224102,0.338704,0.186790,0.403149,0.750047,0.185753,0.259496,0.114428,0.328652,0.516638,0.135513
16.6,0.906553976583208,0.062136569,1,0.194630,0.264479,0.297927,0.892109,0.296240,0.306733,0.832943,0.832435,0.138116,0.626720,0.202388,0.379703,0.368896,0.089446,0.352315,0.711993,0.724320,0.220202,0.593787,0.314138,0.353854,0.094022,0.173935,0.239194,0.123743,0.709216,0.010968,0.203048,0.240421,0.507087,0.263096,0.130981,0.453755,0.459163,0.420793,0.316861,0.114947,0.608960,0.394809,0.335013,0.237998,0.221408,0.219578,0.412361,0.222328,0.536452,0.268948,0.026939,0.454593,0.410069,0.176976,0.086202,0.217166,0.300662,0.421935,0.340768,0.322385,0.425508,0.299780,0.230231,0.248969,0.815875,0.311463,0.566848,0.301346,0.253338,0.273128,0.196064,0.622069,0.588254,0.382684,0.410375,0.382140,0.194007,0.318721,0.230349,0.150883,0.239939,0.718421,0.417142,0.120629,0.778481,0.631989,0.242044,0.863109,0.336469,0.395504,0.268669,0.150592,0.219027,0.337438,0.196077,0.404826,0.745398,0.190388,0.260759,0.120505,0.336790,0.515873,0.131470
16.7,0.908094754464256,0.061117232,1,0.195973,0.267250,0.296620,0.893706,0.295267,0.302395,0.832402,0.834603,0.136652,0.622019,0.203418,0.380881,0.376181,0.081768,0.352928,0.710770,0.726773,0.225566,0.597768,0.312694,0.359272,0.085110,0.176073,0.252823,0.125118,0.701334,0.014792,0.206183,0.225315,0.507632,0.262112,0.125818,0.451723,0.459754,0.420754,0.317633,0.108460,0.601004,0.402063,0.345607,0.231861,0.215591,0.217719,0.417622,0.221227,0.539042,0.270419,0.035243,0.454741,0.411721,0.179809,0.089733,0.220819,0.295230,0.419312,0.341649,0.322286,0.429792,0.302484,0.226329,0.247166,0.813186,0.311190,0.567333,0.300030,0.248383,0.276572,0.191962,0.618866,0.589586,0.383250,0.417746,0.383253,0.194783,0.320011,0.233593,0.149841,0.240713,0.718909,0.417244,0.124051,0.770176,0.634410,0.233509,0.867289,0.348397,0.399081,0.266599,0.148681,0.219185,0.335396,0.199417,0.405262,0.751922,0.186806,0.260419,0.112067,0.338062,0.526202,0.134544
16.8,0.909610253167374,0.060114365,1,0.193461,0.271581,0.299714,0.889318,0.306710,0.306253,0.834703,0.832646,0.131885,0.623486,0.201681,0.379137,0.374583,0.087347,0.354596,0.713403,0.724697,0.226340,0.598348,0.316052,0.359462,0.092985,0.180895,0.255621,0.128770,0.709432,0.002990,0.206946,0.241862,0.510449,0.263370,0.134304,0.462244,0.463699,0.410754,0.320626,0.100730,0.607469,0.413390,0.352938,0.233973,0.219295,0.226440,0.410614,0.222409,0.542327,0.270322,0.038285,0.450576,0.409625,0.177787,0.085926,0.213494,0.294394,0.421563,0.347396,0.325270,0.428448,0.299108,0.225368,0.245599,0.807548,0.308975,0.571324,0.299700,0.252552,0.273184,0.198097,0.622396,0.592684,0.382403,0.419685,0.378616,0.192093,0.317229,0.235162,0.152516,0.240026,0.717739,0.421155,0.130566,0.776196,0.634902,0.241724,0.864699,0.348265,0.406061,0.275207,0.148547,0.213778,0.323715,0.192042,0.404824,0.757076,0.184316,0.249600,0.118537,0.334681,0.520701,0.137738
16.9,0.911100881284795,0.059127713,1,0.194094,0.268704,0.292863,0.883557,0.299269,0.305957,0.836958,0.832711,0.123918,0.617732,0.204021,0.383679,0.366080,0.091099,0.347844,0.712122,0.729795,0.221805,0.598547,0.313056,0.360894,0.083107,0.177145,0.250077,0.124109,0.702664,0.002088,0.210055,0.232379,0.511092,0.260028,0.138878,0.460463,0.462652,0.407351,0.319785,0.108938,0.606033,0.408020,0.353902,0.236781,0.214946,0.221562,0.412922,0.224459,0.547661,0.271183,0.033730,0.452481,0.414046,0.180748,0.084187,0.222622,0.300881,0.423420,0.331079,0.325389,0.427998,0.300148,0.221055,0.244355,0.812128,0.310946,0.576881,0.298207,0.250159,0.272751,0.196597,0.620623,0.597629,0.389384,0.421323,0.386318,0.199379,0.317549,0.240099,0.151225,0.239576,0.720778,0.419862,0.124168,0.782683,0.636796,0.240611,0.864982,0.344199,0.407015,0.278302,0.148463,0.214744,0.315850,0.192934,0.404367,0.753912,0.188542,0.258735,0.114929,0.327037,0.526500,0.129132
17,0.912567041107402,0.058157027,1,0.197297,0.272419,0.293895,0.895569,0.304883,0.305807,0.838624,0.832641,0.130076,0.619172,0.205981,0.384277,0.369841,0.076391,0.351237,0.712651,0.729087,0.223536,0.613370,0.310919,0.361726,0.090836,0.184514,0.244631,0.116569,0.699535,0.008061,0.204164,0.239196,0.509638,0.261846,0.124329,0.459122,0.465167,0.411910,0.320400,0.102005,0.607285,0.413083,0.350825,0.236611,0.217650,0.225811,0.421788,0.225128,0.545301,0.273042,0.033120,0.452350,0.417654,0.183450,0.083966,0.215532,0.302355,0.430832,0.333070,0.327982,0.425287,0.300038,0.218914,0.244027,0.812145,0.312356,0.577065,0.297750,0.245447,0.278726,0.195046,0.617695,0.601537,0.390984,0.418806,0.381284,0.194286,0.320772,0.238072,0.140786,0.239232,0.720587,0.422474,0.128009,0.781315,0.636917,0.244406,0.866145,0.343857,0.406174,0.275655,0.147615,0.207994,0.330875,0.202968,0.407872,0.757557,0.185135,0.265623,0.119446,0.340938,0.517912,0.129274
17.1,0.914009128706791,0.05720206,1,0.198438,0.276426,0.302462,0.883692,0.305889,0.303848,0.835026,0.831205,0.124941,0.628236,0.204496,0.382638,0.383995,0.074726,0.353235,0.713442,0.729715,0.224309,0.616424,0.314647,0.360838,0.082084,0.185696,0.256371,0.126176,0.702115,0.013527,0.204793,0.237840,0.511278,0.260152,0.128045,0.463338,0.466960,0.419236,0.321395,0.109406,0.607322,0.418570,0.354593,0.235901,0.214668,0.226368,0.416023,0.226221,0.549812,0.272625,0.028265,0.451113,0.418884,0.180090,0.085734,0.218411,0.308661,0.428578,0.333879,0.331604,0.429425,0.297819,0.216072,0.241496,0.810534,0.313862,0.574237,0.295309,0.251485,0.278110,0.198979,0.622584,0.603241,0.392294,0.423393,0.382663,0.198988,0.319860,0.236585,0.139732,0.239279,0.719030,0.422815,0.120177,0.782442,0.635696,0.242149,0.868690,0.349674,0.412901,0.278571,0.147472,0.216215,0.322542,0.199688,0.411343,0.756354,0.181113,0.261633,0.119171,0.325186,0.522816,0.132351
17.2,0.915427534017061,0.056262567,1,0.199882,0.275336,0.288058,0.896451,0.297302,0.304089,0.832631,0.834176,0.136689,0.623666,0.205792,0.387556,0.370321,0.084795,0.353142,0.711767,0.731648,0.225493,0.606470,0.308469,0.364959,0.080069,0.190076,0.259709,0.123006,0.705170,0.000000,0.211404,0.238942,0.514244,0.259551,0.122203,0.469431,0.466126,0.416731,0.324299,0.106305,0.604081,0.412337,0.359391,0.244212,0.214899,0.219940,0.418263,0.227345,0.552991,0.272197,0.026445,0.456356,0.417176,0.185750,0.080211,0.225175,0.303512,0.430977,0.326405,0.333877,0.427459,0.294628,0.217431,0.240715,0.816367,0.314809,0.577485,0.296857,0.249953,0.275675,0.200604,0.619696,0.605571,0.395933,0.422734,0.385382,0.201750,0.326916,0.244852,0.146316,0.238933,0.721768,0.429409,0.126775,0.787543,0.637266,0.241636,0.867899,0.356960,0.416256,0.275503,0.148809,0.214940,0.323244,0.201391,0.418222,0.754233,0.181942,0.266969,0.113818,0.330658,0.521562,0.132385
17.3,0.916822640916273,0.055338308,1,0.202636,0.272025,0.300234,0.886806,0.307820,0.307447,0.836674,0.831595,0.131935,0.625569,0.205952,0.387626,0.379900,0.085350,0.354808,0.710271,0.732333,0.233719,0.606550,0.318678,0.361627,0.081501,0.182562,0.250306,0.114794,0.704391,0.006668,0.206969,0.230518,0.514068,0.260321,0.121937,0.468759,0.467483,0.412395,0.324058,0.103122,0.604744,0.419712,0.365035,0.242175,0.214317,0.224753,0.428723,0.228679,0.555880,0.274669,0.020464,0.455921,0.414187,0.186211,0.082493,0.219597,0.307171,0.431674,0.335730,0.333619,0.427416,0.295318,0.212101,0.238719,0.813094,0.315707,0.581188,0.294624,0.248332,0.276298,0.200822,0.621157,0.612850,0.395887,0.427210,0.388907,0.202596,0.325217,0.244064,0.140873,0.239399,0.719692,0.423684,0.120544,0.778311,0.636790,0.251164,0.869329,0.351725,0.418478,0.280323,0.150785,0.207373,0.323777,0.200838,0.422108,0.754364,0.175683,0.257435,0.113367,0.331027,0.516584,0.129105
17.4,0.918194827307535,0.054429045,1,0.203472,0.275768,0.291003,0.888119,0.312237,0.304681,0.838344,0.829766,0.129855,0.617895,0.207850,0.389716,0.387637,0.089146,0.350765,0.709585,0.735630,0.230068,0.620103,0.316872,0.357649,0.083758,0.186400,0.262161,0.120387,0.710652,0.014305,0.210225,0.234536,0.517951,0.255419,0.128993,0.476687,0.471432,0.423044,0.322301,0.102052,0.608825,0.413575,0.356227,0.241636,0.204366,0.231368,0.424446,0.229231,0.563046,0.275599,0.014795,0.457359,0.420925,0.183904,0.080347,0.221805,0.303908,0.435257,0.333056,0.333892,0.424150,0.293862,0.209380,0.237461,0.811437,0.315259,0.582680,0.294917,0.249384,0.276072,0.201456,0.622422,0.614205,0.400672,0.426865,0.388413,0.197874,0.329187,0.243748,0.141646,0.238800,0.721677,0.423866,0.116948,0.785328,0.638598,0.241332,0.868345,0.355381,0.416725,0.274463,0.148230,0.203625,0.306853,0.200851,0.416283,0.754967,0.175972,0.251304,0.108354,0.344050,0.530487,0.130458
17.5,0.919544465199688,0.053534546,1,0.206509,0.276852,0.293903,0.891806,0.312089,0.307250,0.840283,0.829966,0.125804,0.628274,0.209098,0.387671,0.371421,0.085941,0.354893,0.710864,0.732922,0.233413,0.615544,0.310140,0.356588,0.076376,0.180893,0.259528,0.115142,0.711447,0.006732,0.215162,0.234010,0.515308,0.256250,0.126360,0.468387,0.472595,0.417158,0.328616,0.100781,0.609999,0.426140,0.367168,0.246230,0.212147,0.230029,0.420317,0.229130,0.569615,0.275817,0.025101,0.455816,0.423841,0.176818,0.075528,0.219047,0.310487,0.433908,0.341172,0.339917,0.427161,0.293041,0.213146,0.236512,0.813326,0.315363,0.585869,0.293977,0.249425,0.278262,0.201634,0.619787,0.618227,0.397942,0.434732,0.393915,0.199971,0.326026,0.245853,0.133251,0.237973,0.723695,0.427392,0.113244,0.789283,0.639461,0.248825,0.866404,0.359154,0.420818,0.279153,0.148197,0.207016,0.321263,0.201294,0.422847,0.763275,0.176378,0.262688,0.110784,0.337137,0.526663,0.128728
17.6,0.920871920787524,0.052654577,1,0.202340,0.283864,0.287353,0.895530,0.302518,0.306132,0.836265,0.837132,0.128031,0.621236,0.210013,0.389930,0.387602,0.083079,0.351572,0.712530,0.735285,0.230576,0.618614,0.319380,0.365557,0.076956,0.184178,0.265850,0.114159,0.708522,0.000921,0.216272,0.238123,0.517620,0.255291,0.119868,0.478385,0.472140,0.414393,0.329717,0.100886,0.609537,0.417691,0.361834,0.238317,0.205247,0.223194,0.421522,0.231539,0.569093,0.275625,0.029130,0.454162,0.425020,0.180620,0.080977,0.222214,0.313410,0.439929,0.338288,0.338805,0.430069,0.295372,0.211567,0.233221,0.809192,0.314723,0.587071,0.291877,0.246092,0.281249,0.201613,0.622399,0.621372,0.402770,0.433199,0.400735,0.205581,0.328364,0.247962,0.141942,0.238422,0.723132,0.429333,0.117017,0.787998,0.641381,0.241685,0.868284,0.360130,0.424152,0.276593,0.147543,0.205881,0.313332,0.199107,0.429516,0.762791,0.171927,0.270001,0.105477,0.345485,0.524695,0.130177
17.7,0.922177554531532,0.051788913,1,0.205326,0.276968,0.287610,0.891675,0.305072,0.304054,0.839034,0.835614,0.123687,0.623509,0.211062,0.392184,0.376464,0.079695,0.349431,0.711401,0.739043,0.238375,0.622787,0.317042,0.367580,0.074295,0.182339,0.263240,0.111087,0.699425,0.009180,0.215791,0.246500,0.522387,0.252174,0.118101,0.487055,0.472551,0.422168,0.325510,0.100855,0.609025,0.414749,0.360811,0.243331,0.205645,0.232462,0.422929,0.232076,0.571466,0.276495,0.017175,0.452063,0.422665,0.176808,0.073510,0.228629,0.310910,0.439944,0.333251,0.342376,0.430964,0.289774,0.207264,0.233367,0.811450,0.318791,0.590001,0.293434,0.243931,0.284695,0.201644,0.620363,0.624176,0.405522,0.436174,0.392398,0.204444,0.328599,0.251866,0.141195,0.237555,0.723098,0.429080,0.123727,0.790684,0.642099,0.252148,0.865792,0.360191,0.430132,0.277533,0.146248,0.205789,0.317310,0.201955,0.423610,0.762902,0.169780,0.260661,0.109548,0.342242,0.517828,0.131067
17.8,0.923461721237116,0.050937327,1,0.206095,0.279752,0.280985,0.890408,0.315992,0.306847,0.838945,0.833756,0.132953,0.626586,0.211060,0.392320,0.378628,0.078072,0.352584,0.714228,0.738409,0.239560,0.617625,0.316579,0.365453,0.079918,0.193013,0.264120,0.119892,0.704063,0.010314,0.215703,0.238948,0.518720,0.253482,0.129297,0.484241,0.475523,0.411241,0.329262,0.093828,0.613620,0.430132,0.358458,0.243473,0.207735,0.224556,0.435376,0.231867,0.574059,0.277132,0.016592,0.456640,0.423870,0.169309,0.075695,0.221738,0.320054,0.445394,0.320332,0.345218,0.426592,0.293871,0.205705,0.230847,0.812258,0.318185,0.591289,0.291283,0.245711,0.282142,0.203300,0.622820,0.628905,0.403656,0.436898,0.397676,0.201995,0.335019,0.252442,0.130436,0.237279,0.722717,0.434609,0.116301,0.787113,0.643612,0.247130,0.869258,0.362847,0.427331,0.281776,0.145520,0.198185,0.300538,0.199146,0.427659,0.771716,0.165211,0.271697,0.109506,0.343011,0.516079,0.130902
17.9,0.92472477013327,0.0500996,1,0.210383,0.281199,0.285537,0.890554,0.315952,0.303948,0.836358,0.834593,0.119308,0.618275,0.211949,0.392719,0.380425,0.072539,0.352478,0.713547,0.740578,0.240569,0.622958,0.314362,0.364518,0.077068,0.186221,0.256450,0.117622,0.701447,0.001863,0.211619,0.248892,0.522749,0.253357,0.121318,0.482483,0.475804,0.422789,0.328125,0.106924,0.613925,0.421183,0.363468,0.247241,0.199179,0.231423,0.437769,0.234938,0.577997,0.277065,0.023405,0.454968,0.428248,0.172895,0.071230,0.223045,0.317019,0.445973,0.330238,0.346408,0.429052,0.291858,0.202024,0.230189,0.814894,0.316536,0.586485,0.290997,0.246062,0.279456,0.203903,0.620059,0.630992,0.411077,0.442495,0.404677,0.207925,0.331887,0.248483,0.138912,0.237030,0.724701,0.434754,0.110333,0.786895,0.643580,0.250258,0.865653,0.359996,0.434532,0.268959,0.148742,0.201844,0.302897,0.198735,0.434571,0.762931,0.164960,0.267405,0.111218,0.350064,0.522624,0.131588
18,0.925967044950669,0.049275511,1,0.207833,0.287691,0.283895,0.890341,0.319073,0.304879,0.834865,0.831306,0.119579,0.626123,0.212158,0.395512,0.386944,0.075121,0.352715,0.710395,0.741153,0.239390,0.632655,0.320655,0.363430,0.080481,0.187888,0.267133,0.111528,0.709627,0.000000,0.211485,0.246171,0.523481,0.251730,0.132022,0.483177,0.476186,0.412672,0.328162,0.097346,0.612867,0.424706,0.373274,0.250615,0.203396,0.226707,0.435362,0.235860,0.585070,0.279928,0.012365,0.456395,0.427208,0.170247,0.070351,0.236578,0.311740,0.444443,0.324007,0.346881,0.426681,0.290875,0.198190,0.228400,0.816061,0.319210,0.586223,0.288300,0.241838,0.280729,0.207365,0.622458,0.635531,0.407598,0.439427,0.396707,0.208134,0.337008,0.251261,0.130410,0.236526,0.723521,0.440567,0.118889,0.788677,0.643098,0.249871,0.864803,0.366913,0.430890,0.280135,0.147782,0.201385,0.302288,0.204169,0.435165,0.766702,0.169082,0.259421,0.107583,0.352653,0.529685,0.123992
18.1,0.927188883999159,0.048464847,1,0.208614,0.286764,0.277388,0.891608,0.313070,0.306398,0.834704,0.834765,0.120055,0.622416,0.212862,0.394650,0.392588,0.074214,0.349101,0.710702,0.741345,0.237098,0.630133,0.325642,0.371819,0.080204,0.195647,0.268722,0.112331,0.708936,0.000000,0.215972,0.247731,0.523259,0.249164,0.128097,0.489193,0.480244,0.416494,0.332712,0.103605,0.609047,0.418254,0.369404,0.247205,0.198396,0.231068,0.437568,0.235331,0.585170,0.278890,0.016086,0.454652,0.430398,0.180398,0.072347,0.225297,0.322831,0.451308,0.317916,0.350085,0.429466,0.288974,0.200908,0.225878,0.818421,0.317662,0.594572,0.289367,0.249403,0.285257,0.208172,0.619489,0.636143,0.412965,0.443060,0.406676,0.208797,0.334372,0.251171,0.127742,0.236213,0.724385,0.443017,0.111778,0.791925,0.642975,0.248584,0.868957,0.375319,0.434491,0.283178,0.147639,0.203574,0.297501,0.207553,0.431558,0.776883,0.164437,0.273243,0.103113,0.338408,0.524758,0.121911
18.2,0.928390620244623,0.047667394,1,0.211295,0.290067,0.289733,0.890302,0.310734,0.304222,0.843405,0.831472,0.120328,0.621909,0.213572,0.398520,0.390272,0.075184,0.354431,0.713774,0.742938,0.241164,0.628835,0.319177,0.366597,0.072545,0.191085,0.273105,0.111794,0.704190,0.000000,0.212827,0.249263,0.524976,0.246981,0.117330,0.488326,0.478812,0.425601,0.332716,0.099505,0.608690,0.421204,0.373437,0.252615,0.203689,0.228115,0.439778,0.235744,0.589641,0.282024,0.007271,0.454903,0.432917,0.178554,0.071749,0.229589,0.319037,0.448355,0.314989,0.349569,0.426507,0.284709,0.193226,0.224003,0.812931,0.318430,0.596024,0.288795,0.243536,0.285810,0.207827,0.620259,0.642986,0.412226,0.447450,0.410102,0.206414,0.341049,0.251796,0.126324,0.235847,0.722934,0.444207,0.109723,0.791535,0.644874,0.263952,0.865386,0.369485,0.438086,0.276612,0.146350,0.196413,0.299946,0.214282,0.440131,0.770475,0.160879,0.273884,0.109510,0.346593,0.526498,0.124664
18.3,0.929572581385196,0.046882944,1,0.212255,0.285014,0.286542,0.883088,0.310270,0.306039,0.840453,0.835359,0.120380,0.630069,0.215483,0.397602,0.397892,0.074669,0.349256,0.713484,0.744460,0.242908,0.625724,0.322387,0.374254,0.075510,0.187425,0.280306,0.107227,0.710087,0.001980,0.215875,0.254893,0.527087,0.249809,0.128755,0.487710,0.480391,0.411592,0.331506,0.097137,0.614830,0.432283,0.380154,0.249481,0.197995,0.235236,0.443733,0.238081,0.593164,0.282425,0.020611,0.458853,0.430557,0.169418,0.067796,0.232638,0.319252,0.452744,0.319878,0.353583,0.425620,0.284693,0.191877,0.223997,0.817432,0.322297,0.601364,0.286571,0.239791,0.288705,0.208071,0.620760,0.642899,0.418169,0.446345,0.405286,0.209011,0.340681,0.260135,0.133355,0.234694,0.726015,0.439414,0.108330,0.796238,0.645887,0.262141,0.867181,0.368199,0.442899,0.273754,0.145589,0.192396,0.305669,0.208355,0.444804,0.777183,0.165966,0.272241,0.108013,0.356237,0.521503,0.123353
18.4,0.930735089926807,0.04611129,1,0.212507,0.285285,0.276574,0.888198,0.316778,0.308440,0.842702,0.836641,0.129242,0.629970,0.217048,0.402030,0.394407,0.074980,0.356086,0.715045,0.744783,0.244731,0.629789,0.318775,0.367677,0.077308,0.193270,0.266032,0.110984,0.705950,0.009219,0.221527,0.249262,0.529252,0.245669,0.127287,0.496462,0.483696,0.415696,0.335287,0.092518,0.610057,0.440489,0.377913,0.252147,0.196471,0.231173,0.445804,0.239028,0.597570,0.283453,0.007893,0.458452,0.430779,0.172819,0.070869,0.228462,0.316949,0.452645,0.328775,0.355013,0.431342,0.283130,0.191079,0.220880,0.816506,0.318709,0.602600,0.286525,0.240156,0.289777,0.206307,0.618825,0.647423,0.420092,0.449387,0.412883,0.213244,0.342933,0.251623,0.133981,0.234706,0.723582,0.449201,0.108523,0.796210,0.645732,0.265709,0.864657,0.369911,0.445096,0.274245,0.146188,0.199274,0.302061,0.207828,0.443701,0.774828,0.156904,0.274619,0.102324,0.351243,0.516198,0.126723
18.5,0.931878463258046,0.045352229,1,0.213442,0.287521,0.284917,0.884752,0.318945,0.308480,0.837427,0.831614,0.116662,0.621912,0.216549,0.400116,0.392870,0.076544,0.353148,0.713541,0.747689,0.241571,0.641697,0.323963,0.372120,0.075532,0.189130,0.267320,0.106170,0.702560,0.007474,0.220804,0.246700,0.529734,0.245048,0.117576,0.501557,0.485002,0.421789,0.334433,0.097608,0.608281,0.434253,0.386224,0.249669,0.192442,0.235604,0.444883,0.239085,0.599958,0.284282,0.008213,0.457611,0.433028,0.164994,0.066120,0.239831,0.323490,0.460829,0.312382,0.354412,0.426209,0.283880,0.188660,0.220111,0.816559,0.322253,0.595017,0.283636,0.244605,0.284062,0.207433,0.621485,0.649370,0.421358,0.453412,0.409484,0.211294,0.344226,0.261522,0.128239,0.235997,0.725231,0.449801,0.107981,0.796486,0.647834,0.255628,0.865604,0.376659,0.448610,0.282977,0.145058,0.194253,0.300239,0.216340,0.449351,0.769810,0.155524,0.277376,0.100691,0.354445,0.516690,0.123911
18.6,0.933003013724318,0.044605561,1,0.218597,0.287861,0.271905,0.889734,0.318662,0.308123,0.841761,0.836714,0.126540,0.619526,0.217490,0.400777,0.394296,0.069883,0.351527,0.710575,0.746102,0.246953,0.639321,0.315598,0.366844,0.073349,0.200140,0.278627,0.108571,0.699587,0.000000,0.223669,0.247932,0.532713,0.244026,0.110948,0.499952,0.484581,0.426536,0.334285,0.089121,0.612565,0.428224,0.381464,0.252766,0.195265,0.234214,0.447151,0.239345,0.606102,0.283099,0.020195,0.456323,0.434492,0.173067,0.066612,0.233728,0.322937,0.461875,0.319661,0.358902,0.428869,0.285627,0.186311,0.218807,0.816851,0.321843,0.595215,0.283976,0.243881,0.289831,0.208853,0.623081,0.654321,0.421904,0.454617,0.412588,0.212881,0.341614,0.254104,0.121307,0.233942,0.724957,0.445616,0.114202,0.798414,0.648250,0.254992,0.867184,0.376146,0.448207,0.275644,0.143700,0.188621,0.301034,0.216706,0.441895,0.769561,0.154401,0.275960,0.097518,0.343384,0.519789,0.124375
18.7,0.934109048701289,0.043871089,1,0.216803,0.290158,0.280216,0.888082,0.317563,0.305969,0.843631,0.837178,0.118113,0.621893,0.217931,0.403483,0.389291,0.073012,0.352170,0.710398,0.747851,0.245114,0.640558,0.320821,0.374139,0.072307,0.188457,0.279189,0.100734,0.704621,0.005235,0.222465,0.252800,0.529685,0.243532,0.113375,0.507753,0.485867,0.414575,0.334283,0.096388,0.614907,0.439799,0.380469,0.250487,0.194536,0.238550,0.440035,0.241387,0.605777,0.284831,0.011371,0.455107,0.441558,0.172592,0.070957,0.232491,0.327130,0.458679,0.316681,0.358923,0.427225,0.283779,0.183786,0.216822,0.818202,0.320118,0.595035,0.281988,0.238800,0.288355,0.210552,0.618220,0.657996,0.424126,0.453992,0.407230,0.215253,0.347979,0.257773,0.128742,0.233274,0.726599,0.454173,0.111630,0.795890,0.647876,0.268882,0.868235,0.374419,0.450405,0.276319,0.143061,0.195060,0.300425,0.216123,0.452720,0.771929,0.160433,0.261583,0.105088,0.357044,0.520074,0.122480
18.8,0.935196870667593,0.043148618,1,0.220408,0.290008,0.277347,0.897591,0.319773,0.304970,0.838402,0.836128,0.119135,0.623489,0.220276,0.406586,0.396121,0.068875,0.351781,0.715022,0.747487,0.250472,0.646021,0.321482,0.375075,0.066865,0.202447,0.284845,0.106281,0.708414,0.009472,0.222895,0.258010,0.530280,0.241783,0.106795,0.502040,0.486656,0.416774,0.340082,0.100724,0.614746,0.430647,0.380766,0.254160,0.197175,0.233376,0.445985,0.242771,0.608993,0.283927,0.006658,0.457271,0.441283,0.173484,0.065827,0.238277,0.333668,0.459311,0.313728,0.362090,0.428637,0.282081,0.178068,0.216145,0.814313,0.323364,0.598646,0.280761,0.245380,0.287793,0.211766,0.619762,0.659327,0.426754,0.460536,0.407905,0.215777,0.344691,0.260073,0.128486,0.233923,0.725302,0.447691,0.108290,0.806763,0.649345,0.265865,0.870185,0.380195,0.452845,0.285415,0.142070,0.187319,0.283412,0.219425,0.449036,0.779085,0.153186,0.273424,0.094815,0.345094,0.521163,0.121424
18.9,0.936266777276809,0.042437957,1,0.219619,0.290270,0.270504,0.897244,0.325543,0.306848,0.837239,0.833711,0.121712,0.630693,0.219058,0.406267,0.396593,0.066148,0.356071,0.712738,0.747998,0.247772,0.635311,0.316022,0.375666,0.066656,0.194695,0.274274,0.097157,0.707689,0.000121,0.218481,0.249581,0.532382,0.240644,0.106973,0.510030,0.488422,0.426200,0.338717,0.097279,0.609192,0.432299,0.385593,0.258257,0.188308,0.242214,0.446260,0.243441,0.612324,0.285439,0.010740,0.460020,0.438396,0.165551,0.064546,0.235858,0.329206,0.462207,0.320054,0.362774,0.426576,0.279385,0.177734,0.213085,0.818589,0.325414,0.601646,0.281668,0.244075,0.292870,0.213031,0.624622,0.663889,0.427179,0.461404,0.412338,0.215483,0.345835,0.265545,0.123825,0.233462,0.726993,0.457144,0.110381,0.802275,0.650441,0.262380,0.865387,0.383877,0.454258,0.281466,0.144180,0.190353,0.296136,0.219928,0.457815,0.782541,0.150604,0.277625,0.100488,0.351617,0.528907,0.120446
19,0.937319061428676,0.041738917,1,0.217687,0.298836,0.279216,0.893447,0.328626,0.306505,0.843069,0.836850,0.125178,0.630669,0.219530,0.409026,0.395734,0.063427,0.355561,0.713124,0.751893,0.246901,0.640785,0.323035,0.382259,0.064757,0.195024,0.289007,0.108536,0.710880,0.003640,0.219896,0.259176,0.534216,0.238416,0.102309,0.515082,0.489801,0.415481,0.336664,0.085755,0.611895,0.439206,0.381155,0.251580,0.192860,0.240977,0.446160,0.244936,0.615395,0.285333,0.009113,0.459127,0.442520,0.166206,0.068552,0.243391,0.338438,0.463853,0.312437,0.365029,0.430585,0.281536,0.176497,0.211556,0.815850,0.323783,0.605472,0.278468,0.237645,0.291999,0.213453,0.618225,0.666452,0.432274,0.459647,0.414879,0.222928,0.347852,0.260650,0.117378,0.233964,0.727250,0.455758,0.102962,0.803881,0.650955,0.260268,0.869041,0.379966,0.453983,0.280207,0.145723,0.184830,0.293648,0.210262,0.456762,0.773548,0.147945,0.281151,0.092273,0.349614,0.528650,0.115968
19.1,0.938354011339553,0.041051312,1,0.224464,0.297922,0.270856,0.893005,0.327347,0.306211,0.844488,0.830885,0.117037,0.630217,0.222005,0.407075,0.395341,0.058133,0.357029,0.714366,0.750454,0.254658,0.642521,0.325177,0.374229,0.063749,0.194615,0.286335,0.101116,0.713387,0.007934,0.221901,0.251804,0.537181,0.240275,0.108604,0.503464,0.489306,0.427654,0.338392,0.088884,0.609118,0.434423,0.393572,0.251866,0.193109,0.243387,0.453258,0.244929,0.623637,0.287562,0.020319,0.455487,0.442448,0.168167,0.062214,0.238835,0.336849,0.467795,0.313423,0.367759,0.431677,0.275751,0.174535,0.211591,0.816555,0.322299,0.602830,0.278609,0.244395,0.287537,0.213833,0.623790,0.671696,0.431435,0.461265,0.419836,0.223297,0.349435,0.263834,0.124960,0.231953,0.725713,0.457190,0.110531,0.803992,0.650801,0.253812,0.864990,0.389032,0.462145,0.275526,0.145261,0.182013,0.288538,0.210137,0.453765,0.778168,0.149089,0.279033,0.092824,0.359479,0.521794,0.119459
19.2,0.939371910612111,0.040374958,1,0.224544,0.301351,0.279969,0.887792,0.322010,0.308677,0.843811,0.835900,0.117507,0.630358,0.221427,0.410483,0.391252,0.071912,0.351139,0.713220,0.751182,0.253689,0.655077,0.317339,0.376392,0.065845,0.196170,0.284397,0.095397,0.706882,0.005790,0.220755,0.259246,0.534577,0.237333,0.105598,0.514998,0.492378,0.427089,0.343152,0.087795,0.610943,0.437817,0.383673,0.263879,0.189393,0.238763,0.455638,0.245203,0.626486,0.286497,0.003415,0.460673,0.440898,0.168218,0.065634,0.238941,0.336444,0.469370,0.317511,0.366633,0.430004,0.275619,0.175878,0.209692,0.811297,0.323889,0.603974,0.278215,0.244645,0.293376,0.216321,0.623901,0.671391,0.434536,0.461970,0.422599,0.223101,0.349644,0.265573,0.116639,0.232955,0.725860,0.455648,0.112296,0.806324,0.651407,0.258026,0.867010,0.393276,0.459888,0.282844,0.143772,0.188401,0.278733,0.217866,0.456594,0.776712,0.146485,0.282059,0.091407,0.355396,0.519616,0.123229
19.3,0.940373038304248,0.039709676,1,0.226399,0.303431,0.273493,0.894083,0.328906,0.308537,0.843964,0.830597,0.115901,0.622038,0.224174,0.409488,0.406860,0.062689,0.354790,0.714307,0.752555,0.257008,0.650084,0.322259,0.382324,0.063343,0.204026,0.293613,0.096713,0.704586,0.000000,0.229434,0.256375,0.538962,0.238675,0.113551,0.513269,0.493178,0.422158,0.339949,0.096462,0.616449,0.447436,0.399068,0.260505,0.189437,0.236859,0.456534,0.246865,0.628183,0.287071,0.001915,0.458930,0.445285,0.169233,0.064404,0.249021,0.335214,0.468925,0.302364,0.371111,0.427990,0.277071,0.172077,0.208062,0.819944,0.323235,0.606610,0.274943,0.237970,0.293990,0.214511,0.622704,0.676169,0.436207,0.468138,0.419127,0.218387,0.354177,0.263460,0.112747,0.230760,0.725495,0.462513,0.110658,0.807913,0.652563,0.262276,0.869409,0.389192,0.466357,0.273641,0.141575,0.187557,0.278091,0.221318,0.466072,0.786245,0.144339,0.269108,0.093162,0.352162,0.530403,0.114768
19.4,0.941357668997226,0.039055288,1,0.227190,0.299611,0.263874,0.899198,0.325647,0.306205,0.842289,0.836248,0.120575,0.623465,0.224331,0.411190,0.401829,0.062848,0.356920,0.710853,0.755636,0.257104,0.641716,0.327939,0.385814,0.066874,0.204972,0.284920,0.105423,0.712618,0.003280,0.222023,0.256572,0.538818,0.237142,0.108713,0.513378,0.493502,0.421197,0.342006,0.086821,0.608927,0.443441,0.395506,0.257049,0.189005,0.246823,0.455680,0.246848,0.631034,0.287726,0.005871,0.458686,0.449018,0.161779,0.062554,0.246990,0.344258,0.475397,0.315756,0.371813,0.429622,0.276274,0.168502,0.205278,0.814777,0.327407,0.605064,0.275598,0.239092,0.294414,0.215526,0.623035,0.679449,0.436214,0.466324,0.430297,0.226364,0.351366,0.269735,0.113534,0.231190,0.727696,0.462101,0.105531,0.805377,0.651183,0.260805,0.869877,0.393402,0.466512,0.278102,0.142910,0.177054,0.273859,0.221746,0.460335,0.779009,0.148088,0.272527,0.093975,0.365396,0.521722,0.113108
19.5,0.942326072863019,0.038411618,1,0.227764,0.300997,0.261917,0.892986,0.335593,0.306887,0.843015,0.830807,0.118744,0.624133,0.225940,0.412004,0.399009,0.062398,0.356649,0.710954,0.757039,0.257379,0.652030,0.332190,0.374061,0.060053,0.203788,0.282074,0.093730,0.703155,0.006164,0.222349,0.256390,0.541161,0.234271,0.102998,0.516276,0.494418,0.415708,0.345828,0.085850,0.611019,0.449144,0.390636,0.265548,0.179967,0.240726,0.459002,0.247873,0.632861,0.288985,0.008460,0.460597,0.447789,0.156089,0.061396,0.242188,0.338829,0.478787,0.310626,0.372394,0.431656,0.274562,0.166308,0.203771,0.819833,0.325914,0.610534,0.274183,0.240885,0.294963,0.216479,0.620476,0.683966,0.439400,0.468450,0.419820,0.222909,0.353217,0.268819,0.110814,0.229968,0.727588,0.465892,0.108048,0.805665,0.651125,0.258857,0.867192,0.387266,0.471903,0.284364,0.143738,0.176921,0.275281,0.217192,0.461729,0.787113,0.145957,0.282877,0.097575,0.360626,0.522872,0.120330
19.6,0.943278515730876,0.037778495,1,0.224691,0.300404,0.263305,0.887452,0.332106,0.309882,0.843368,0.831138,0.117640,0.621240,0.224454,0.414895,0.407187,0.069405,0.351099,0.714764,0.756471,0.253269,0.649151,0.328557,0.387261,0.058385,0.200420,0.280517,0.099442,0.711764,0.007739,0.222704,0.259388,0.541693,0.234852,0.106212,0.522525,0.496374,0.426813,0.345525,0.081681,0.612247,0.445613,0.392819,0.263498,0.181054,0.245893,0.458318,0.250016,0.637168,0.291929,0.017374,0.458696,0.452528,0.169482,0.057614,0.247949,0.336265,0.479163,0.304231,0.376347,0.430754,0.271735,0.167273,0.202225,0.813036,0.327970,0.606975,0.272371,0.235089,0.296491,0.218686,0.622716,0.687233,0.442884,0.473223,0.433190,0.227367,0.358657,0.268913,0.114674,0.230982,0.728100,0.465864,0.102517,0.805785,0.653910,0.265846,0.869831,0.397691,0.471980,0.286415,0.139673,0.178191,0.271713,0.214398,0.467187,0.781793,0.137616,0.278972,0.092504,0.361789,0.518430,0.114964
19.7,0.944215259153091,0.037155748,1,0.227639,0.302486,0.260694,0.884703,0.334383,0.310077,0.843903,0.832029,0.118175,0.628192,0.225213,0.414379,0.401549,0.058149,0.352170,0.711592,0.755766,0.253734,0.648520,0.320328,0.387171,0.065712,0.202655,0.299275,0.102421,0.703145,0.003519,0.231601,0.262314,0.539655,0.232058,0.102710,0.519699,0.495931,0.427709,0.342254,0.092187,0.615297,0.457439,0.394907,0.260690,0.186347,0.248743,0.457838,0.249073,0.643020,0.291749,0.012297,0.462933,0.449935,0.167117,0.058625,0.241987,0.347521,0.483831,0.314826,0.376240,0.425506,0.273562,0.159998,0.202121,0.815692,0.326848,0.607883,0.270207,0.234838,0.292108,0.215828,0.621062,0.689625,0.447405,0.475804,0.423843,0.225243,0.358594,0.267241,0.110035,0.230059,0.729374,0.470255,0.104776,0.806086,0.652378,0.274589,0.866607,0.396273,0.476051,0.284810,0.139180,0.174980,0.268517,0.214681,0.467777,0.776758,0.138740,0.273345,0.090317,0.359165,0.521744,0.112388
19.8,0.945136560469979,0.036543211,1,0.227022,0.302236,0.259122,0.891607,0.333996,0.309071,0.843460,0.832669,0.115727,0.625833,0.227752,0.414651,0.404640,0.063519,0.350142,0.712218,0.757211,0.262404,0.658260,0.333875,0.385854,0.057251,0.209845,0.289843,0.093155,0.713493,0.005297,0.231116,0.253527,0.542397,0.229426,0.099324,0.518680,0.498341,0.425771,0.344278,0.086709,0.609150,0.450469,0.399770,0.266612,0.180989,0.245169,0.465008,0.249729,0.645876,0.291680,0.012741,0.457200,0.451166,0.167344,0.058648,0.249583,0.339107,0.481301,0.312889,0.378153,0.427085,0.271660,0.160801,0.199494,0.819203,0.328645,0.608741,0.269586,0.240275,0.295672,0.218137,0.619267,0.689407,0.443072,0.474976,0.427679,0.225841,0.361565,0.270632,0.108385,0.228720,0.729340,0.470732,0.100146,0.817424,0.654486,0.265227,0.866259,0.392525,0.474272,0.283913,0.139649,0.174667,0.272153,0.221667,0.471577,0.791088,0.143125,0.269434,0.087539,0.370166,0.518433,0.113189
19.9,0.946042672874057,0.035940718,1,0.229161,0.306036,0.268159,0.892363,0.336872,0.308927,0.846748,0.831244,0.122195,0.627727,0.228646,0.416990,0.402618,0.050783,0.354552,0.713249,0.757119,0.257049,0.658662,0.335198,0.382481,0.058276,0.210531,0.290950,0.094389,0.709114,0.000000,0.232765,0.267367,0.544453,0.229092,0.092395,0.521334,0.498716,0.417238,0.345412,0.078250,0.610253,0.460605,0.408761,0.261902,0.176364,0.249018,0.463063,0.250661,0.649149,0.292069,0.012077,0.460913,0.453706,0.166822,0.054411,0.250268,0.352520,0.485580,0.303981,0.382129,0.428260,0.267220,0.159462,0.197250,0.818378,0.330816,0.621307,0.269336,0.238570,0.299402,0.218003,0.618810,0.695191,0.450138,0.478210,0.429644,0.231200,0.362755,0.270407,0.104162,0.228851,0.727931,0.465393,0.106967,0.813649,0.654900,0.262003,0.869068,0.404606,0.473882,0.285698,0.137501,0.173818,0.270296,0.225701,0.473499,0.786817,0.136604,0.269782,0.094197,0.372690,0.529561,0.118021
20,0.946933845473434,0.035348108,1,0.228106,0.306065,0.255338,0.895560,0.332860,0.308092,0.840144,0.837356,0.110319,0.630054,0.229481,0.418739,0.408862,0.054690,0.349951,0.712360,0.759974,0.262240,0.659932,0.328198,0.381140,0.053753,0.210367,0.294756,0.089526,0.704862,0.002486,0.232808,0.257295,0.546209,0.229904,0.097387,0.533531,0.500394,0.417654,0.346089,0.081207,0.614169,0.447279,0.403773,0.260691,0.175596,0.246998,0.463418,0.253489,0.647664,0.292518,0.011988,0.461810,0.456281,0.162239,0.057002,0.252910,0.348813,0.487729,0.298572,0.383093,0.431712,0.267320,0.154366,0.195915,0.814723,0.327351,0.610837,0.266337,0.236563,0.299882,0.219057,0.620592,0.699253,0.449450,0.478390,0.435269,0.227945,0.358910,0.277561,0.108707,0.227490,0.729045,0.470858,0.095903,0.817534,0.656283,0.265830,0.865130,0.395644,0.477165,0.276523,0.140401,0.172467,0.264615,0.223801,0.471769,0.789696,0.138599,0.268683,0.088320,0.368295,0.529362,0.109000
20.1,0.947810323354399,0.034765221,1,0.231031,0.308764,0.268926,0.896466,0.348155,0.309364,0.841750,0.838117,0.110312,0.627956,0.229694,0.420067,0.413016,0.052204,0.353128,0.711576,0.758566,0.260536,0.665579,0.332524,0.390157,0.055659,0.211221,0.294152,0.093072,0.701646,0.000000,0.230529,0.268548,0.547700,0.224716,0.091611,0.523739,0.502310,0.417670,0.346701,0.078553,0.611680,0.458388,0.401035,0.269028,0.175009,0.246871,0.469264,0.254164,0.655572,0.294408,0.002006,0.459460,0.456167,0.163322,0.057785,0.254213,0.350787,0.484487,0.291343,0.383023,0.425425,0.264523,0.154199,0.194086,0.814771,0.329889,0.612139,0.267008,0.232061,0.300862,0.222117,0.624460,0.697877,0.452490,0.480359,0.431932,0.233505,0.359816,0.275418,0.109865,0.228322,0.728713,0.475556,0.094200,0.809879,0.656050,0.263497,0.868965,0.396606,0.484074,0.288025,0.136803,0.166651,0.253485,0.226264,0.479277,0.780018,0.136238,0.285992,0.086174,0.365067,0.516444,0.116188
20.2,0.948672347643217,0.0341919,1,0.235669,0.312795,0.262195,0.890228,0.349434,0.306300,0.841618,0.834086,0.112642,0.624893,0.231062,0.419538,0.411743,0.054085,0.349996,0.711920,0.760121,0.262141,0.657971,0.326250,0.383124,0.054894,0.211105,0.296487,0.084924,0.713226,0.005323,0.229232,0.258522,0.545839,0.227887,0.102273,0.538162,0.501546,0.424713,0.347137,0.084456,0.614314,0.452937,0.400036,0.264103,0.172412,0.247511,0.461002,0.254333,0.655829,0.294318,0.000000,0.463390,0.456165,0.159434,0.054206,0.254962,0.347654,0.491839,0.297666,0.384156,0.431735,0.267421,0.147521,0.192653,0.818205,0.328321,0.617170,0.264220,0.235311,0.301063,0.219541,0.624799,0.704267,0.451901,0.482720,0.431928,0.231370,0.361117,0.272018,0.109983,0.227130,0.728752,0.475970,0.103321,0.814722,0.656493,0.277247,0.870859,0.405918,0.481142,0.283495,0.140264,0.168127,0.253478,0.224732,0.476340,0.788613,0.130902,0.288334,0.083915,0.360559,0.517855,0.116769
20.3,0.949520155567137,0.03362799,1,0.232319,0.312278,0.258154,0.897320,0.351898,0.310147,0.838528,0.834474,0.116242,0.626760,0.230978,0.423144,0.419320,0.051329,0.356038,0.713804,0.761447,0.265865,0.662010,0.337360,0.384312,0.058351,0.208211,0.294839,0.084178,0.708244,0.000000,0.230127,0.262752,0.546223,0.223225,0.097054,0.528003,0.504354,0.413693,0.347321,0.083346,0.614198,0.455153,0.403516,0.271388,0.172381,0.247698,0.468957,0.255950,0.660596,0.296062,0.010862,0.461602,0.460966,0.158695,0.053881,0.251998,0.355493,0.492639,0.297355,0.386299,0.430093,0.262121,0.149014,0.191638,0.814577,0.330626,0.617027,0.261960,0.233118,0.296870,0.219696,0.624197,0.707971,0.455598,0.480990,0.437182,0.229660,0.368063,0.274410,0.099915,0.226950,0.728488,0.474981,0.096783,0.812398,0.655802,0.275866,0.869607,0.400735,0.489153,0.281034,0.137487,0.166304,0.256759,0.228108,0.476362,0.783092,0.129952,0.278944,0.090286,0.368534,0.521001,0.108031
20.4,0.950353980514603,0.033073338,1,0.236416,0.312002,0.258574,0.888128,0.346092,0.305806,0.844825,0.834132,0.110277,0.625119,0.231260,0.424165,0.415544,0.050329,0.357144,0.712341,0.764375,0.267404,0.672514,0.328389,0.382541,0.054885,0.204795,0.303674,0.094280,0.708036,0.000000,0.235651,0.273152,0.546261,0.224759,0.094947,0.538235,0.503433,0.422436,0.349187,0.087407,0.618341,0.459128,0.418114,0.270163,0.175569,0.254469,0.465904,0.254577,0.659283,0.295420,0.000000,0.461033,0.458397,0.156337,0.054651,0.251885,0.348782,0.491814,0.303114,0.388861,0.431973,0.261994,0.144456,0.189832,0.816593,0.330245,0.618647,0.260919,0.230110,0.298443,0.222030,0.623125,0.710665,0.459820,0.485076,0.441419,0.232614,0.364858,0.276823,0.099412,0.227259,0.727784,0.477949,0.096087,0.822905,0.658667,0.264427,0.870950,0.409035,0.484046,0.284016,0.138127,0.169858,0.253844,0.220634,0.478411,0.791984,0.131167,0.274150,0.080392,0.363735,0.524804,0.110627
20.5,0.951174052094678,0.032527796,1,0.235403,0.307170,0.257563,0.893445,0.340349,0.308371,0.843714,0.833454,0.103652,0.623852,0.231910,0.424710,0.414504,0.061705,0.356444,0.713269,0.763107,0.265899,0.659421,0.336366,0.384944,0.057278,0.205193,0.296953,0.094326,0.704522,0.000000,0.229526,0.258826,0.552534,0.222730,0.090193,0.535976,0.506426,0.416734,0.352015,0.074963,0.615414,0.454160,0.405954,0.273747,0.171181,0.254265,0.473566,0.256369,0.665441,0.297513,0.000791,0.462278,0.464896,0.160080,0.055336,0.259532,0.350965,0.496120,0.301342,0.388464,0.431504,0.261311,0.140439,0.188832,0.814855,0.330543,0.621597,0.259145,0.237881,0.299226,0.226045,0.619069,0.712332,0.456190,0.488112,0.446068,0.232978,0.364707,0.276707,0.102733,0.225083,0.729544,0.479103,0.099575,0.824986,0.659347,0.266507,0.866509,0.411983,0.486866,0.285094,0.137864,0.166411,0.260425,0.221795,0.481033,0.791181,0.130562,0.279894,0.084561,0.361327,0.528687,0.113571
20.6,0.951980596195688,0.031991214,1,0.236170,0.310288,0.258000,0.895532,0.345184,0.308885,0.840348,0.834078,0.111618,0.627309,0.233697,0.424855,0.409240,0.050889,0.351868,0.714667,0.762592,0.263536,0.662764,0.331486,0.388395,0.054952,0.212484,0.293941,0.094454,0.706366,0.000000,0.235005,0.269629,0.553440,0.221159,0.080273,0.542591,0.506656,0.426138,0.353050,0.076866,0.614354,0.456870,0.406643,0.265150,0.170845,0.250479,0.468193,0.257642,0.672296,0.297570,0.000000,0.464301,0.465943,0.156381,0.048022,0.261590,0.349891,0.497872,0.297605,0.392387,0.431024,0.257279,0.144003,0.186972,0.817282,0.333174,0.630925,0.259130,0.232256,0.299365,0.225156,0.624601,0.712332,0.462208,0.491813,0.444747,0.234313,0.369086,0.278733,0.102750,0.224257,0.727962,0.478322,0.100300,0.819968,0.656639,0.278503,0.869569,0.406080,0.489357,0.279907,0.137827,0.167060,0.250127,0.222257,0.484064,0.792239,0.126909,0.281210,0.087020,0.378873,0.524720,0.105326
20.7,0.95277383504307,0.031463449,1,0.240338,0.315870,0.260111,0.887447,0.342202,0.309219,0.845389,0.831917,0.108516,0.625550,0.233258,0.427374,0.416408,0.054760,0.353660,0.712654,0.764057,0.268696,0.663337,0.329596,0.385488,0.048694,0.209486,0.307175,0.087357,0.710958,0.007099,0.231460,0.275288,0.552129,0.217243,0.090666,0.541963,0.508576,0.417099,0.352073,0.080580,0.617943,0.460300,0.419322,0.274811,0.166017,0.248243,0.471667,0.258302,0.673858,0.296689,0.014005,0.458727,0.465035,0.152190,0.049336,0.252852,0.362951,0.495254,0.300679,0.392980,0.429443,0.259937,0.137113,0.184901,0.816414,0.331819,0.625045,0.256897,0.231404,0.305697,0.228231,0.621790,0.718163,0.459065,0.488856,0.443527,0.235403,0.373239,0.276296,0.101306,0.224763,0.730564,0.477988,0.101625,0.821368,0.659955,0.275124,0.867684,0.413653,0.491486,0.285817,0.135362,0.166017,0.251764,0.234449,0.491830,0.793609,0.123158,0.284369,0.083917,0.369014,0.524776,0.110784
20.8,0.953553987256462,0.030944356,1,0.241512,0.318809,0.254764,0.891482,0.346187,0.305960,0.840898,0.831040,0.115791,0.621918,0.233555,0.429267,0.420649,0.058238,0.357460,0.715173,0.765515,0.272796,0.675052,0.335433,0.385446,0.056086,0.206006,0.307643,0.085566,0.713138,0.000000,0.235002,0.267333,0.550764,0.220012,0.091403,0.545503,0.509243,0.429611,0.354677,0.080961,0.614238,0.459896,0.422001,0.272079,0.169366,0.256397,0.471254,0.259523,0.671921,0.300045,0.007618,0.465090,0.469907,0.157693,0.048806,0.253414,0.352430,0.502129,0.282624,0.393425,0.427968,0.259289,0.140144,0.184104,0.813993,0.330022,0.624041,0.255784,0.232061,0.304807,0.225261,0.619003,0.717169,0.461157,0.491911,0.447235,0.234138,0.372095,0.278340,0.090743,0.224453,0.729157,0.479936,0.092993,0.823424,0.658671,0.271173,0.865811,0.413377,0.498829,0.285158,0.135820,0.159793,0.252878,0.230740,0.487030,0.796164,0.127662,0.279772,0.080968,0.377309,0.516519,0.109913
20.9,0.954321267905998,0.030433795,1,0.239803,0.317064,0.259277,0.891169,0.350681,0.307589,0.843879,0.836844,0.113678,0.628014,0.234806,0.431017,0.424916,0.054215,0.356510,0.716551,0.767362,0.268201,0.667032,0.331097,0.396734,0.051444,0.210024,0.300167,0.078860,0.705446,0.002768,0.239130,0.263136,0.554884,0.217912,0.089458,0.550822,0.509544,0.425012,0.355021,0.079547,0.610669,0.460245,0.423294,0.268223,0.168198,0.250577,0.474197,0.261161,0.673740,0.297910,0.002352,0.462817,0.474531,0.151888,0.052917,0.264541,0.357185,0.501998,0.291741,0.395309,0.426681,0.256957,0.135305,0.182570,0.822308,0.332965,0.621584,0.256334,0.234123,0.303413,0.228692,0.621693,0.724566,0.467269,0.494481,0.444575,0.236036,0.371636,0.277750,0.098584,0.224246,0.729188,0.484274,0.093363,0.828113,0.658570,0.280117,0.867772,0.410379,0.498948,0.286977,0.134009,0.160968,0.243964,0.225620,0.489907,0.794887,0.121029,0.290281,0.080397,0.370474,0.519149,0.104170
21,0.955075888567849,0.029931627,1,0.241711,0.312331,0.246731,0.891117,0.344445,0.309694,0.846289,0.831562,0.109312,0.627235,0.234407,0.431589,0.428235,0.044200,0.356455,0.713819,0.767455,0.267628,0.670974,0.326573,0.388078,0.046123,0.207068,0.311312,0.091564,0.704187,0.000000,0.233613,0.273831,0.555504,0.212889,0.086281,0.548017,0.509072,0.413972,0.355647,0.068867,0.619886,0.461659,0.421610,0.276061,0.168401,0.253017,0.476354,0.259775,0.682249,0.300653,0.000000,0.464632,0.469381,0.144051,0.049965,0.261826,0.358664,0.499805,0.281675,0.399446,0.428091,0.252391,0.133507,0.181544,0.816543,0.332381,0.628542,0.254087,0.233949,0.306094,0.229017,0.622485,0.727570,0.464406,0.496799,0.454871,0.242329,0.374758,0.283001,0.095752,0.223743,0.730756,0.483724,0.097093,0.821194,0.661376,0.281638,0.866484,0.408929,0.495688,0.288880,0.135424,0.155979,0.239294,0.225549,0.497109,0.796509,0.121359,0.288595,0.079530,0.366644,0.516649,0.110826
21.1,0.955818057378988,0.029437715,1,0.239241,0.320940,0.256384,0.887823,0.352025,0.307890,0.847519,0.837108,0.113270,0.628479,0.236432,0.433279,0.416368,0.046319,0.354139,0.716061,0.766285,0.275973,0.671183,0.335958,0.393534,0.049682,0.214694,0.309872,0.082427,0.705521,0.000000,0.239766,0.266119,0.555940,0.213094,0.085590,0.548727,0.512156,0.422787,0.357072,0.075144,0.613863,0.477161,0.420214,0.269577,0.161921,0.258075,0.482152,0.261913,0.681806,0.299290,0.006296,0.463722,0.476171,0.144223,0.049671,0.258952,0.363020,0.505060,0.282773,0.398862,0.429583,0.255555,0.127599,0.179834,0.821704,0.331336,0.636575,0.253657,0.225032,0.301760,0.230495,0.623860,0.727232,0.468749,0.498096,0.450432,0.239898,0.374019,0.282534,0.085996,0.222292,0.729483,0.490460,0.090865,0.819345,0.660577,0.270606,0.870179,0.411154,0.500127,0.283378,0.132430,0.160814,0.238187,0.235626,0.495326,0.794673,0.115857,0.280601,0.083545,0.375790,0.527552,0.110205
21.2,0.956547979091206,0.028951927,1,0.241008,0.322545,0.243969,0.892613,0.352962,0.309692,0.845484,0.831474,0.104391,0.622934,0.237765,0.430764,0.424632,0.052952,0.351969,0.712318,0.769709,0.270276,0.670829,0.331784,0.387338,0.053375,0.215181,0.301082,0.075907,0.701838,0.000000,0.238097,0.264933,0.556829,0.212242,0.075620,0.553293,0.512760,0.425468,0.356399,0.072069,0.616263,0.479017,0.423551,0.275579,0.169326,0.257211,0.473115,0.262871,0.687863,0.301063,0.000000,0.462300,0.474961,0.143700,0.047954,0.254770,0.363606,0.507118,0.287277,0.403587,0.426809,0.249121,0.130511,0.176840,0.820980,0.334461,0.626163,0.251416,0.231901,0.308438,0.229203,0.619905,0.729678,0.470189,0.495635,0.448723,0.238403,0.373958,0.280925,0.093952,0.221231,0.730212,0.489523,0.089480,0.824268,0.661329,0.273104,0.869379,0.421850,0.500338,0.284160,0.133166,0.157177,0.231561,0.234932,0.497221,0.796746,0.123651,0.294007,0.078914,0.385178,0.526002,0.107035
21.3,0.957265855124366,0.028474128,1,0.245958,0.321072,0.244733,0.894399,0.355218,0.307654,0.844088,0.837988,0.106770,0.622234,0.238423,0.435347,0.429042,0.056602,0.350724,0.713285,0.771494,0.272874,0.682629,0.337748,0.389741,0.046704,0.218849,0.315295,0.076891,0.710479,0.005472,0.238582,0.268359,0.558465,0.211658,0.068691,0.543836,0.514042,0.416077,0.354163,0.068756,0.614974,0.467686,0.431066,0.278283,0.162177,0.254565,0.484176,0.262879,0.686383,0.303080,0.004928,0.463587,0.472628,0.143989,0.048218,0.259726,0.362793,0.512202,0.274187,0.403478,0.430256,0.249428,0.127876,0.175600,0.815063,0.333400,0.634605,0.248994,0.223254,0.304582,0.231281,0.621118,0.733990,0.470133,0.500818,0.459702,0.238750,0.376054,0.290937,0.094701,0.221206,0.729669,0.494280,0.085165,0.829414,0.661456,0.281819,0.868414,0.424511,0.505122,0.278650,0.133497,0.155156,0.238485,0.229304,0.502041,0.796494,0.114480,0.290868,0.081070,0.372075,0.527028,0.109100
21.4,0.957971883618909,0.028004189,1,0.244512,0.323996,0.243891,0.892205,0.349356,0.307205,0.847291,0.834048,0.102719,0.628669,0.237944,0.434669,0.430989,0.053646,0.354845,0.715706,0.770978,0.273266,0.683116,0.332419,0.391057,0.048169,0.221452,0.304825,0.085476,0.707417,0.007326,0.236806,0.280022,0.558269,0.211910,0.070828,0.550765,0.513368,0.429974,0.357875,0.079698,0.613889,0.481634,0.417637,0.276324,0.159859,0.260596,0.478510,0.263452,0.692860,0.301654,0.000000,0.465398,0.477250,0.153440,0.047190,0.259209,0.367521,0.511279,0.278734,0.402628,0.429039,0.248633,0.123416,0.174207,0.814017,0.336251,0.635619,0.249035,0.228991,0.308300,0.231198,0.621085,0.734443,0.475847,0.498421,0.453573,0.243496,0.380040,0.283068,0.085726,0.221597,0.731781,0.497536,0.087138,0.829852,0.660133,0.287295,0.870292,0.413991,0.505532,0.290509,0.131530,0.157442,0.225435,0.228692,0.504646,0.798241,0.118064,0.282202,0.080446,0.385684,0.526937,0.105135
21.5,0.95866625948762,0.027541982,1,0.245180,0.319025,0.245302,0.898249,0.353530,0.311019,0.847353,0.835246,0.110129,0.631152,0.240403,0.434223,0.433130,0.050109,0.353617,0.711939,0.769614,0.275041,0.681429,0.338504,0.389210,0.047788,0.223578,0.312434,0.074442,0.706726,0.000000,0.237982,0.272473,0.558050,0.206521,0.063887,0.557397,0.516085,0.428094,0.360578,0.065491,0.612169,0.476935,0.419919,0.273423,0.157395,0.260869,0.486966,0.264666,0.690797,0.301887,0.009563,0.461875,0.483236,0.143893,0.046412,0.267724,0.371618,0.512865,0.269886,0.404531,0.426462,0.249921,0.119062,0.171580,0.814950,0.335697,0.635513,0.246900,0.231018,0.305843,0.231816,0.620061,0.739431,0.478907,0.499520,0.457587,0.247892,0.379227,0.289527,0.081219,0.220465,0.730845,0.496445,0.087567,0.832756,0.663433,0.276581,0.867495,0.418339,0.509362,0.292339,0.130270,0.157226,0.234684,0.236207,0.501086,0.793420,0.115016,0.297044,0.073576,0.376936,0.516682,0.101014
21.6,0.959349174466659,0.027087381,1,0.247301,0.323539,0.246749,0.896353,0.354598,0.308335,0.847784,0.833548,0.096053,0.631321,0.240166,0.438765,0.434760,0.050483,0.350979,0.715796,0.771032,0.278157,0.688590,0.339987,0.396144,0.042894,0.211388,0.307514,0.082621,0.712458,0.000789,0.239597,0.282826,0.561102,0.207431,0.065526,0.558796,0.514187,0.429851,0.361545,0.068727,0.618643,0.485831,0.431713,0.275759,0.160808,0.257116,0.487665,0.265857,0.695615,0.304097,0.000000,0.466029,0.484209,0.144621,0.042350,0.266123,0.371101,0.511419,0.279089,0.408666,0.429711,0.243911,0.121167,0.171933,0.823011,0.337733,0.633223,0.244528,0.229518,0.308868,0.234515,0.622858,0.742890,0.474353,0.502480,0.461394,0.248112,0.378778,0.284795,0.082749,0.219471,0.731665,0.500897,0.091794,0.832394,0.662829,0.288461,0.866132,0.425140,0.510583,0.281079,0.132680,0.157090,0.237312,0.233840,0.505182,0.803653,0.113453,0.288975,0.070618,0.376620,0.530612,0.105290
21.7,0.960020817165858,0.026640262,1,0.244019,0.323766,0.241926,0.896042,0.362278,0.311001,0.841518,0.836772,0.099619,0.625795,0.239412,0.437347,0.431823,0.050861,0.353728,0.713910,0.772873,0.276777,0.683722,0.332704,0.396201,0.042711,0.219350,0.324024,0.082440,0.715535,0.000000,0.239747,0.277911,0.559302,0.205471,0.062040,0.552432,0.517614,0.416855,0.358580,0.071345,0.615857,0.480639,0.422344,0.279913,0.160469,0.263809,0.485032,0.266223,0.699976,0.303624,0.008424,0.466036,0.476339,0.144246,0.040468,0.261584,0.374743,0.518409,0.268105,0.409220,0.430764,0.243081,0.117791,0.169482,0.818545,0.334949,0.639740,0.244274,0.228456,0.305725,0.232079,0.624764,0.742695,0.478372,0.504068,0.465271,0.244626,0.384702,0.292763,0.080506,0.219150,0.730938,0.502610,0.082631,0.828326,0.663232,0.283592,0.869828,0.423957,0.511284,0.292739,0.132414,0.154090,0.234559,0.231585,0.503433,0.792951,0.108231,0.288340,0.073163,0.385975,0.523209,0.104367
21.8,0.960681373118296,0.026200503,1,0.248057,0.323100,0.236513,0.893089,0.362888,0.311099,0.840852,0.836153,0.098424,0.631395,0.240117,0.441260,0.420004,0.050230,0.351254,0.715963,0.774208,0.280774,0.693695,0.340414,0.392175,0.048569,0.215580,0.325237,0.072733,0.707946,0.000000,0.238819,0.282757,0.561529,0.202076,0.073620,0.554700,0.518221,0.416592,0.361524,0.075292,0.612224,0.471938,0.435994,0.285458,0.162141,0.256920,0.484628,0.267556,0.701406,0.304961,0.000000,0.462871,0.481363,0.139966,0.045033,0.273343,0.373075,0.518651,0.276762,0.408908,0.430001,0.243617,0.114347,0.168919,0.817965,0.334553,0.644074,0.242882,0.225705,0.312874,0.230383,0.620581,0.745123,0.483513,0.508703,0.462182,0.242995,0.383527,0.289010,0.077048,0.218999,0.729694,0.498177,0.091890,0.835637,0.664485,0.279644,0.870757,0.430799,0.514970,0.291999,0.131853,0.146036,0.224314,0.238560,0.508541,0.801375,0.106681,0.292370,0.077986,0.375872,0.516335,0.100629
21.9,0.96133102482916,0.025767984,1,0.248427,0.331422,0.230447,0.893794,0.357163,0.307119,0.841225,0.833548,0.103197,0.629821,0.241999,0.438846,0.423813,0.050328,0.357878,0.715676,0.773988,0.277902,0.694675,0.333858,0.398726,0.043449,0.216430,0.326393,0.077722,0.707083,0.007774,0.242203,0.283606,0.562636,0.203956,0.056670,0.561451,0.518942,0.420874,0.358944,0.068912,0.613045,0.473619,0.428487,0.278686,0.153333,0.259216,0.482272,0.267686,0.706242,0.306324,0.004838,0.463586,0.482014,0.140685,0.044328,0.265608,0.373269,0.521956,0.276436,0.413290,0.428823,0.244148,0.116822,0.166307,0.818152,0.338251,0.637721,0.239458,0.219573,0.306625,0.234571,0.619740,0.747307,0.479016,0.510810,0.464001,0.243296,0.384240,0.293162,0.076246,0.217659,0.731707,0.496293,0.091405,0.832940,0.664244,0.294095,0.867216,0.424611,0.516844,0.284152,0.130774,0.147737,0.222940,0.238332,0.510028,0.799959,0.107277,0.298676,0.068034,0.391786,0.528967,0.098651
22,0.961969951823888,0.025342585,1,0.251383,0.326705,0.235644,0.900797,0.356777,0.307825,0.842514,0.838783,0.103412,0.628537,0.242380,0.440661,0.429963,0.045717,0.357451,0.713052,0.773884,0.282610,0.684746,0.335618,0.391680,0.044743,0.223998,0.316388,0.074091,0.703980,0.000323,0.242652,0.271280,0.563429,0.199637,0.055811,0.564441,0.517911,0.424018,0.363748,0.071073,0.622083,0.473840,0.428284,0.278915,0.153926,0.256163,0.488982,0.269651,0.708684,0.305868,0.000000,0.460842,0.481601,0.140548,0.038132,0.268754,0.374633,0.522778,0.272473,0.412078,0.430837,0.241865,0.108682,0.163842,0.814784,0.335120,0.641376,0.238781,0.226024,0.312224,0.232896,0.619077,0.752595,0.485317,0.507855,0.458861,0.249836,0.384750,0.290928,0.085180,0.217076,0.732148,0.498396,0.083348,0.826681,0.664477,0.289451,0.869411,0.423046,0.513626,0.286735,0.127270,0.147253,0.218019,0.239939,0.506973,0.802525,0.108487,0.293863,0.073754,0.390176,0.518600,0.100270
22.1,0.962598330695623,0.024924192,1,0.248043,0.331552,0.227090,0.892537,0.361324,0.306722,0.847637,0.834396,0.101002,0.627512,0.243632,0.443536,0.426742,0.039056,0.353284,0.715642,0.773441,0.282270,0.685233,0.343889,0.404017,0.039035,0.224026,0.313099,0.068614,0.708030,0.000000,0.247714,0.285689,0.564943,0.199922,0.058090,0.562060,0.519591,0.416423,0.361664,0.076910,0.616846,0.490823,0.438856,0.277830,0.155470,0.262309,0.496945,0.268765,0.707724,0.306701,0.000000,0.461877,0.492249,0.142125,0.038855,0.270261,0.375235,0.520164,0.270250,0.413880,0.427891,0.238774,0.111978,0.162235,0.817434,0.336627,0.640034,0.236813,0.223644,0.311651,0.234135,0.620224,0.753901,0.485797,0.508244,0.468822,0.247261,0.388884,0.293618,0.079766,0.215245,0.730388,0.500964,0.088810,0.830618,0.665463,0.289453,0.869944,0.431454,0.519403,0.293466,0.129185,0.148510,0.213122,0.244997,0.517565,0.795303,0.110169,0.283019,0.070095,0.380139,0.527430,0.098034
22.2,0.963216335151953,0.02451269,1,0.253713,0.334118,0.231323,0.890945,0.373569,0.307669,0.847310,0.837978,0.096897,0.622825,0.245334,0.443813,0.437614,0.046612,0.357288,0.713685,0.777501,0.279797,0.697488,0.340172,0.399793,0.040901,0.224206,0.319103,0.074879,0.706250,0.006421,0.242601,0.281362,0.565464,0.197513,0.059285,0.556550,0.520520,0.430674,0.363481,0.061191,0.621817,0.492866,0.432638,0.286602,0.156318,0.259623,0.493937,0.269792,0.710868,0.308011,0.006856,0.466924,0.491555,0.144593,0.038484,0.266666,0.382107,0.527125,0.258686,0.415897,0.431484,0.238168,0.106038,0.162289,0.814431,0.339720,0.645237,0.235239,0.225223,0.308229,0.235749,0.621339,0.754866,0.484391,0.510065,0.466852,0.246869,0.386494,0.290056,0.082163,0.215356,0.730545,0.501844,0.088521,0.838757,0.664992,0.279585,0.871251,0.430165,0.520661,0.287495,0.128273,0.142260,0.212744,0.237093,0.516276,0.799552,0.105870,0.295952,0.074180,0.383651,0.524199,0.097511
22.3,0.96382413606098,0.024107965,1,0.249241,0.330021,0.228560,0.900221,0.364064,0.310681,0.842088,0.831601,0.104130,0.621812,0.243657,0.446506,0.439056,0.044497,0.355781,0.713014,0.775847,0.282062,0.696672,0.336487,0.395700,0.037016,0.219196,0.323447,0.065331,0.714987,0.003302,0.246305,0.273645,0.567910,0.195413,0.051963,0.570623,0.522947,0.419789,0.361080,0.066521,0.618800,0.490004,0.436360,0.279809,0.152946,0.263854,0.493447,0.271231,0.713785,0.308267,0.010493,0.463842,0.492087,0.143671,0.041886,0.270713,0.374819,0.522347,0.270547,0.418172,0.428579,0.238544,0.102119,0.159888,0.817137,0.339701,0.636265,0.233338,0.223336,0.312431,0.239036,0.624216,0.760155,0.487542,0.514432,0.471358,0.254917,0.392490,0.295382,0.081492,0.215750,0.733336,0.511016,0.084586,0.833213,0.664948,0.286944,0.870725,0.431404,0.520458,0.290256,0.128886,0.137742,0.223566,0.244085,0.512259,0.796519,0.106721,0.288809,0.072211,0.393007,0.525552,0.099148
22.4,0.964421901496693,0.023709908,1,0.250697,0.330374,0.233232,0.892320,0.370158,0.308623,0.846719,0.832633,0.101689,0.627246,0.246072,0.446138,0.441648,0.034355,0.356494,0.712268,0.774802,0.283548,0.702120,0.338295,0.400351,0.036404,0.226208,0.318026,0.078469,0.708304,0.003409,0.248353,0.277002,0.565836,0.197480,0.066372,0.567286,0.524010,0.417786,0.366535,0.068734,0.614627,0.478664,0.428606,0.288500,0.146881,0.265058,0.498394,0.270576,0.715114,0.309303,0.000000,0.466979,0.496186,0.142748,0.040904,0.268817,0.383381,0.525221,0.264513,0.417434,0.428379,0.234959,0.106269,0.158842,0.820138,0.339151,0.643391,0.233981,0.223783,0.313461,0.234479,0.622456,0.762491,0.491183,0.515284,0.468537,0.250482,0.392345,0.296561,0.078360,0.214062,0.731608,0.510626,0.083762,0.833534,0.666642,0.280990,0.866288,0.427319,0.523019,0.284149,0.126261,0.143831,0.212812,0.236537,0.521709,0.803704,0.100862,0.302335,0.066600,0.383283,0.528956,0.098695
22.5,0.965009796783677,0.023318409,1,0.253972,0.330462,0.237480,0.893518,0.374453,0.310997,0.843652,0.833164,0.103518,0.629444,0.246202,0.447691,0.434317,0.034943,0.350916,0.716684,0.777773,0.284684,0.689006,0.341488,0.405557,0.036169,0.223628,0.321013,0.075023,0.704732,0.007284,0.245442,0.283493,0.568976,0.194516,0.058646,0.566003,0.524796,0.421352,0.365848,0.065881,0.618033,0.492914,0.432195,0.290368,0.146927,0.260940,0.496321,0.273629,0.717208,0.310280,0.000000,0.463964,0.489796,0.130511,0.040059,0.277096,0.374360,0.530920,0.267160,0.422487,0.425471,0.231809,0.098309,0.156186,0.815002,0.337883,0.647681,0.230505,0.222745,0.311503,0.237877,0.620471,0.764994,0.488978,0.516671,0.469679,0.249372,0.390253,0.294438,0.072067,0.214208,0.733435,0.514388,0.080412,0.838851,0.666644,0.287692,0.866512,0.429388,0.520989,0.294503,0.128680,0.141855,0.207965,0.238395,0.518023,0.797329,0.102919,0.300420,0.069124,0.389008,0.518446,0.098503
22.6,0.965587984541152,0.02293336,1,0.255258,0.329231,0.221064,0.893752,0.367387,0.308915,0.841477,0.837440,0.099716,0.623261,0.247764,0.447402,0.444090,0.041458,0.356687,0.717067,0.776229,0.285502,0.701933,0.340597,0.399936,0.042454,0.218469,0.319713,0.065145,0.710476,0.001861,0.250607,0.286702,0.566514,0.194701,0.046084,0.564185,0.523989,0.431663,0.366450,0.066445,0.620959,0.488798,0.432086,0.292574,0.148457,0.265010,0.493643,0.272265,0.717916,0.311867,0.000000,0.464244,0.494274,0.140188,0.037329,0.274140,0.375931,0.527267,0.267235,0.422394,0.431846,0.231497,0.099178,0.154455,0.823514,0.337906,0.650377,0.227827,0.215571,0.310999,0.240633,0.618696,0.763198,0.492955,0.518941,0.474337,0.253107,0.394947,0.293248,0.076026,0.213289,0.731067,0.508446,0.086365,0.832161,0.664677,0.289306,0.866923,0.434200,0.525975,0.289298,0.125649,0.138757,0.214974,0.244330,0.520937,0.808135,0.101884,0.289721,0.070750,0.382048,0.526180,0.094884
22.7,0.966156624726349,0.022554656,1,0.253407,0.330773,0.228202,0.895843,0.368593,0.310351,0.843990,0.837861,0.095329,0.630901,0.248142,0.451328,0.446138,0.031920,0.350898,0.716139,0.777018,0.288683,0.699788,0.346263,0.399331,0.037522,0.227234,0.334436,0.064657,0.706013,0.002804,0.250004,0.290627,0.568587,0.190806,0.045409,0.564056,0.526168,0.420123,0.368959,0.065609,0.622070,0.488084,0.438688,0.286167,0.144756,0.262322,0.493713,0.273615,0.725484,0.310564,0.003842,0.462132,0.497200,0.135964,0.040253,0.280147,0.388083,0.530111,0.263814,0.425740,0.431090,0.228910,0.096450,0.153764,0.817561,0.338672,0.646716,0.227960,0.222351,0.313312,0.241020,0.619962,0.768898,0.495055,0.518468,0.476184,0.249782,0.390810,0.302375,0.066382,0.212268,0.733133,0.510711,0.085632,0.834327,0.666505,0.282454,0.868013,0.433906,0.528773,0.283090,0.124308,0.143240,0.207134,0.245467,0.518546,0.804373,0.096700,0.301675,0.063165,0.396488,0.529889,0.098534
22.8,0.966715874677242,0.022182193,1,0.253502,0.334292,0.223254,0.898926,0.377997,0.309575,0.847627,0.838303,0.093467,0.622874,0.247549,0.450642,0.441831,0.036841,0.355235,0.715627,0.777548,0.285925,0.693996,0.344320,0.409090,0.038063,0.227143,0.320156,0.065520,0.710260,0.001316,0.251078,0.279965,0.568425,0.188477,0.044859,0.571458,0.526675,0.430602,0.366524,0.065600,0.617095,0.500645,0.442411,0.287713,0.142035,0.266993,0.501075,0.275411,0.726906,0.311438,0.003264,0.464471,0.500712,0.135156,0.040177,0.272377,0.388035,0.534823,0.258371,0.422941,0.425206,0.227529,0.094632,0.151410,0.823356,0.340512,0.647955,0.225201,0.216621,0.312394,0.237557,0.623155,0.767635,0.494325,0.518960,0.476092,0.253980,0.392128,0.298150,0.068275,0.212308,0.731223,0.510188,0.081111,0.835969,0.666297,0.287375,0.868767,0.431446,0.530164,0.281465,0.123461,0.135966,0.209447,0.246884,0.525533,0.809374,0.098855,0.288265,0.066725,0.390120,0.523653,0.090653
22.9,0.967265889154626,0.02181587,1,0.258919,0.336107,0.225169,0.895967,0.379866,0.309243,0.843700,0.833837,0.088174,0.621556,0.248848,0.450031,0.446991,0.046399,0.353863,0.713239,0.779919,0.288333,0.695965,0.340894,0.402511,0.035769,0.221345,0.326116,0.068634,0.706607,0.000000,0.250073,0.284589,0.569275,0.186923,0.049516,0.576384,0.527214,0.422880,0.366280,0.060282,0.615760,0.498599,0.437144,0.294156,0.143311,0.269625,0.501202,0.274290,0.731569,0.312754,0.000000,0.462938,0.503778,0.127132,0.038886,0.282498,0.378829,0.531041,0.264680,0.427070,0.428099,0.224814,0.091691,0.149873,0.814521,0.338560,0.647691,0.224697,0.212338,0.314475,0.238228,0.622680,0.770805,0.498758,0.524433,0.477480,0.255952,0.395239,0.302932,0.071647,0.210104,0.731620,0.519358,0.075244,0.839261,0.668608,0.294425,0.866061,0.440236,0.532127,0.295246,0.125864,0.140710,0.198186,0.243210,0.525186,0.800018,0.095590,0.295345,0.063686,0.398017,0.521890,0.090407
23,0.967806820383572,0.021455584,1,0.255816,0.338765,0.230097,0.897950,0.382950,0.309913,0.848176,0.836592,0.098544,0.624942,0.249526,0.452023,0.436836,0.033614,0.351316,0.716566,0.778524,0.287828,0.705931,0.335257,0.403350,0.035041,0.223454,0.333269,0.073771,0.702365,0.000000,0.246622,0.282096,0.573116,0.186436,0.048821,0.576774,0.527600,0.430929,0.367937,0.065596,0.622934,0.499101,0.449307,0.294386,0.141110,0.269268,0.501837,0.275954,0.729585,0.312503,0.007509,0.463482,0.500012,0.132348,0.033405,0.273970,0.380880,0.538996,0.252844,0.429612,0.428252,0.227630,0.094687,0.149244,0.817637,0.343013,0.649387,0.222043,0.211806,0.320791,0.240063,0.623384,0.773899,0.495999,0.524927,0.482542,0.257555,0.399754,0.303830,0.070639,0.210292,0.732399,0.514867,0.077850,0.841105,0.666491,0.301922,0.870103,0.437109,0.531526,0.288751,0.121986,0.138045,0.197855,0.246280,0.526771,0.799472,0.095182,0.291051,0.062490,0.389365,0.523812,0.093025
23.1,0.968338818094239,0.021101238,1,0.258677,0.337048,0.225043,0.889370,0.369596,0.308768,0.844065,0.833891,0.086044,0.632565,0.250416,0.453522,0.438275,0.031340,0.350975,0.714800,0.781435,0.289890,0.702355,0.338541,0.399549,0.032885,0.233225,0.331617,0.063457,0.702889,0.000000,0.249447,0.281058,0.570020,0.187330,0.047097,0.569050,0.529751,0.429184,0.366964,0.058089,0.622911,0.504697,0.438778,0.286718,0.141009,0.270652,0.509192,0.277473,0.734157,0.314045,0.009220,0.461749,0.503705,0.130693,0.037459,0.276304,0.387451,0.539437,0.244919,0.428430,0.431946,0.224400,0.091432,0.147196,0.818008,0.339193,0.654372,0.221778,0.217375,0.319386,0.241292,0.623064,0.774260,0.502415,0.523167,0.480088,0.257196,0.396040,0.303854,0.068230,0.208996,0.733889,0.522575,0.071794,0.834708,0.667369,0.286903,0.870492,0.444523,0.529813,0.290939,0.125269,0.130568,0.203963,0.242179,0.528866,0.807540,0.091747,0.296502,0.066276,0.393135,0.525642,0.087489
23.2,0.968862029562074,0.020752734,1,0.259585,0.341663,0.211813,0.892896,0.373877,0.309755,0.843487,0.838665,0.087089,0.632456,0.250097,0.455451,0.436874,0.027871,0.350964,0.713102,0.780863,0.291613,0.703836,0.348415,0.404634,0.034791,0.223089,0.334241,0.072194,0.706747,0.000000,0.252190,0.291508,0.571200,0.185897,0.053952,0.582194,0.528931,0.420203,0.366713,0.058976,0.613776,0.493111,0.437257,0.296271,0.146444,0.272262,0.506244,0.277822,0.736526,0.313452,0.005117,0.467762,0.504495,0.128543,0.031068,0.281061,0.394732,0.541259,0.251511,0.429121,0.425595,0.223510,0.092129,0.146394,0.815426,0.341563,0.649799,0.219842,0.216810,0.314691,0.243538,0.622629,0.780824,0.502609,0.523440,0.482655,0.255890,0.401153,0.299415,0.061727,0.209435,0.733924,0.519530,0.077585,0.835283,0.669151,0.300087,0.867676,0.444798,0.533726,0.290095,0.122393,0.132345,0.199062,0.250291,0.534215,0.811047,0.096431,0.293873,0.065063,0.401256,0.520460,0.086767
23.3,0.969376599647396,0.020409976,1,0.259130,0.335235,0.225102,0.900463,0.385780,0.307220,0.843861,0.839313,0.086640,0.624845,0.251780,0.455065,0.448105,0.026762,0.357176,0.715390,0.781297,0.292832,0.707621,0.339578,0.411591,0.035165,0.235667,0.326388,0.070952,0.708877,0.000323,0.246858,0.291800,0.570687,0.182605,0.036469,0.579795,0.530027,0.430125,0.368303,0.062580,0.620167,0.496549,0.440854,0.295611,0.138583,0.271461,0.508805,0.277805,0.734443,0.314411,0.000000,0.463867,0.507612,0.122990,0.029586,0.284749,0.394636,0.538887,0.242881,0.431480,0.429871,0.221358,0.086009,0.145118,0.816650,0.339675,0.650263,0.217561,0.214359,0.321801,0.242541,0.625186,0.779291,0.500814,0.525179,0.485148,0.261844,0.399057,0.303928,0.068578,0.207668,0.733100,0.519606,0.078255,0.837412,0.669099,0.284506,0.867992,0.440326,0.534168,0.284116,0.120227,0.126981,0.195703,0.251505,0.529154,0.811120,0.094348,0.305960,0.057127,0.391871,0.522062,0.094848
23.4,0.969882670834372,0.02007287,1,0.260862,0.336698,0.217973,0.889663,0.373997,0.310156,0.849027,0.838532,0.093864,0.630005,0.252519,0.455197,0.440421,0.041376,0.353710,0.712534,0.781597,0.293225,0.703413,0.343980,0.409384,0.037110,0.230991,0.326157,0.061210,0.704220,0.002266,0.247641,0.295802,0.570962,0.179367,0.048246,0.577688,0.529658,0.426938,0.369545,0.061160,0.619037,0.491750,0.445847,0.292252,0.139083,0.273543,0.502671,0.279301,0.736431,0.315366,0.000000,0.466208,0.503931,0.129706,0.033185,0.277174,0.393045,0.543219,0.257490,0.434446,0.429431,0.219242,0.085061,0.143184,0.823004,0.342316,0.655458,0.216266,0.212887,0.322919,0.245857,0.618872,0.781408,0.504317,0.526486,0.489425,0.262967,0.405377,0.305194,0.065284,0.207300,0.732519,0.521412,0.079286,0.844361,0.667220,0.296645,0.868149,0.437910,0.540525,0.293014,0.120782,0.126023,0.185927,0.249508,0.532653,0.806014,0.091805,0.301871,0.059162,0.396533,0.529523,0.085472
23.5,0.970380383269399,0.019741322,1,0.261230,0.339307,0.210062,0.889993,0.377039,0.307609,0.845607,0.836773,0.093233,0.630913,0.253180,0.459655,0.441505,0.031556,0.355399,0.714724,0.784568,0.290155,0.705448,0.341080,0.412739,0.030409,0.225167,0.329635,0.058085,0.713885,0.000000,0.255481,0.289395,0.574286,0.179222,0.037991,0.576768,0.532793,0.427487,0.369210,0.057837,0.615024,0.507835,0.456208,0.299147,0.138912,0.271499,0.507730,0.280452,0.741229,0.316389,0.006829,0.466278,0.510992,0.130536,0.035339,0.277684,0.389708,0.545850,0.246664,0.432961,0.429533,0.219677,0.081894,0.142307,0.819850,0.343099,0.658850,0.213790,0.212657,0.318057,0.243291,0.620157,0.785155,0.504978,0.530220,0.490418,0.261732,0.406153,0.303902,0.067065,0.205978,0.731467,0.525851,0.070280,0.846574,0.668228,0.299073,0.869598,0.445152,0.535162,0.293373,0.121161,0.129301,0.192840,0.243995,0.536640,0.803524,0.091698,0.292306,0.059463,0.403808,0.521296,0.091459
23.6,0.970869874798892,0.019415243,1,0.264436,0.338848,0.215701,0.900267,0.389342,0.308416,0.849293,0.839286,0.083801,0.628791,0.253867,0.458067,0.440826,0.027478,0.353812,0.717091,0.782475,0.289003,0.703131,0.335984,0.402304,0.027518,0.228226,0.331568,0.064250,0.707529,0.000000,0.249599,0.298398,0.573953,0.179963,0.036219,0.574846,0.531403,0.416944,0.371999,0.051865,0.623532,0.505099,0.450479,0.299638,0.132660,0.266432,0.504507,0.279464,0.743680,0.317560,0.009521,0.466949,0.511619,0.123725,0.034478,0.279219,0.398581,0.544425,0.241440,0.435145,0.427338,0.214326,0.079674,0.140355,0.815097,0.342318,0.658979,0.212203,0.214425,0.321892,0.242878,0.621061,0.786529,0.508501,0.528277,0.486398,0.260203,0.401703,0.307868,0.061088,0.205351,0.732837,0.525436,0.071257,0.846282,0.668345,0.291903,0.870300,0.448705,0.540042,0.294098,0.118664,0.131956,0.192855,0.245627,0.541208,0.808447,0.089162,0.303653,0.054729,0.392453,0.529003,0.086033
23.7,0.971351281006491,0.019094542,1,0.260760,0.346462,0.212525,0.900935,0.390495,0.311152,0.846765,0.831650,0.086087,0.629993,0.254122,0.462129,0.439491,0.038703,0.357349,0.712523,0.782119,0.297840,0.708990,0.348499,0.413435,0.029605,0.233990,0.338363,0.059517,0.702671,0.000000,0.257736,0.295927,0.576339,0.177225,0.044762,0.580360,0.533199,0.424573,0.374056,0.058182,0.613929,0.510585,0.451120,0.298997,0.134078,0.272731,0.509518,0.280529,0.749138,0.318981,0.009553,0.468409,0.508603,0.130296,0.031820,0.281167,0.395600,0.547751,0.239784,0.434758,0.427837,0.213810,0.076958,0.138201,0.815501,0.344965,0.650882,0.211205,0.211916,0.322082,0.243052,0.620958,0.788501,0.508349,0.529414,0.485098,0.261184,0.403631,0.309121,0.057588,0.205871,0.732559,0.528410,0.076113,0.847474,0.668443,0.296580,0.870726,0.441231,0.539562,0.287281,0.119880,0.127169,0.178837,0.246060,0.540288,0.807318,0.084129,0.293177,0.053755,0.407115,0.520573,0.092460
23.8,0.97182473524969,0.01877913,1,0.264552,0.348325,0.218831,0.897585,0.379890,0.311543,0.850127,0.838642,0.080493,0.623208,0.254871,0.461941,0.455412,0.039308,0.356764,0.717320,0.784138,0.290588,0.707125,0.338350,0.408543,0.034731,0.234626,0.337094,0.055018,0.708405,0.000000,0.250563,0.298183,0.578974,0.177173,0.039547,0.586147,0.533228,0.427096,0.372206,0.062249,0.615352,0.513303,0.444312,0.294877,0.134467,0.274511,0.512899,0.281341,0.749345,0.318285,0.000000,0.462964,0.505604,0.126508,0.032147,0.289214,0.399477,0.548014,0.236976,0.438697,0.425408,0.213789,0.080721,0.136331,0.817230,0.343950,0.655364,0.210708,0.207624,0.319302,0.248119,0.623229,0.792109,0.511580,0.535491,0.493630,0.259111,0.407795,0.310978,0.061749,0.204053,0.731565,0.525348,0.068817,0.849334,0.670225,0.305502,0.871733,0.449403,0.539588,0.290061,0.116744,0.128570,0.180230,0.245591,0.543099,0.815161,0.085801,0.299478,0.054719,0.392024,0.531094,0.086926
23.9,0.972290368695902,0.018468922,1,0.262383,0.348836,0.208816,0.896545,0.387924,0.308986,0.842193,0.832725,0.093353,0.623647,0.255598,0.462041,0.447020,0.023545,0.355507,0.717062,0.787066,0.295733,0.710911,0.337718,0.403498,0.026340,0.233668,0.338082,0.056426,0.706887,0.000248,0.256439,0.286013,0.575408,0.174063,0.043279,0.578170,0.533812,0.419090,0.370955,0.061586,0.618195,0.504468,0.460359,0.294799,0.133479,0.272074,0.516504,0.282035,0.748710,0.320751,0.006183,0.466453,0.506844,0.118943,0.033776,0.280790,0.400644,0.546533,0.249734,0.439143,0.430300,0.212583,0.079472,0.135382,0.816540,0.341773,0.658638,0.207181,0.211133,0.325378,0.249160,0.623086,0.792642,0.509459,0.534088,0.492579,0.260116,0.408681,0.308589,0.053328,0.204033,0.731860,0.529358,0.074850,0.842460,0.670869,0.293264,0.867883,0.451216,0.543109,0.285869,0.118403,0.123750,0.184568,0.251962,0.545465,0.808716,0.086697,0.295523,0.052379,0.408601,0.520827,0.083782
24,0.972748310357962,0.018163831,1,0.264025,0.341360,0.213495,0.896327,0.385477,0.311138,0.849740,0.831931,0.085141,0.623014,0.257009,0.462824,0.451427,0.023550,0.354195,0.712945,0.785163,0.299710,0.721276,0.338176,0.404726,0.029108,0.235390,0.343676,0.052096,0.704871,0.000000,0.253098,0.293380,0.575985,0.172583,0.037349,0.588000,0.535953,0.427320,0.372197,0.061662,0.618300,0.502069,0.449093,0.300225,0.137186,0.274445,0.517253,0.283234,0.750749,0.320594,0.007019,0.468251,0.509412,0.118642,0.031249,0.289781,0.403259,0.546892,0.240463,0.439150,0.425164,0.211163,0.072191,0.135169,0.816557,0.346205,0.652174,0.207829,0.210156,0.320972,0.246834,0.619402,0.795354,0.513479,0.534953,0.489314,0.261821,0.410480,0.311462,0.055237,0.203059,0.731618,0.528319,0.067313,0.843102,0.670492,0.306824,0.869778,0.445431,0.541703,0.293154,0.117005,0.126120,0.170975,0.254514,0.540588,0.814631,0.083688,0.303183,0.058123,0.407073,0.520668,0.086214
24.1,0.973198687129073,0.017863773,1,0.266375,0.351112,0.212516,0.893133,0.388008,0.308713,0.846235,0.836233,0.077645,0.621812,0.256657,0.465157,0.462239,0.029472,0.354292,0.713204,0.784546,0.300117,0.721149,0.350994,0.407210,0.027087,0.239540,0.341296,0.053227,0.710971,0.006920,0.254113,0.289621,0.576744,0.170441,0.038708,0.591886,0.535094,0.430212,0.375055,0.049210,0.623476,0.510698,0.457058,0.298920,0.131016,0.275382,0.510843,0.284392,0.754985,0.321901,0.001294,0.468076,0.512531,0.116123,0.026800,0.292996,0.397911,0.548630,0.241741,0.442998,0.426859,0.210075,0.070770,0.132671,0.816594,0.345545,0.654167,0.205009,0.208369,0.323203,0.247165,0.620021,0.799179,0.513721,0.534323,0.490791,0.265828,0.411902,0.311560,0.058920,0.202117,0.731694,0.531619,0.067973,0.849000,0.671019,0.289634,0.866847,0.454340,0.548301,0.296703,0.115128,0.120279,0.169626,0.256144,0.544923,0.813999,0.085290,0.301458,0.051866,0.409969,0.522738,0.085325
24.2,0.973641623817217,0.017568666,1,0.264820,0.347868,0.213544,0.893001,0.383320,0.309350,0.849649,0.834799,0.088502,0.632975,0.255885,0.464887,0.452236,0.032227,0.354024,0.715127,0.788390,0.293776,0.716115,0.344382,0.413110,0.032498,0.233690,0.335252,0.052643,0.713052,0.006943,0.254565,0.296044,0.577384,0.168359,0.037707,0.584451,0.536745,0.416957,0.377840,0.054189,0.619320,0.507375,0.450949,0.303162,0.127237,0.272649,0.521164,0.285490,0.756864,0.322735,0.001730,0.464193,0.515378,0.127583,0.025503,0.281624,0.394504,0.552849,0.237484,0.441192,0.432230,0.206351,0.074637,0.130929,0.820258,0.346329,0.659469,0.204486,0.204469,0.326097,0.249005,0.623388,0.799832,0.514663,0.537215,0.501110,0.262093,0.411942,0.312393,0.051470,0.200418,0.731849,0.534409,0.076068,0.843465,0.672329,0.293994,0.866942,0.448661,0.544480,0.284179,0.115375,0.122206,0.173571,0.256965,0.540946,0.807570,0.081665,0.308149,0.053137,0.409746,0.531249,0.080826
24.3,0.974077243179019,0.017278428,1,0.265592,0.344615,0.196905,0.894303,0.386686,0.308312,0.845254,0.836049,0.083791,0.628711,0.257698,0.467063,0.462611,0.022935,0.355528,0.716394,0.785816,0.296835,0.724692,0.348966,0.417760,0.024416,0.238834,0.340035,0.059162,0.711439,0.001135,0.254411,0.287339,0.581293,0.168498,0.036388,0.592931,0.538643,0.425506,0.375409,0.050770,0.615341,0.519012,0.461413,0.303081,0.127049,0.273227,0.515741,0.285727,0.759595,0.321525,0.009369,0.468047,0.513099,0.122156,0.024796,0.289842,0.406370,0.554911,0.233048,0.443481,0.431845,0.207705,0.068388,0.131012,0.823233,0.345273,0.660226,0.202492,0.201272,0.321788,0.252428,0.623584,0.800963,0.516497,0.537698,0.499421,0.266504,0.413879,0.305744,0.049655,0.199905,0.733502,0.535247,0.072035,0.850073,0.669956,0.306395,0.866171,0.449683,0.550792,0.290323,0.117162,0.123083,0.162794,0.254172,0.551320,0.807091,0.077311,0.305178,0.053315,0.407131,0.525573,0.086590
24.4,0.974505665953082,0.016992979,1,0.268880,0.350239,0.204990,0.900282,0.395340,0.311774,0.844543,0.832321,0.090691,0.628599,0.259531,0.468554,0.450000,0.024231,0.351509,0.713403,0.788553,0.301600,0.727016,0.352610,0.416016,0.025678,0.233334,0.348175,0.054994,0.706995,0.000000,0.257125,0.299498,0.582163,0.166302,0.033045,0.590718,0.539177,0.430076,0.375493,0.052860,0.620711,0.504775,0.449152,0.301756,0.133067,0.279854,0.517383,0.285274,0.756528,0.321846,0.000000,0.465542,0.513855,0.114543,0.026224,0.288072,0.396189,0.552307,0.225588,0.444951,0.429047,0.206991,0.071273,0.128299,0.819488,0.344507,0.661595,0.198913,0.198927,0.328706,0.250867,0.619537,0.803212,0.518510,0.540809,0.503466,0.266028,0.409934,0.305799,0.048992,0.199914,0.733315,0.531523,0.072036,0.846008,0.672027,0.310497,0.867846,0.448203,0.547630,0.286814,0.114115,0.115996,0.175666,0.247645,0.543361,0.818172,0.080987,0.296152,0.054128,0.413371,0.531186,0.080864
24.5,0.974927010892802,0.016712241,1,0.265452,0.352192,0.193279,0.896902,0.389088,0.307885,0.842357,0.833340,0.075563,0.628696,0.259266,0.470216,0.452376,0.024305,0.355789,0.714957,0.787306,0.302422,0.716324,0.350295,0.415718,0.023093,0.232888,0.343717,0.061036,0.713056,0.000000,0.257046,0.304140,0.579954,0.164857,0.027207,0.586339,0.539820,0.431462,0.376686,0.060034,0.621208,0.505600,0.458320,0.306814,0.131389,0.277501,0.522983,0.287140,0.758119,0.324187,0.000000,0.468877,0.519312,0.122433,0.023215,0.293492,0.397637,0.555380,0.238531,0.447128,0.428999,0.201070,0.070259,0.126778,0.819014,0.347730,0.662961,0.196638,0.201529,0.329402,0.249325,0.623257,0.805046,0.517069,0.537808,0.493604,0.270542,0.414301,0.315706,0.053946,0.199004,0.734213,0.533076,0.071835,0.844325,0.673286,0.306926,0.870229,0.457013,0.550784,0.290517,0.113057,0.113455,0.170619,0.257047,0.552121,0.819202,0.076864,0.302949,0.054194,0.406349,0.527465,0.085764
24.6,0.975341394798668,0.016436136,1,0.268426,0.351815,0.203170,0.889995,0.385325,0.310978,0.849731,0.837644,0.083145,0.628528,0.259237,0.469614,0.448665,0.025245,0.355994,0.714557,0.789877,0.302700,0.720114,0.349441,0.409055,0.026615,0.233104,0.345871,0.047753,0.703057,0.005552,0.262222,0.301895,0.579766,0.165379,0.032655,0.594618,0.541346,0.430595,0.376601,0.049756,0.619053,0.509421,0.464674,0.298256,0.129951,0.280303,0.518832,0.287425,0.763916,0.324767,0.008850,0.464223,0.517008,0.121526,0.025193,0.290911,0.406450,0.556870,0.227256,0.448531,0.425541,0.203768,0.067993,0.126196,0.821808,0.344840,0.664147,0.195640,0.200963,0.325093,0.250941,0.625000,0.808764,0.520971,0.545017,0.499708,0.269415,0.416080,0.309015,0.044656,0.197885,0.734657,0.541837,0.065816,0.851628,0.672835,0.304381,0.868101,0.461058,0.552710,0.294534,0.111753,0.119859,0.157118,0.257925,0.550472,0.820237,0.077483,0.300116,0.057339,0.413453,0.529895,0.079030
24.7,0.975748932550045,0.016164587,1,0.272321,0.352123,0.206539,0.894564,0.394133,0.307797,0.843216,0.837528,0.073805,0.624303,0.259912,0.470076,0.464386,0.025001,0.350957,0.714777,0.788987,0.299075,0.724524,0.342236,0.407528,0.028262,0.235398,0.338074,0.049796,0.709674,0.000308,0.260450,0.299389,0.584918,0.163591,0.032373,0.589658,0.541336,0.420582,0.380228,0.050024,0.619876,0.512894,0.458368,0.302825,0.127070,0.274417,0.518114,0.287005,0.765593,0.322957,0.003494,0.464624,0.526184,0.116936,0.024306,0.286346,0.403787,0.563728,0.230530,0.448428,0.431668,0.198703,0.067614,0.125187,0.816971,0.346135,0.667100,0.194033,0.198003,0.326097,0.250600,0.620891,0.809596,0.518865,0.543873,0.506302,0.265839,0.417740,0.315619,0.045356,0.197393,0.733286,0.544707,0.068036,0.845308,0.670924,0.296475,0.870767,0.457747,0.551517,0.286393,0.114761,0.108507,0.166058,0.251302,0.556638,0.812410,0.075914,0.298230,0.054222,0.414205,0.523099,0.078260
24.8,0.97614973713647,0.01589752,1,0.272945,0.349025,0.197199,0.894094,0.395666,0.307802,0.843839,0.833380,0.086769,0.621942,0.262197,0.470405,0.455475,0.019061,0.354783,0.713249,0.789605,0.298497,0.730260,0.352541,0.409167,0.024459,0.240955,0.352662,0.053511,0.712640,0.000000,0.261030,0.293683,0.582473,0.161530,0.024178,0.600011,0.542534,0.424381,0.381065,0.052346,0.620443,0.520376,0.466595,0.306146,0.123928,0.281717,0.527939,0.287524,0.769322,0.324167,0.003323,0.465206,0.528229,0.117941,0.025317,0.289544,0.399929,0.563812,0.222280,0.451014,0.427009,0.200353,0.060399,0.123803,0.823254,0.347721,0.657389,0.194043,0.202757,0.325296,0.250734,0.621696,0.810714,0.519726,0.544013,0.500858,0.267827,0.418515,0.315037,0.051187,0.195337,0.734947,0.539914,0.067035,0.844007,0.672227,0.305045,0.867395,0.459557,0.557591,0.289504,0.114466,0.115546,0.155900,0.253893,0.551130,0.819205,0.073112,0.304214,0.051228,0.415084,0.523633,0.079002
24.9,0.976543919688436,0.015634861,1,0.268022,0.352093,0.197220,0.899729,0.395903,0.309488,0.845797,0.838996,0.077302,0.622579,0.260984,0.474194,0.461752,0.033215,0.355342,0.713431,0.790757,0.304938,0.732621,0.341859,0.412125,0.025830,0.237004,0.351101,0.053246,0.712530,0.000000,0.262090,0.303833,0.583950,0.159110,0.020545,0.601497,0.540931,0.424576,0.377228,0.055380,0.620638,0.522943,0.465286,0.305469,0.121465,0.281765,0.521208,0.289465,0.769862,0.327083,0.000000,0.469112,0.527264,0.117313,0.024618,0.287904,0.400709,0.563053,0.215606,0.451657,0.429496,0.195928,0.060964,0.121858,0.821524,0.348442,0.664594,0.191956,0.199961,0.327100,0.252039,0.619365,0.811065,0.523854,0.547344,0.502407,0.266285,0.418891,0.309874,0.048850,0.194767,0.733988,0.542874,0.071800,0.846537,0.674669,0.295442,0.870492,0.459463,0.554761,0.292180,0.110676,0.107295,0.153767,0.252388,0.559336,0.815585,0.069953,0.310098,0.051202,0.412559,0.526032,0.082221
25,0.976931589507706,0.015376538,1,0.269487,0.351577,0.191624,0.891747,0.399287,0.308851,0.847308,0.838566,0.073994,0.630726,0.261254,0.472659,0.464554,0.021971,0.351624,0.714594,0.791876,0.306544,0.726685,0.352994,0.414248,0.025095,0.241529,0.351267,0.046069,0.709516,0.000000,0.258842,0.308519,0.586632,0.158885,0.021133,0.589313,0.544403,0.426725,0.378007,0.043489,0.622718,0.527389,0.468857,0.300692,0.124658,0.278645,0.523302,0.290694,0.770393,0.327741,0.000000,0.463931,0.525847,0.113567,0.026647,0.300434,0.409258,0.566422,0.213309,0.454168,0.431454,0.195316,0.060920,0.120168,0.821747,0.344758,0.661460,0.190003,0.202820,0.331104,0.252462,0.622888,0.813151,0.522595,0.543865,0.502573,0.267657,0.420241,0.313879,0.043289,0.194861,0.735416,0.544495,0.069848,0.854882,0.674652,0.303054,0.871268,0.462922,0.557933,0.292358,0.112663,0.113689,0.151933,0.253908,0.553961,0.816030,0.071950,0.299552,0.050499,0.416212,0.520735,0.080964
25.1,0.977312854097134,0.015122479,1,0.270417,0.354041,0.199577,0.890971,0.398051,0.307935,0.850438,0.832843,0.081486,0.623245,0.263272,0.474067,0.453888,0.019439,0.350890,0.715530,0.791036,0.306693,0.725578,0.351206,0.418621,0.025673,0.243364,0.355011,0.058226,0.715543,0.002712,0.262997,0.302526,0.584363,0.159282,0.026714,0.603068,0.543045,0.423797,0.380378,0.047288,0.624100,0.528182,0.467673,0.309261,0.122016,0.276816,0.525422,0.290012,0.769102,0.327577,0.006415,0.466929,0.521980,0.112112,0.024673,0.294352,0.404395,0.561588,0.226887,0.452923,0.431138,0.194128,0.055130,0.118860,0.815569,0.345084,0.662912,0.187594,0.195653,0.332256,0.256144,0.619035,0.817850,0.527208,0.544294,0.506778,0.267447,0.422039,0.314635,0.048353,0.193985,0.735314,0.546204,0.065433,0.851652,0.671935,0.311997,0.871664,0.464431,0.561469,0.292654,0.108594,0.110591,0.160989,0.253579,0.554509,0.810091,0.071938,0.318060,0.053892,0.411600,0.528468,0.079120
25.2,0.977687819190019,0.014872614,1,0.275046,0.360939,0.189162,0.897807,0.406030,0.309104,0.846370,0.833186,0.076018,0.631527,0.263617,0.476040,0.468039,0.028465,0.356345,0.714001,0.791699,0.301837,0.721918,0.346408,0.418238,0.025580,0.244211,0.357212,0.043325,0.704565,0.004570,0.265194,0.304809,0.586566,0.157033,0.015303,0.604089,0.544893,0.422562,0.378802,0.053046,0.620661,0.517570,0.456040,0.304452,0.122621,0.276460,0.534682,0.291804,0.775174,0.328596,0.000000,0.467679,0.524699,0.111116,0.026955,0.291512,0.404338,0.568730,0.227065,0.454650,0.430791,0.190248,0.053734,0.117700,0.817825,0.348414,0.661478,0.187308,0.196387,0.328605,0.256697,0.624047,0.819690,0.525445,0.550640,0.505499,0.270239,0.420647,0.312149,0.044750,0.192601,0.733971,0.548973,0.068485,0.855242,0.673387,0.308229,0.871859,0.462284,0.561848,0.294458,0.109829,0.106307,0.148680,0.259884,0.561422,0.810587,0.072432,0.305905,0.051927,0.411897,0.524455,0.075343
25.3,0.978056588778991,0.014626873,1,0.275333,0.357761,0.194287,0.887824,0.398582,0.311119,0.845118,0.836692,0.070190,0.627161,0.263435,0.479104,0.470177,0.024916,0.355419,0.715401,0.793309,0.307236,0.734695,0.341306,0.410498,0.022399,0.248833,0.340798,0.052475,0.704055,0.006650,0.263603,0.297731,0.588755,0.153271,0.024584,0.603875,0.544216,0.420329,0.383007,0.048545,0.620719,0.528307,0.471226,0.302018,0.120104,0.278015,0.527603,0.293002,0.777834,0.327956,0.000000,0.465543,0.530560,0.109372,0.025566,0.301687,0.407818,0.567777,0.208595,0.456073,0.427204,0.188331,0.052538,0.115429,0.817158,0.345362,0.664106,0.183948,0.193141,0.331207,0.258356,0.623900,0.817785,0.527185,0.549016,0.508855,0.271159,0.424593,0.314212,0.044159,0.192737,0.735086,0.543908,0.057489,0.849942,0.675313,0.311938,0.869633,0.457019,0.559992,0.292254,0.107859,0.110884,0.142735,0.260397,0.557595,0.819182,0.073727,0.301763,0.045189,0.419950,0.526698,0.077198
25.4,0.978419265144438,0.01438519,1,0.275919,0.353969,0.191240,0.886169,0.403862,0.309594,0.848814,0.833756,0.075944,0.629274,0.265321,0.479296,0.457084,0.027170,0.357353,0.717401,0.790770,0.301536,0.729406,0.349846,0.419422,0.019514,0.238901,0.356665,0.047492,0.704924,0.000000,0.261543,0.308773,0.586538,0.153767,0.024780,0.604068,0.545159,0.425092,0.379029,0.043635,0.615493,0.518922,0.463803,0.307591,0.122300,0.282594,0.531046,0.293407,0.778265,0.328453,0.007174,0.465340,0.530731,0.107556,0.024353,0.295884,0.406134,0.571896,0.214948,0.457352,0.427480,0.190707,0.052411,0.115513,0.820465,0.346361,0.666073,0.183068,0.196574,0.329634,0.255387,0.620376,0.821295,0.530996,0.549361,0.506510,0.275774,0.420956,0.315501,0.039801,0.191679,0.733695,0.546141,0.060825,0.854997,0.675599,0.303953,0.866069,0.466246,0.559540,0.288032,0.107091,0.105216,0.151400,0.261066,0.560600,0.822504,0.064587,0.302163,0.044064,0.419046,0.523077,0.079461
25.5,0.978775948882476,0.014147497,1,0.273440,0.360939,0.179200,0.900745,0.400227,0.309667,0.849432,0.832646,0.069483,0.623883,0.264516,0.477309,0.474340,0.027365,0.357856,0.713514,0.794356,0.302806,0.726399,0.342597,0.422710,0.024110,0.250527,0.346405,0.048767,0.712628,0.004596,0.262311,0.299830,0.586725,0.151861,0.023054,0.601553,0.547073,0.419134,0.379591,0.043861,0.620040,0.521654,0.470236,0.312847,0.118551,0.286457,0.533159,0.293107,0.776543,0.330365,0.000000,0.465588,0.532082,0.115413,0.020684,0.303321,0.418638,0.570017,0.219927,0.457386,0.426002,0.188404,0.054305,0.113498,0.815227,0.347934,0.669016,0.182160,0.192190,0.330152,0.258847,0.621168,0.825156,0.530034,0.547728,0.507569,0.272128,0.425418,0.316473,0.035109,0.191463,0.734741,0.547159,0.062489,0.858359,0.675738,0.312831,0.868195,0.467878,0.564824,0.286167,0.107920,0.102831,0.151146,0.262939,0.559443,0.824393,0.071999,0.309343,0.042397,0.405349,0.522053,0.080005
25.6,0.979126738932481,0.013913728,1,0.272747,0.363505,0.187572,0.886779,0.398706,0.311570,0.846803,0.837149,0.066588,0.626259,0.266098,0.479610,0.464034,0.030797,0.351818,0.716885,0.792496,0.310136,0.728477,0.353923,0.411439,0.022372,0.249649,0.354197,0.049420,0.703954,0.000000,0.262435,0.297433,0.585788,0.148318,0.020388,0.605471,0.546211,0.432653,0.381912,0.050933,0.617753,0.533724,0.472842,0.310260,0.119052,0.278375,0.529332,0.293038,0.778811,0.329017,0.000000,0.470046,0.534426,0.108201,0.021626,0.299706,0.411517,0.574129,0.212125,0.458443,0.432243,0.185196,0.049973,0.112721,0.815626,0.347884,0.675667,0.177788,0.190644,0.336192,0.258862,0.622042,0.824641,0.531484,0.553053,0.513549,0.271489,0.427879,0.315466,0.041837,0.189430,0.735857,0.554468,0.057754,0.854640,0.676282,0.299398,0.869170,0.467896,0.563933,0.288927,0.107957,0.106697,0.141894,0.255522,0.561021,0.819662,0.064899,0.301042,0.041093,0.410438,0.528909,0.076800
25.7,0.979471732604175,0.013683819,1,0.277389,0.363431,0.181129,0.900265,0.406646,0.307895,0.848154,0.836318,0.071077,0.627276,0.266554,0.481062,0.464693,0.021738,0.354800,0.714955,0.792723,0.308614,0.729043,0.342491,0.412762,0.020684,0.242074,0.351143,0.041732,0.707718,0.003186,0.260330,0.300335,0.589894,0.146661,0.027256,0.601519,0.548933,0.428230,0.383824,0.040292,0.622753,0.519087,0.470092,0.304579,0.119151,0.278924,0.530329,0.293299,0.783493,0.330421,0.004503,0.469462,0.536277,0.105484,0.023933,0.295199,0.418866,0.575766,0.215074,0.461778,0.430897,0.186048,0.049275,0.110166,0.824713,0.349344,0.674715,0.176470,0.193145,0.336916,0.257682,0.622401,0.826948,0.534015,0.550589,0.514903,0.277153,0.425284,0.316434,0.038017,0.189381,0.733429,0.550366,0.062188,0.852682,0.673846,0.312943,0.869607,0.459427,0.564330,0.291910,0.108821,0.099817,0.147786,0.257169,0.563204,0.813042,0.067619,0.311120,0.045446,0.406709,0.521980,0.071260
25.8,0.979811025604275,0.013457707,1,0.277173,0.360200,0.179620,0.895999,0.409832,0.311385,0.844032,0.832178,0.079392,0.623689,0.267131,0.480873,0.461121,0.021641,0.353616,0.717354,0.794744,0.306526,0.732739,0.353180,0.421545,0.019392,0.251375,0.347010,0.053023,0.707686,0.000000,0.267894,0.311663,0.591611,0.149279,0.024115,0.603556,0.547290,0.418183,0.381658,0.047324,0.624415,0.536610,0.475179,0.316524,0.109849,0.286216,0.533861,0.294353,0.783029,0.330860,0.000000,0.465609,0.535195,0.103694,0.017913,0.307530,0.414194,0.572807,0.199779,0.460362,0.428897,0.182725,0.050268,0.109731,0.822990,0.350705,0.665413,0.175991,0.186444,0.331537,0.259812,0.621747,0.827848,0.531978,0.551765,0.515238,0.272966,0.424882,0.317883,0.041583,0.187551,0.735807,0.555779,0.066566,0.849382,0.673417,0.304723,0.868844,0.467304,0.564592,0.293309,0.107798,0.104907,0.139916,0.261012,0.564962,0.816666,0.062006,0.307686,0.046964,0.410175,0.528214,0.078953
25.9,0.980144712062728,0.013235328,1,0.277182,0.358003,0.182063,0.897465,0.410438,0.308963,0.848258,0.837815,0.077865,0.624427,0.267942,0.485051,0.479338,0.027988,0.354602,0.714355,0.796067,0.304229,0.729987,0.351065,0.419478,0.015162,0.249328,0.357992,0.043566,0.703845,0.000730,0.268083,0.302028,0.587053,0.147635,0.018697,0.601564,0.548417,0.430301,0.382720,0.049423,0.623898,0.529379,0.464761,0.309997,0.114474,0.285316,0.534361,0.295692,0.786274,0.333113,0.000000,0.468263,0.537679,0.107486,0.017084,0.299997,0.413209,0.578629,0.200962,0.462811,0.429621,0.178720,0.047287,0.107834,0.821232,0.350789,0.675143,0.172680,0.187305,0.332321,0.258547,0.619181,0.832335,0.530275,0.556541,0.515695,0.274981,0.426550,0.318850,0.041047,0.187271,0.732929,0.556565,0.053846,0.857409,0.674926,0.308744,0.871033,0.469188,0.564637,0.296923,0.107330,0.099490,0.149327,0.266027,0.568574,0.823011,0.059044,0.306123,0.039897,0.421271,0.525260,0.075613
26,0.980472884558513,0.013016621,1,0.279996,0.362844,0.177739,0.888967,0.404775,0.310919,0.842527,0.839752,0.070753,0.626556,0.267554,0.485179,0.479167,0.014683,0.355693,0.714455,0.794680,0.312465,0.733886,0.354855,0.415385,0.024100,0.247749,0.361664,0.039370,0.707523,0.000000,0.264923,0.304318,0.589865,0.146504,0.017310,0.611754,0.548621,0.429285,0.382106,0.049973,0.621622,0.523807,0.463860,0.315269,0.115933,0.289669,0.542800,0.295198,0.788193,0.332909,0.000000,0.468314,0.535985,0.107132,0.023629,0.307996,0.413478,0.574229,0.203051,0.464013,0.428469,0.179708,0.048690,0.107795,0.816069,0.348344,0.671968,0.172803,0.185928,0.335372,0.261527,0.623367,0.830212,0.531238,0.556678,0.522492,0.275529,0.431423,0.318872,0.038450,0.186258,0.735048,0.559607,0.063585,0.859617,0.674655,0.307386,0.867046,0.462902,0.564629,0.289461,0.105078,0.096909,0.144708,0.265172,0.563773,0.824611,0.065337,0.308972,0.038569,0.412747,0.520618,0.070556
26.1,0.980795634145039,0.012801525,1,0.278538,0.361796,0.174040,0.898768,0.407332,0.310443,0.845022,0.836191,0.076575,0.633072,0.269329,0.484409,0.475764,0.014176,0.352322,0.714936,0.795325,0.308176,0.729805,0.356356,0.420898,0.016371,0.241960,0.355220,0.038110,0.703708,0.005073,0.269198,0.301173,0.592104,0.144343,0.011660,0.611630,0.548988,0.431267,0.382674,0.040579,0.622324,0.527665,0.464305,0.312131,0.107491,0.285839,0.543388,0.295565,0.787997,0.332208,0.005300,0.465050,0.540317,0.107141,0.020320,0.298016,0.420016,0.581755,0.197085,0.463719,0.429879,0.175511,0.047436,0.104920,0.823276,0.351743,0.676372,0.170697,0.188981,0.336935,0.260280,0.623843,0.832936,0.536418,0.556403,0.523343,0.272717,0.432188,0.325267,0.030460,0.185644,0.734306,0.556327,0.054551,0.858586,0.675798,0.317743,0.867654,0.472626,0.566820,0.286338,0.105182,0.095175,0.143873,0.268169,0.570535,0.820277,0.062762,0.322855,0.040558,0.415121,0.523231,0.067724
26.2,0.981113050375123,0.012589982,1,0.275191,0.368892,0.182777,0.889895,0.410642,0.308577,0.849519,0.836971,0.076912,0.632580,0.268012,0.488287,0.480858,0.022660,0.351954,0.714700,0.796749,0.311423,0.742253,0.347502,0.425192,0.023339,0.253278,0.352212,0.039512,0.708344,0.001392,0.266612,0.308229,0.590267,0.141070,0.008066,0.604915,0.550172,0.431282,0.384176,0.037513,0.615511,0.524867,0.476091,0.311740,0.109948,0.287659,0.536388,0.296839,0.789091,0.334547,0.000000,0.465902,0.541484,0.105191,0.018508,0.305994,0.418965,0.576958,0.205345,0.465494,0.430876,0.175544,0.047127,0.105125,0.815781,0.350781,0.670925,0.168089,0.184759,0.338754,0.259497,0.620920,0.832577,0.534053,0.557320,0.526267,0.277656,0.435469,0.321377,0.037253,0.185557,0.733222,0.560967,0.063763,0.858574,0.675817,0.314760,0.869059,0.473721,0.573084,0.294343,0.103381,0.100659,0.132268,0.257920,0.573744,0.827754,0.063695,0.315317,0.045544,0.424213,0.520088,0.069989
26.3,0.981425221325579,0.012381932,1,0.280595,0.362289,0.183273,0.894543,0.404887,0.311700,0.844126,0.832357,0.069979,0.632879,0.269814,0.488733,0.472343,0.025278,0.351234,0.715657,0.795606,0.311652,0.743762,0.353450,0.422729,0.022855,0.251764,0.357298,0.041196,0.703628,0.000000,0.271594,0.311689,0.594274,0.139206,0.014742,0.603092,0.550308,0.433325,0.385881,0.047645,0.617256,0.536302,0.465606,0.308872,0.107152,0.288303,0.543982,0.298356,0.793716,0.335007,0.000000,0.469399,0.544798,0.099261,0.021887,0.311890,0.421712,0.583871,0.201762,0.466789,0.430165,0.173884,0.045269,0.102737,0.818886,0.349540,0.675180,0.167601,0.189997,0.335144,0.263868,0.620619,0.837261,0.537632,0.557937,0.516704,0.275207,0.434276,0.325902,0.028200,0.184385,0.735367,0.559078,0.057068,0.857040,0.676067,0.313667,0.866302,0.469380,0.572204,0.295823,0.101825,0.100202,0.129400,0.258641,0.570381,0.825789,0.060870,0.308059,0.045611,0.428417,0.522281,0.067166
26.4,0.981732233621405,0.012177319,1,0.278008,0.371585,0.175733,0.889919,0.413065,0.308283,0.849613,0.837200,0.062611,0.624442,0.269434,0.489123,0.481861,0.027790,0.351890,0.714770,0.794554,0.307378,0.736327,0.348840,0.427616,0.013837,0.250876,0.349766,0.043418,0.708587,0.003823,0.270479,0.302737,0.593632,0.136857,0.013663,0.605114,0.552616,0.418716,0.386557,0.049519,0.620612,0.540002,0.478789,0.317424,0.105406,0.291564,0.545721,0.298783,0.793778,0.334445,0.002189,0.469099,0.542774,0.108641,0.017504,0.308246,0.423433,0.580162,0.192376,0.466956,0.431246,0.174068,0.043482,0.102137,0.816626,0.349371,0.680844,0.166129,0.185573,0.341680,0.260824,0.624385,0.839510,0.539304,0.557432,0.523933,0.276505,0.434282,0.319201,0.027478,0.182411,0.734131,0.558671,0.061539,0.860302,0.676670,0.322284,0.868291,0.473299,0.569456,0.287990,0.102295,0.092381,0.134941,0.269507,0.570416,0.825880,0.056229,0.308104,0.039665,0.420499,0.526785,0.070190
26.5,0.982034172459583,0.011976084,1,0.280720,0.369337,0.166660,0.887336,0.415029,0.311023,0.847127,0.833801,0.075058,0.629663,0.269875,0.490011,0.482858,0.025214,0.355445,0.713366,0.794441,0.314150,0.743291,0.358314,0.423628,0.016798,0.247056,0.362625,0.046734,0.713814,0.006402,0.271687,0.314806,0.593063,0.138946,0.007182,0.615913,0.554311,0.433324,0.388725,0.035746,0.623230,0.538237,0.470190,0.315012,0.105483,0.285762,0.544953,0.299533,0.792133,0.334282,0.000000,0.464296,0.546016,0.099392,0.019529,0.309919,0.427600,0.584153,0.202230,0.467313,0.429766,0.171189,0.043191,0.099983,0.816207,0.352722,0.669505,0.162779,0.183915,0.340704,0.264658,0.620675,0.841617,0.538027,0.561601,0.525323,0.282063,0.437664,0.324772,0.032191,0.182947,0.733776,0.564170,0.058977,0.857964,0.674898,0.314200,0.869400,0.477594,0.569058,0.290261,0.100968,0.090844,0.136250,0.260050,0.570595,0.819450,0.058215,0.308657,0.038971,0.421232,0.529316,0.068338
26.6,0.982331121632489,0.011778174,1,0.282893,0.365105,0.164085,0.897418,0.417288,0.312283,0.849665,0.833376,0.067763,0.624234,0.272337,0.488866,0.472052,0.011048,0.354897,0.717431,0.796864,0.314946,0.740166,0.352279,0.418818,0.014768,0.252380,0.367614,0.045421,0.712496,0.002359,0.268522,0.315455,0.591970,0.137714,0.012008,0.617259,0.552896,0.423927,0.385696,0.034809,0.618438,0.530605,0.468202,0.321218,0.109979,0.285843,0.541767,0.300396,0.793840,0.334880,0.004312,0.468210,0.546876,0.099096,0.016672,0.305029,0.427655,0.582225,0.197960,0.468559,0.429144,0.167529,0.040547,0.099364,0.818014,0.352794,0.683057,0.161325,0.180528,0.336956,0.265155,0.622325,0.839290,0.541310,0.557256,0.525957,0.279700,0.434640,0.319295,0.034693,0.180608,0.734793,0.566766,0.055949,0.852836,0.675968,0.322675,0.871400,0.473263,0.570533,0.290999,0.098850,0.096725,0.123328,0.264934,0.573741,0.823990,0.056821,0.320982,0.040713,0.412686,0.525804,0.069363
26.7,0.982623163550935,0.011583532,1,0.278560,0.373828,0.172538,0.889424,0.405936,0.309525,0.843510,0.836477,0.067911,0.624264,0.271485,0.490211,0.479469,0.011784,0.355980,0.715038,0.795762,0.308598,0.739674,0.346861,0.423933,0.017638,0.253123,0.366487,0.034656,0.710460,0.000000,0.272279,0.310264,0.594956,0.132247,0.014903,0.607508,0.552885,0.428710,0.390643,0.039401,0.621826,0.536498,0.466925,0.318081,0.100257,0.293403,0.547275,0.299166,0.794546,0.338117,0.000000,0.467210,0.551372,0.098545,0.016233,0.304213,0.421267,0.586757,0.197777,0.471802,0.429005,0.167649,0.036267,0.098553,0.819880,0.349970,0.678419,0.161493,0.183369,0.339199,0.263134,0.619227,0.839998,0.537938,0.562824,0.524736,0.278604,0.435835,0.325626,0.024924,0.179746,0.736228,0.564094,0.058786,0.854093,0.677859,0.309702,0.871932,0.474903,0.571998,0.296977,0.101356,0.087675,0.124711,0.269635,0.577567,0.829504,0.058211,0.323811,0.041393,0.427780,0.524930,0.067587
26.8,0.982910379266832,0.011392105,1,0.278949,0.368090,0.175421,0.886424,0.422727,0.307856,0.848358,0.839480,0.065061,0.623955,0.273025,0.490379,0.479030,0.020653,0.353702,0.716468,0.795998,0.311848,0.737872,0.347890,0.428292,0.017434,0.259949,0.355334,0.035701,0.704064,0.004935,0.272152,0.317332,0.595117,0.134563,0.017054,0.610754,0.554172,0.428903,0.390442,0.037870,0.620282,0.529496,0.479417,0.314660,0.106527,0.286239,0.543267,0.300393,0.799739,0.338091,0.000000,0.466688,0.551905,0.095298,0.014398,0.311664,0.419306,0.586848,0.194480,0.472530,0.429778,0.168904,0.041533,0.097571,0.823552,0.353638,0.676640,0.159116,0.184557,0.342001,0.267005,0.621098,0.842202,0.541301,0.563099,0.527990,0.277664,0.436543,0.321767,0.023664,0.180215,0.736579,0.569264,0.050804,0.860656,0.678147,0.322802,0.867435,0.477888,0.577462,0.294450,0.101652,0.089353,0.125278,0.271868,0.573306,0.821663,0.053829,0.321425,0.040762,0.431797,0.521940,0.070795
26.9,0.983192848495487,0.011203839,1,0.279395,0.373084,0.163748,0.900058,0.414881,0.309079,0.848560,0.834679,0.069104,0.632993,0.272680,0.492515,0.472609,0.024529,0.355463,0.714774,0.797380,0.310015,0.742516,0.350914,0.419751,0.012554,0.251374,0.367506,0.041433,0.705719,0.005623,0.272313,0.318074,0.594331,0.131103,0.004592,0.617507,0.555708,0.418618,0.388512,0.035622,0.618483,0.537503,0.468927,0.312742,0.103156,0.284452,0.548085,0.302423,0.797060,0.337043,0.000000,0.470272,0.553681,0.095545,0.017246,0.312998,0.425416,0.584750,0.181587,0.473718,0.425275,0.164089,0.037371,0.096441,0.822990,0.349047,0.676031,0.158449,0.175350,0.338245,0.263123,0.624029,0.844595,0.544661,0.562558,0.534037,0.281526,0.442708,0.325083,0.034143,0.178110,0.733919,0.565899,0.058754,0.855915,0.678171,0.312419,0.868079,0.476068,0.577546,0.290250,0.099632,0.087873,0.121276,0.265510,0.580571,0.821168,0.050649,0.316580,0.041670,0.424575,0.522479,0.062988
27,0.983470649637549,0.011018684,1,0.282570,0.370910,0.168207,0.889227,0.414501,0.311616,0.846480,0.837223,0.070501,0.627018,0.273194,0.492704,0.484055,0.024871,0.355138,0.713029,0.799182,0.310499,0.742298,0.348853,0.419835,0.012223,0.260041,0.361417,0.039837,0.705055,0.000000,0.272374,0.319947,0.594209,0.129041,0.018914,0.608907,0.554772,0.418312,0.391568,0.040112,0.619027,0.539017,0.471544,0.318762,0.100270,0.292431,0.545471,0.301147,0.800059,0.338907,0.000000,0.465094,0.550162,0.096990,0.016055,0.308595,0.420217,0.586993,0.179540,0.473173,0.425941,0.163615,0.032951,0.094999,0.824352,0.350118,0.681735,0.157192,0.182463,0.343773,0.263233,0.622710,0.846405,0.543290,0.566184,0.530918,0.284497,0.442656,0.328230,0.021784,0.177345,0.735771,0.565402,0.050440,0.865434,0.675720,0.310189,0.871693,0.475181,0.576478,0.298681,0.097950,0.086954,0.112406,0.268232,0.578399,0.817213,0.054394,0.314976,0.032680,0.431089,0.518608,0.068413
27.1,0.98374385980058,0.010836587,1,0.281364,0.372367,0.166915,0.889347,0.417296,0.308498,0.851651,0.833696,0.062685,0.629091,0.275050,0.494243,0.483353,0.011222,0.352072,0.717222,0.796738,0.315014,0.743363,0.347794,0.424028,0.013287,0.251937,0.365970,0.031590,0.713498,0.002510,0.275530,0.313998,0.598574,0.129712,0.019288,0.614524,0.555749,0.420482,0.389860,0.030898,0.625458,0.547064,0.474943,0.318903,0.096004,0.287305,0.545523,0.303574,0.799929,0.339880,0.007659,0.468898,0.549311,0.101980,0.013483,0.309955,0.429728,0.591732,0.190631,0.474374,0.431444,0.162303,0.036903,0.093071,0.821113,0.350070,0.676435,0.153604,0.177960,0.341681,0.264346,0.622090,0.848215,0.544816,0.565172,0.537697,0.279014,0.443836,0.329667,0.021750,0.177114,0.734899,0.568177,0.047529,0.865339,0.677491,0.315351,0.868481,0.475002,0.579194,0.292438,0.099092,0.086718,0.121488,0.261714,0.582643,0.824103,0.048107,0.320008,0.031443,0.428870,0.526572,0.061472
27.2,0.984012554820299,0.010657498,1,0.283842,0.373031,0.156493,0.887238,0.425400,0.312279,0.846349,0.834109,0.065322,0.629922,0.275240,0.494903,0.488038,0.013249,0.354593,0.714145,0.799822,0.317499,0.750108,0.347425,0.424640,0.016063,0.252945,0.361499,0.040020,0.714986,0.000000,0.274185,0.318859,0.594662,0.126335,0.003950,0.612592,0.557623,0.432384,0.390259,0.042900,0.617034,0.550351,0.484663,0.316852,0.098257,0.290744,0.543882,0.302231,0.806342,0.338692,0.000495,0.467947,0.550304,0.097707,0.017128,0.310279,0.420709,0.591044,0.187944,0.476664,0.427710,0.160879,0.037601,0.092102,0.822923,0.350807,0.682406,0.151642,0.173606,0.343058,0.265841,0.622107,0.850950,0.543317,0.567611,0.527939,0.282214,0.442209,0.330049,0.026282,0.176689,0.735312,0.569860,0.051086,0.860990,0.678206,0.327126,0.869114,0.481277,0.577218,0.294032,0.096507,0.087543,0.109669,0.263089,0.582845,0.818379,0.055889,0.327675,0.033322,0.422896,0.523884,0.060548
27.3,0.984276809281469,0.010481367,1,0.284993,0.373639,0.164925,0.890913,0.422419,0.311819,0.843210,0.832373,0.062942,0.632008,0.276615,0.497455,0.484115,0.015535,0.355638,0.715356,0.801172,0.312554,0.753683,0.357491,0.420961,0.016787,0.257623,0.355001,0.043555,0.706037,0.000000,0.275710,0.321906,0.599303,0.128519,0.009681,0.608799,0.558883,0.420992,0.392722,0.031765,0.623005,0.551325,0.484146,0.324632,0.100990,0.294431,0.552089,0.303805,0.804092,0.341096,0.004047,0.468920,0.553221,0.098418,0.013152,0.308031,0.423894,0.591196,0.191412,0.476464,0.429619,0.160886,0.036314,0.091427,0.819039,0.353356,0.675747,0.152312,0.180076,0.340692,0.269230,0.624694,0.851565,0.545523,0.567630,0.529871,0.279082,0.442952,0.329920,0.029134,0.175203,0.736225,0.576319,0.051078,0.858311,0.678166,0.319184,0.869592,0.479877,0.577529,0.287750,0.094745,0.080847,0.116666,0.272975,0.577643,0.823468,0.048607,0.316821,0.036838,0.421549,0.529893,0.063178
27.4,0.984536696538444,0.010308146,1,0.282366,0.371220,0.152970,0.893186,0.420825,0.310383,0.844715,0.833376,0.068335,0.632258,0.276712,0.496223,0.484467,0.016327,0.353217,0.715441,0.800412,0.313296,0.758507,0.357630,0.425628,0.014628,0.254687,0.356528,0.043407,0.703659,0.000000,0.270116,0.311492,0.599042,0.123148,0.017842,0.617592,0.558686,0.420181,0.392222,0.036972,0.624282,0.549683,0.469128,0.321192,0.099910,0.297630,0.548348,0.305147,0.807191,0.340800,0.002886,0.471063,0.558494,0.089006,0.015115,0.316096,0.424959,0.592290,0.179762,0.474922,0.431929,0.158524,0.029657,0.090449,0.821334,0.353976,0.687016,0.149762,0.170204,0.343687,0.268237,0.624760,0.851700,0.548764,0.564959,0.536265,0.278474,0.445097,0.331086,0.022849,0.173785,0.733970,0.569938,0.054527,0.856915,0.676640,0.316012,0.866505,0.475587,0.581785,0.287897,0.095399,0.082394,0.109933,0.269648,0.584914,0.830566,0.053984,0.312317,0.038638,0.419499,0.521383,0.059979
27.5,0.984792288735392,0.010137787,1,0.285417,0.372444,0.159619,0.896521,0.426045,0.310366,0.846329,0.835742,0.060773,0.626925,0.277050,0.498368,0.477510,0.019985,0.358498,0.713528,0.798866,0.318350,0.757123,0.348533,0.421013,0.018803,0.257174,0.369715,0.038273,0.712426,0.000000,0.276689,0.315736,0.599970,0.125439,0.008805,0.612421,0.557956,0.423266,0.391166,0.031935,0.623680,0.553742,0.473380,0.325599,0.099693,0.296916,0.558123,0.305617,0.809032,0.340285,0.000000,0.467444,0.559386,0.093399,0.012957,0.313543,0.425840,0.594561,0.183128,0.478942,0.428406,0.157423,0.032190,0.088407,0.818797,0.353354,0.686645,0.147731,0.171467,0.347959,0.267279,0.624746,0.855711,0.545289,0.568396,0.537977,0.281886,0.442238,0.329240,0.029351,0.172456,0.736447,0.574783,0.051449,0.865353,0.678387,0.320047,0.870655,0.479407,0.582228,0.291300,0.096436,0.081020,0.109007,0.269216,0.579830,0.826987,0.048371,0.312938,0.036470,0.427907,0.517730,0.068159
27.6,0.985043656826178,0.009970242,1,0.283643,0.377358,0.159673,0.887854,0.419562,0.308171,0.843066,0.834473,0.056004,0.630980,0.276826,0.499445,0.488276,0.008491,0.354987,0.714575,0.800655,0.318850,0.755779,0.354635,0.428332,0.014446,0.265400,0.371679,0.032050,0.703224,0.001161,0.270905,0.312992,0.601253,0.124133,0.009973,0.620442,0.559631,0.423477,0.394293,0.035735,0.621431,0.553023,0.479735,0.327563,0.094198,0.289368,0.559083,0.306335,0.809721,0.341097,0.007394,0.466560,0.555037,0.096860,0.018196,0.314345,0.423417,0.598595,0.181093,0.480001,0.431027,0.157159,0.028178,0.086046,0.816875,0.353915,0.683179,0.146727,0.167834,0.347577,0.268807,0.619247,0.855694,0.547310,0.569950,0.531233,0.281702,0.447484,0.326091,0.017996,0.171624,0.736774,0.579111,0.052206,0.860981,0.678834,0.323035,0.869405,0.483926,0.584444,0.298918,0.092004,0.081090,0.115486,0.273835,0.583692,0.822831,0.050044,0.320398,0.036017,0.426477,0.523528,0.063089
27.7,0.985290870593937,0.009805464,1,0.285443,0.379601,0.152964,0.901050,0.429758,0.308216,0.845909,0.837152,0.053127,0.629034,0.276854,0.500527,0.492532,0.017821,0.356079,0.714200,0.801373,0.318901,0.755079,0.355555,0.421219,0.009621,0.265582,0.370184,0.036731,0.711874,0.000637,0.272153,0.311402,0.600909,0.122532,0.003632,0.618779,0.559611,0.429283,0.391494,0.039262,0.625007,0.543638,0.483313,0.323991,0.098058,0.290478,0.549321,0.305568,0.808912,0.341503,0.000000,0.468806,0.555810,0.089786,0.010456,0.311313,0.436386,0.592698,0.173054,0.477584,0.427445,0.153124,0.030722,0.086962,0.815793,0.351425,0.685306,0.143132,0.176088,0.347763,0.270141,0.619558,0.855645,0.547703,0.567540,0.532760,0.286783,0.447361,0.331298,0.018950,0.171668,0.734489,0.573808,0.053869,0.867338,0.679161,0.312812,0.871322,0.481055,0.579209,0.291876,0.091543,0.083381,0.109947,0.265766,0.583722,0.823831,0.051722,0.317199,0.034318,0.420917,0.524494,0.061038
27.8,0.985533998670316,0.009643409,1,0.288394,0.374132,0.148194,0.901269,0.424521,0.311578,0.850610,0.837430,0.056000,0.631554,0.279022,0.502182,0.484527,0.011993,0.352098,0.714090,0.799548,0.316091,0.757226,0.356361,0.427495,0.014829,0.259730,0.374024,0.033588,0.712642,0.000000,0.271231,0.314340,0.601771,0.121075,0.013975,0.611285,0.561374,0.434078,0.394804,0.026398,0.617497,0.541068,0.484082,0.319761,0.091754,0.295327,0.549631,0.306446,0.809036,0.344400,0.008006,0.468609,0.560025,0.095898,0.011528,0.315227,0.425596,0.598341,0.175121,0.481869,0.429057,0.150290,0.026968,0.085767,0.817359,0.352143,0.689885,0.141759,0.171574,0.345857,0.270967,0.622637,0.855363,0.547176,0.571111,0.540703,0.280897,0.447378,0.331099,0.022299,0.170413,0.736451,0.575637,0.049663,0.867389,0.677424,0.321282,0.869739,0.483882,0.580253,0.296850,0.094095,0.076004,0.110768,0.274041,0.590416,0.827404,0.050937,0.329727,0.028415,0.429133,0.520080,0.063002
27.9,0.98577310855441,0.009484032,1,0.288474,0.374190,0.156567,0.888196,0.427213,0.308331,0.844748,0.833060,0.057036,0.630352,0.278105,0.501563,0.495464,0.008208,0.352824,0.715513,0.803137,0.317451,0.758755,0.349539,0.430733,0.015845,0.257973,0.369588,0.037729,0.709595,0.001804,0.278658,0.325936,0.602593,0.120095,0.012341,0.622052,0.562408,0.420202,0.391940,0.040008,0.621072,0.557309,0.477219,0.327436,0.095097,0.295165,0.549813,0.305697,0.812188,0.343487,0.000000,0.465574,0.556591,0.091223,0.009744,0.318560,0.433663,0.600186,0.177970,0.482751,0.431439,0.148402,0.027797,0.082637,0.821573,0.352511,0.679398,0.142010,0.171907,0.344362,0.268272,0.621678,0.857250,0.548243,0.567277,0.538339,0.287448,0.451569,0.332416,0.022391,0.168508,0.734895,0.577956,0.049943,0.867606,0.677787,0.322316,0.870712,0.477830,0.584357,0.297861,0.089868,0.078165,0.105694,0.277564,0.584353,0.825523,0.043089,0.330985,0.027990,0.428752,0.531559,0.058736
28,0.986008266631393,0.009327287,1,0.284369,0.382082,0.159342,0.896094,0.418613,0.308052,0.849220,0.836413,0.052248,0.626574,0.278498,0.503095,0.494512,0.020427,0.357347,0.715105,0.802675,0.317284,0.755522,0.358906,0.424119,0.007811,0.267861,0.364255,0.036182,0.703505,0.000000,0.274323,0.319640,0.602673,0.114897,0.005998,0.623711,0.562304,0.418657,0.395065,0.034637,0.620733,0.557459,0.473201,0.324354,0.093243,0.299855,0.550926,0.308539,0.810354,0.345769,0.000000,0.468164,0.557596,0.084390,0.013281,0.323393,0.436728,0.602794,0.175802,0.483373,0.430301,0.148145,0.030603,0.082775,0.819782,0.353712,0.692144,0.140402,0.166047,0.348416,0.271197,0.621493,0.857577,0.554664,0.570086,0.539843,0.286652,0.449337,0.334523,0.025523,0.169008,0.734241,0.577604,0.050514,0.865035,0.679919,0.312297,0.867894,0.477523,0.583619,0.298603,0.090648,0.075543,0.098040,0.268555,0.589970,0.826006,0.049210,0.330276,0.036454,0.432887,0.517452,0.061462
28.1,0.986239538190834,0.009173132,1,0.286788,0.383643,0.158831,0.899731,0.431350,0.311545,0.848782,0.838362,0.049261,0.632908,0.279963,0.506626,0.496725,0.012904,0.355334,0.714358,0.801768,0.321346,0.762794,0.360365,0.427531,0.007906,0.261357,0.371213,0.034562,0.713519,0.007939,0.272194,0.314768,0.598951,0.113283,0.001497,0.624989,0.561834,0.423313,0.393020,0.027999,0.625100,0.558534,0.487714,0.330468,0.092788,0.300606,0.553861,0.308835,0.816956,0.345342,0.002976,0.466235,0.565977,0.080733,0.016455,0.325900,0.434647,0.602316,0.179455,0.483671,0.425407,0.150252,0.026801,0.081118,0.824882,0.355712,0.687932,0.139103,0.164405,0.345846,0.270769,0.622555,0.861488,0.551692,0.572827,0.537880,0.288407,0.449482,0.331576,0.018477,0.168188,0.734994,0.578813,0.044842,0.868325,0.680070,0.326242,0.870789,0.484527,0.583622,0.298275,0.091521,0.079752,0.104084,0.273427,0.589845,0.830890,0.047247,0.317503,0.033608,0.431305,0.520754,0.057263
28.2,0.986466987444729,0.009021524,1,0.286324,0.379126,0.156042,0.893277,0.430366,0.308849,0.845343,0.839585,0.056902,0.628652,0.279178,0.505419,0.496409,0.012193,0.351416,0.716304,0.801141,0.321070,0.753356,0.352501,0.428688,0.015017,0.257630,0.363892,0.029860,0.716200,0.005329,0.273535,0.316592,0.599552,0.113613,0.009969,0.623598,0.561511,0.434571,0.392689,0.035177,0.616490,0.551005,0.483664,0.326222,0.087946,0.294127,0.554884,0.308665,0.816346,0.344750,0.000000,0.468529,0.564093,0.081379,0.011730,0.324387,0.432748,0.598861,0.172149,0.483926,0.428797,0.144618,0.025858,0.079233,0.823395,0.355371,0.682992,0.137475,0.162098,0.345791,0.270411,0.620389,0.861878,0.556400,0.573626,0.540477,0.284682,0.453315,0.333155,0.014462,0.166575,0.735442,0.586721,0.050841,0.860504,0.679296,0.313068,0.869557,0.486516,0.584803,0.297544,0.090358,0.072160,0.106870,0.267867,0.585734,0.823209,0.045983,0.316386,0.028262,0.440049,0.530165,0.056445
28.3,0.986690677545228,0.008872421,1,0.285095,0.384406,0.140822,0.896070,0.426080,0.308741,0.849434,0.833202,0.060061,0.628243,0.282254,0.506757,0.500995,0.018126,0.353667,0.713668,0.802056,0.318154,0.751760,0.353431,0.430725,0.007878,0.256868,0.366429,0.039417,0.716269,0.008235,0.277311,0.315836,0.603028,0.110833,0.006462,0.617693,0.563069,0.429960,0.397855,0.024667,0.625957,0.554446,0.484087,0.327998,0.090935,0.300361,0.560447,0.308287,0.814469,0.347945,0.009251,0.469657,0.562089,0.086350,0.015136,0.315834,0.433695,0.603624,0.174941,0.484102,0.432211,0.145013,0.023595,0.079645,0.817760,0.353098,0.685685,0.134731,0.166299,0.347064,0.270880,0.623557,0.861668,0.551315,0.571178,0.542747,0.283786,0.455464,0.334292,0.016672,0.164906,0.735803,0.584025,0.050776,0.867607,0.678383,0.320087,0.866406,0.478738,0.587814,0.297400,0.091357,0.076090,0.095302,0.266420,0.593859,0.830293,0.038976,0.317159,0.028477,0.434320,0.526552,0.063073
28.4,0.986910670602077,0.008725781,1,0.290123,0.379820,0.149249,0.897755,0.432046,0.309730,0.846257,0.834373,0.049383,0.629471,0.282742,0.506218,0.487982,0.008605,0.358585,0.717335,0.804444,0.317501,0.760125,0.355719,0.432459,0.009758,0.262666,0.360456,0.030568,0.704866,0.000000,0.277619,0.322069,0.603023,0.110378,0.007552,0.623633,0.562559,0.420403,0.398316,0.031300,0.624376,0.554796,0.490948,0.325147,0.092415,0.301965,0.555866,0.308538,0.814450,0.346201,0.000000,0.470934,0.568244,0.083594,0.013964,0.316819,0.433644,0.604998,0.164785,0.486090,0.428386,0.144130,0.027203,0.077770,0.824398,0.353526,0.682783,0.132999,0.168782,0.349202,0.273292,0.621460,0.863127,0.553593,0.574068,0.544369,0.288967,0.453999,0.331472,0.016361,0.165802,0.734813,0.586043,0.046426,0.866394,0.680249,0.317914,0.871289,0.482756,0.585266,0.295281,0.088776,0.076635,0.103708,0.271468,0.593794,0.826241,0.041419,0.327349,0.024796,0.429733,0.523143,0.062514
28.5,0.987127027699778,0.008581565,1,0.289721,0.377835,0.145165,0.890284,0.422578,0.311123,0.844303,0.838194,0.051184,0.630205,0.282278,0.508459,0.486700,0.018259,0.355979,0.712702,0.804485,0.323839,0.753495,0.348742,0.423599,0.010014,0.261479,0.374239,0.037344,0.707412,0.000000,0.276148,0.323012,0.602014,0.111188,0.001706,0.617407,0.564204,0.433825,0.397728,0.033804,0.625939,0.561754,0.480097,0.323394,0.083341,0.294075,0.563037,0.311057,0.821963,0.346334,0.000000,0.468175,0.567198,0.090756,0.008068,0.319715,0.439176,0.603715,0.166523,0.483829,0.425210,0.142765,0.027129,0.076867,0.820558,0.353621,0.686416,0.131082,0.164053,0.348717,0.275404,0.621090,0.865476,0.553727,0.574293,0.541161,0.290633,0.457515,0.334487,0.023386,0.164219,0.734049,0.584232,0.039029,0.869879,0.680281,0.325140,0.870366,0.486030,0.589602,0.289787,0.087342,0.070514,0.091493,0.274537,0.594657,0.828381,0.038440,0.319933,0.027401,0.433999,0.523198,0.057556
28.6,0.987339808914463,0.008439731,1,0.287861,0.385909,0.135526,0.890258,0.439704,0.312348,0.846653,0.837603,0.054569,0.622483,0.283411,0.508816,0.489645,0.009733,0.352571,0.717066,0.804493,0.317306,0.758205,0.350645,0.432898,0.010430,0.270869,0.370452,0.024854,0.708369,0.007388,0.275935,0.327980,0.603598,0.109541,0.006573,0.622642,0.564971,0.431233,0.397119,0.031326,0.626221,0.561754,0.486941,0.323224,0.086603,0.297132,0.557481,0.311093,0.818024,0.348743,0.002758,0.467251,0.568010,0.084933,0.011061,0.330250,0.439823,0.608596,0.167896,0.487112,0.431492,0.142861,0.020875,0.076230,0.817582,0.354327,0.685834,0.129861,0.165253,0.348629,0.276845,0.621499,0.869112,0.553793,0.573072,0.551211,0.282698,0.452960,0.337523,0.022913,0.163239,0.736361,0.583596,0.042548,0.867001,0.680716,0.325804,0.869029,0.484524,0.584056,0.300543,0.089429,0.075987,0.095880,0.278040,0.590729,0.833788,0.043051,0.327673,0.030306,0.440300,0.522630,0.057659
28.7,0.987549073330501,0.008300241,1,0.291139,0.387745,0.139117,0.886653,0.435345,0.308222,0.848548,0.837029,0.056413,0.623311,0.283979,0.508427,0.491679,0.012344,0.351542,0.716402,0.802695,0.323582,0.756473,0.359063,0.432238,0.012256,0.264662,0.372864,0.030371,0.711822,0.007281,0.276199,0.319843,0.605678,0.106461,0.000000,0.623879,0.566843,0.427316,0.395822,0.025990,0.624294,0.553817,0.479181,0.329653,0.085534,0.298304,0.568498,0.310311,0.823253,0.349576,0.000000,0.470610,0.570982,0.075720,0.013035,0.330970,0.443617,0.605442,0.160615,0.485472,0.430758,0.139030,0.019499,0.073958,0.818733,0.352942,0.686762,0.128265,0.156662,0.351252,0.275710,0.621054,0.868373,0.558313,0.576316,0.543732,0.288970,0.460229,0.329046,0.014668,0.162436,0.735004,0.583184,0.043694,0.868344,0.680454,0.323392,0.871793,0.485731,0.590516,0.296581,0.085004,0.068981,0.098617,0.272300,0.592926,0.835873,0.039426,0.324353,0.030249,0.441289,0.519419,0.054229
28.8,0.987754879056821,0.008163055,1,0.290386,0.385819,0.148670,0.897974,0.431471,0.310662,0.844706,0.834087,0.052632,0.627352,0.284276,0.512417,0.495130,0.004674,0.352485,0.714595,0.805228,0.321951,0.762952,0.361985,0.432844,0.007177,0.268025,0.366472,0.027130,0.708496,0.000000,0.275392,0.329439,0.602296,0.104807,0.006829,0.626817,0.564620,0.429000,0.397550,0.031302,0.624010,0.557893,0.486214,0.330198,0.080706,0.299249,0.562210,0.312388,0.823854,0.350973,0.000000,0.466113,0.564478,0.087626,0.012822,0.323304,0.439777,0.604900,0.156320,0.486105,0.426980,0.136789,0.019209,0.074378,0.824091,0.357466,0.685732,0.127264,0.158002,0.354356,0.275899,0.622123,0.867012,0.560097,0.573092,0.546807,0.285376,0.459898,0.337128,0.012424,0.160816,0.736142,0.584402,0.049340,0.864128,0.680631,0.326372,0.871012,0.488471,0.589646,0.297985,0.085791,0.067337,0.094252,0.278854,0.592521,0.823907,0.040831,0.315143,0.029466,0.445060,0.523213,0.052129
28.9,0.987957283242984,0.008028137,1,0.290023,0.387326,0.137027,0.896121,0.438476,0.312275,0.850735,0.834759,0.056273,0.632244,0.283889,0.514330,0.504785,0.009472,0.354713,0.714752,0.805866,0.318316,0.766317,0.358110,0.427753,0.006630,0.267229,0.370993,0.023278,0.710100,0.008354,0.275585,0.330050,0.605151,0.104546,0.010203,0.630567,0.565158,0.419915,0.396506,0.028911,0.624852,0.551921,0.478481,0.330773,0.079460,0.299590,0.572551,0.312971,0.821065,0.349480,0.003533,0.470730,0.565709,0.082175,0.008358,0.319722,0.440871,0.609856,0.164796,0.489301,0.431806,0.135868,0.019025,0.072097,0.821790,0.356046,0.686894,0.124425,0.154395,0.350337,0.277578,0.625338,0.872754,0.558304,0.579777,0.548868,0.289360,0.456910,0.338087,0.022244,0.160596,0.736485,0.591201,0.046153,0.871959,0.681786,0.325993,0.871104,0.487951,0.593184,0.290962,0.084523,0.067462,0.095785,0.275559,0.596519,0.823020,0.035957,0.324174,0.026918,0.437972,0.527408,0.059778
29,0.988156342094977,0.007895447,1,0.287885,0.390105,0.142899,0.889424,0.443063,0.308202,0.845940,0.837348,0.048301,0.632249,0.284329,0.512560,0.490018,0.015952,0.356395,0.714813,0.803927,0.325417,0.767004,0.356086,0.429678,0.007812,0.262801,0.368305,0.030524,0.707024,0.001422,0.279159,0.333449,0.604323,0.105970,0.000000,0.628985,0.567309,0.435214,0.396806,0.034258,0.624696,0.554294,0.488709,0.329261,0.080777,0.303941,0.563308,0.311877,0.825683,0.350370,0.000000,0.471747,0.568350,0.078624,0.013381,0.329798,0.439011,0.610134,0.150475,0.488112,0.431833,0.136784,0.021187,0.072505,0.820371,0.354838,0.686707,0.122895,0.162472,0.349924,0.279448,0.625099,0.872638,0.556925,0.580001,0.548384,0.291861,0.456523,0.332306,0.012982,0.159441,0.734591,0.594764,0.040451,0.862190,0.681800,0.320244,0.871496,0.491317,0.592159,0.293273,0.083551,0.070953,0.079786,0.269858,0.597507,0.833495,0.034374,0.324552,0.024256,0.444362,0.530957,0.056010
29.1,0.988352110890763,0.007764951,1,0.288652,0.386524,0.131863,0.897505,0.434741,0.312677,0.845889,0.834537,0.055223,0.624916,0.285588,0.515038,0.500112,0.008748,0.354655,0.714709,0.803810,0.324547,0.761893,0.361347,0.432532,0.006278,0.271836,0.382642,0.022815,0.703312,0.000000,0.279449,0.328262,0.606486,0.103148,0.010035,0.630533,0.568921,0.433805,0.400080,0.032381,0.624273,0.553460,0.494094,0.331880,0.085355,0.303616,0.571309,0.312251,0.825300,0.351675,0.003335,0.469791,0.573188,0.083825,0.011480,0.323953,0.435035,0.606434,0.148627,0.489345,0.428530,0.130597,0.018039,0.071095,0.824403,0.357872,0.685841,0.123295,0.154283,0.354492,0.276110,0.623412,0.872249,0.561710,0.576541,0.552302,0.290030,0.463499,0.335005,0.011091,0.158919,0.735607,0.587198,0.044487,0.863586,0.679146,0.331790,0.866194,0.491653,0.594380,0.292272,0.085297,0.074090,0.088144,0.281595,0.593749,0.821998,0.033414,0.316556,0.022617,0.432745,0.531623,0.052979
29.2,0.988544643995561,0.00763661,1,0.293881,0.387588,0.144242,0.899289,0.428405,0.308812,0.849905,0.835739,0.055138,0.628313,0.286278,0.514985,0.504174,0.013862,0.356406,0.716479,0.803164,0.326524,0.759123,0.357568,0.438714,0.013132,0.272213,0.379884,0.034775,0.712973,0.001148,0.282312,0.334935,0.605592,0.101231,0.000000,0.627463,0.569328,0.421867,0.401823,0.021704,0.624200,0.557052,0.485989,0.330421,0.076868,0.301378,0.573220,0.312463,0.827200,0.350891,0.000000,0.469428,0.577454,0.081626,0.012886,0.330955,0.440244,0.609689,0.156922,0.492717,0.429188,0.131911,0.015767,0.070618,0.822705,0.355829,0.693050,0.120959,0.151492,0.351368,0.275668,0.624084,0.874329,0.557320,0.575631,0.559142,0.286588,0.459044,0.339298,0.013838,0.156489,0.736906,0.594760,0.035364,0.871155,0.681184,0.334679,0.869835,0.492836,0.589441,0.296820,0.084657,0.067808,0.079835,0.277046,0.599875,0.824988,0.036028,0.325413,0.026873,0.447484,0.519367,0.057592
29.3,0.988733994876894,0.007510391,1,0.294369,0.386715,0.128629,0.886325,0.433590,0.310990,0.848717,0.835461,0.051293,0.633496,0.285298,0.515127,0.493661,0.004566,0.357648,0.714661,0.803380,0.324263,0.759908,0.356285,0.438010,0.008467,0.265042,0.373951,0.034821,0.708790,0.000000,0.280288,0.330461,0.605099,0.101002,0.010741,0.625803,0.568762,0.421884,0.397515,0.025167,0.616943,0.554540,0.487206,0.334153,0.078802,0.306019,0.571895,0.312693,0.829405,0.352647,0.000000,0.468711,0.579031,0.078529,0.006527,0.330674,0.447491,0.611841,0.155721,0.491624,0.425792,0.130914,0.021465,0.068999,0.816973,0.353937,0.689265,0.119421,0.156331,0.356457,0.279817,0.621324,0.874920,0.558700,0.578400,0.558609,0.286729,0.461405,0.340391,0.018163,0.157014,0.734039,0.594254,0.040086,0.865501,0.682488,0.321606,0.870486,0.489042,0.591550,0.290996,0.082133,0.064058,0.080766,0.276453,0.600545,0.828321,0.035879,0.328960,0.024298,0.434556,0.524405,0.050270
29.4,0.988920216119372,0.007386257,1,0.292571,0.391769,0.129720,0.900430,0.438836,0.311788,0.846365,0.838125,0.053924,0.622534,0.286907,0.518764,0.502878,0.014934,0.355430,0.714276,0.806291,0.326877,0.773615,0.354623,0.437844,0.011270,0.269722,0.376668,0.032539,0.703948,0.000000,0.278664,0.337131,0.608340,0.101779,0.009898,0.628721,0.567859,0.429055,0.397881,0.034984,0.619659,0.562609,0.479842,0.337414,0.083381,0.297970,0.569101,0.313805,0.829101,0.353730,0.007735,0.470798,0.572480,0.072410,0.009781,0.326634,0.446894,0.616074,0.155790,0.493286,0.428007,0.126190,0.014406,0.067991,0.816178,0.357096,0.699359,0.118717,0.153801,0.358859,0.278073,0.624314,0.877424,0.559651,0.580558,0.556140,0.287100,0.462805,0.331021,0.008205,0.155544,0.735100,0.597430,0.046017,0.872454,0.680667,0.336855,0.866917,0.493637,0.593414,0.300700,0.080753,0.069712,0.087109,0.277939,0.595706,0.833361,0.040168,0.320172,0.021915,0.440197,0.523110,0.056879
29.5,0.98910335943925,0.007264174,1,0.294663,0.388507,0.136769,0.892401,0.439875,0.308321,0.851416,0.835801,0.049318,0.626580,0.288122,0.519820,0.502341,0.008848,0.353643,0.717736,0.807421,0.327969,0.770957,0.358821,0.438660,0.005048,0.267750,0.376352,0.024052,0.705799,0.000000,0.285031,0.331550,0.606569,0.098120,0.011695,0.628111,0.569283,0.424505,0.399242,0.022549,0.618719,0.572862,0.494042,0.332810,0.075290,0.301939,0.576655,0.313658,0.825486,0.354717,0.008818,0.467972,0.572824,0.077686,0.012734,0.334204,0.446117,0.615953,0.144552,0.492287,0.425499,0.129153,0.017121,0.067064,0.816540,0.356068,0.689984,0.117448,0.149099,0.354953,0.277759,0.623099,0.878315,0.562203,0.580985,0.563738,0.289204,0.464907,0.331236,0.014198,0.154042,0.736086,0.592737,0.046177,0.866678,0.680807,0.339105,0.869875,0.483669,0.591745,0.295089,0.079835,0.063358,0.083591,0.272028,0.595904,0.827381,0.037901,0.330080,0.023576,0.448272,0.528248,0.056438
29.6,0.989283475698731,0.007144109,1,0.293494,0.394827,0.130735,0.899098,0.441834,0.311986,0.852414,0.832746,0.042922,0.630971,0.286524,0.519022,0.498750,0.005204,0.353366,0.713079,0.804487,0.324913,0.762179,0.358090,0.436151,0.009057,0.271321,0.377584,0.018181,0.703511,0.008198,0.287225,0.327947,0.606959,0.096967,0.000000,0.623142,0.569930,0.421209,0.398320,0.020738,0.621689,0.571526,0.481142,0.337660,0.075936,0.304500,0.575132,0.314083,0.826881,0.355023,0.005926,0.465988,0.579239,0.079256,0.011363,0.325647,0.445814,0.617758,0.150543,0.491851,0.431814,0.123834,0.018340,0.065581,0.821542,0.358084,0.691692,0.116043,0.152610,0.357784,0.281868,0.623106,0.878753,0.566397,0.581187,0.554524,0.293898,0.464982,0.338165,0.015774,0.154792,0.736560,0.597518,0.044374,0.872847,0.681144,0.320226,0.866188,0.484553,0.592820,0.292948,0.079591,0.069220,0.083432,0.276392,0.598622,0.831955,0.034759,0.319979,0.019493,0.446056,0.531653,0.049820
29.7,0.989460614920054,0.007026028,1,0.291223,0.394839,0.130000,0.900637,0.442636,0.311806,0.846453,0.837086,0.053539,0.633267,0.287591,0.518138,0.500186,0.015086,0.353594,0.717220,0.804294,0.326958,0.770686,0.351902,0.434043,0.011165,0.265871,0.383026,0.030036,0.706218,0.001621,0.280840,0.330553,0.607523,0.097486,0.000000,0.634675,0.569896,0.431699,0.403898,0.033369,0.621901,0.563435,0.486131,0.336115,0.072692,0.305022,0.570092,0.315575,0.829871,0.353349,0.007855,0.471388,0.582622,0.076062,0.008795,0.335044,0.439349,0.615541,0.137653,0.493164,0.426839,0.124657,0.020020,0.064276,0.817291,0.355581,0.693678,0.112721,0.148403,0.353690,0.282826,0.623449,0.877829,0.565343,0.579764,0.556108,0.292564,0.467227,0.335757,0.017198,0.153442,0.735116,0.596026,0.035773,0.870547,0.683006,0.321888,0.870137,0.493674,0.592582,0.290658,0.080777,0.064130,0.071429,0.282757,0.600185,0.836082,0.032973,0.327999,0.020256,0.439202,0.528925,0.049311
29.8,0.989634826299329,0.006909898,1,0.291438,0.396624,0.132096,0.886324,0.441293,0.308488,0.851580,0.832533,0.045772,0.624300,0.289578,0.520777,0.510816,0.008016,0.351858,0.717770,0.807338,0.324968,0.765939,0.351002,0.436301,0.002843,0.269252,0.379628,0.019254,0.709882,0.000000,0.280795,0.337302,0.606107,0.096987,0.000000,0.632162,0.571907,0.421618,0.402036,0.030206,0.617361,0.569059,0.485825,0.332335,0.078800,0.299027,0.575053,0.317287,0.831899,0.353818,0.000000,0.470624,0.577986,0.075817,0.009729,0.332537,0.444532,0.619055,0.136675,0.496386,0.427753,0.121609,0.017642,0.064901,0.824390,0.357310,0.694678,0.110601,0.148284,0.361180,0.281089,0.622493,0.877816,0.564226,0.583260,0.566164,0.288505,0.468771,0.340779,0.007143,0.152362,0.736319,0.594107,0.037927,0.870725,0.681398,0.340276,0.866244,0.491649,0.597989,0.291478,0.078819,0.064889,0.077709,0.272439,0.600324,0.838089,0.032651,0.326773,0.026482,0.434955,0.524002,0.050478
29.9,0.989806158220164,0.006795688,1,0.292860,0.389715,0.127237,0.899084,0.441237,0.312465,0.846631,0.834140,0.042172,0.627203,0.288028,0.523093,0.499262,0.007723,0.357852,0.713358,0.806806,0.323127,0.780802,0.356612,0.436190,0.004266,0.274219,0.368224,0.023782,0.707901,0.000000,0.285959,0.334036,0.610631,0.092076,0.001925,0.623081,0.572735,0.430818,0.403334,0.031850,0.621655,0.577646,0.481054,0.338485,0.076511,0.306020,0.577687,0.315521,0.832943,0.356444,0.000000,0.465755,0.577269,0.071858,0.011354,0.331440,0.447868,0.613131,0.139041,0.496512,0.429727,0.120206,0.018238,0.063670,0.817179,0.358850,0.690813,0.109985,0.150808,0.354706,0.278627,0.624151,0.878834,0.564645,0.581830,0.566790,0.287954,0.467115,0.341259,0.016066,0.151712,0.734952,0.598400,0.037200,0.874748,0.681803,0.332080,0.867665,0.494148,0.592725,0.302697,0.077476,0.060663,0.074955,0.273465,0.606229,0.830279,0.034584,0.327777,0.020726,0.446009,0.529737,0.051141
30,0.98997465826706,0.006683364,1,0.296744,0.391827,0.128269,0.898317,0.448696,0.308152,0.845080,0.838553,0.049110,0.632372,0.289627,0.522040,0.506474,0.008379,0.358122,0.717468,0.806793,0.330133,0.765971,0.356001,0.435770,0.003442,0.274265,0.369898,0.027295,0.704151,0.000000,0.287966,0.335701,0.606590,0.092015,0.009942,0.637627,0.573510,0.428817,0.405192,0.017503,0.622224,0.578203,0.497264,0.333023,0.077414,0.309910,0.580123,0.317811,0.835396,0.356594,0.000000,0.466905,0.584255,0.066384,0.011313,0.334384,0.441047,0.619552,0.138804,0.496342,0.432072,0.118361,0.017745,0.061340,0.819705,0.355219,0.690126,0.108035,0.152231,0.361123,0.279176,0.624645,0.883358,0.563773,0.582394,0.566016,0.291225,0.469416,0.335504,0.008393,0.149935,0.736214,0.603807,0.033869,0.869902,0.681139,0.339548,0.871377,0.494218,0.592223,0.300026,0.075826,0.062153,0.077507,0.279545,0.608055,0.830570,0.033897,0.331148,0.018534,0.448741,0.530884,0.049194
30.1,0.990140373238582,0.006572897,1,0.296450,0.397284,0.130647,0.888723,0.446408,0.312389,0.852047,0.839079,0.047429,0.631090,0.290157,0.523954,0.505208,0.015106,0.354904,0.713556,0.808585,0.326773,0.775117,0.351552,0.432685,0.007986,0.268964,0.384151,0.024237,0.715344,0.000000,0.287383,0.328977,0.609530,0.091775,0.008702,0.627790,0.572517,0.421854,0.404252,0.019779,0.621198,0.563909,0.490577,0.337641,0.074336,0.302912,0.574103,0.318477,0.832836,0.356960,0.000000,0.468126,0.587365,0.077277,0.011171,0.338603,0.451624,0.621335,0.144427,0.496613,0.432305,0.119292,0.014629,0.060591,0.821506,0.357155,0.696346,0.108537,0.143215,0.356295,0.280632,0.625092,0.881480,0.569227,0.584283,0.566832,0.287755,0.468715,0.337346,0.013478,0.148347,0.736930,0.598557,0.038929,0.868651,0.681581,0.330703,0.868362,0.491800,0.596755,0.300320,0.078887,0.064489,0.064982,0.273442,0.602099,0.833869,0.031259,0.335911,0.024084,0.448466,0.531184,0.047370
30.2,0.990303349160328,0.006464256,1,0.297159,0.393384,0.125022,0.897700,0.445766,0.310017,0.851786,0.833464,0.049812,0.625431,0.290652,0.525012,0.504865,0.013879,0.358200,0.716612,0.809174,0.330829,0.775810,0.351823,0.431956,0.006155,0.269576,0.380868,0.018909,0.710145,0.000000,0.283626,0.333380,0.609615,0.089672,0.000000,0.632214,0.573560,0.430967,0.400719,0.026901,0.624251,0.568179,0.488633,0.339395,0.070094,0.304425,0.580907,0.316849,0.832417,0.357734,0.003555,0.469669,0.584981,0.069336,0.007499,0.333995,0.450541,0.620465,0.137613,0.498290,0.431251,0.118887,0.016205,0.060964,0.818622,0.360014,0.699142,0.105532,0.149484,0.360182,0.282836,0.622489,0.885465,0.563627,0.580914,0.562290,0.290027,0.472728,0.342456,0.012986,0.148688,0.736915,0.604489,0.033442,0.869447,0.681614,0.337317,0.866793,0.496601,0.596174,0.303125,0.078608,0.059322,0.080781,0.276774,0.608774,0.828679,0.031165,0.321193,0.023664,0.444526,0.529756,0.050765
30.3,0.990463631297669,0.00635741,1,0.297706,0.393072,0.123427,0.899669,0.443959,0.311433,0.847085,0.837806,0.039436,0.624048,0.292407,0.526592,0.512200,0.006046,0.356018,0.717602,0.807206,0.324182,0.773401,0.362622,0.442510,0.004058,0.278788,0.370980,0.021255,0.714617,0.005128,0.285092,0.329407,0.611343,0.091006,0.000465,0.625885,0.572341,0.433170,0.404688,0.027175,0.626409,0.568339,0.483779,0.342641,0.075141,0.301176,0.573764,0.319327,0.838686,0.357174,0.000000,0.466864,0.587893,0.069069,0.006813,0.342668,0.451339,0.623656,0.128433,0.497358,0.426718,0.117245,0.013942,0.059104,0.823599,0.357054,0.701467,0.106181,0.144555,0.362662,0.281896,0.622484,0.885658,0.569846,0.587421,0.561516,0.288567,0.474642,0.341921,0.016607,0.148046,0.736220,0.604439,0.039645,0.875091,0.680743,0.341729,0.870928,0.489203,0.595844,0.297161,0.076973,0.061882,0.071662,0.286444,0.602535,0.835123,0.026231,0.322931,0.023385,0.454772,0.526594,0.047206
30.4,0.990621264168288,0.006252329,1,0.293872,0.395275,0.114688,0.890375,0.439306,0.310333,0.845495,0.836944,0.036597,0.625537,0.292829,0.524291,0.518034,0.000000,0.356443,0.716659,0.807777,0.325208,0.768784,0.355465,0.441919,0.006611,0.279646,0.371318,0.027719,0.708588,0.000000,0.286740,0.340877,0.611801,0.088384,0.008268,0.631539,0.575067,0.431978,0.406432,0.027437,0.619059,0.568117,0.489328,0.342095,0.067058,0.308688,0.583647,0.318414,0.837921,0.358719,0.000000,0.469469,0.583252,0.066817,0.004055,0.342662,0.452026,0.618390,0.141467,0.497729,0.430529,0.112238,0.011661,0.057924,0.817803,0.357371,0.694056,0.104741,0.145183,0.357797,0.283373,0.620515,0.887316,0.569685,0.585155,0.571168,0.290291,0.469411,0.335827,0.015068,0.146385,0.736138,0.600160,0.041146,0.874254,0.682793,0.327806,0.866284,0.496427,0.600538,0.290569,0.074967,0.057182,0.060553,0.283810,0.611011,0.829228,0.030765,0.338744,0.023437,0.455324,0.524129,0.043152
30.5,0.990776291554518,0.006148986,1,0.294417,0.400382,0.113908,0.886358,0.441555,0.309789,0.850072,0.837760,0.044865,0.632792,0.291477,0.526879,0.501985,0.001840,0.354684,0.716561,0.808907,0.328848,0.777188,0.352898,0.440407,0.005423,0.281168,0.388225,0.019703,0.705171,0.005908,0.287708,0.335016,0.609238,0.084859,0.004836,0.628840,0.573536,0.424581,0.405096,0.021336,0.619195,0.566217,0.489474,0.345353,0.067995,0.312291,0.585168,0.318086,0.837118,0.359175,0.000072,0.472175,0.590088,0.061568,0.008599,0.336663,0.452866,0.623819,0.137838,0.499702,0.428313,0.115427,0.012448,0.056485,0.820302,0.357258,0.699539,0.100626,0.142637,0.360459,0.281668,0.623916,0.887321,0.566447,0.587052,0.563310,0.294669,0.472450,0.342100,0.008926,0.144394,0.736487,0.601810,0.033008,0.871396,0.680577,0.338108,0.868614,0.493826,0.598025,0.302400,0.074214,0.057516,0.068760,0.280336,0.603567,0.828633,0.027870,0.335950,0.017061,0.447771,0.524379,0.048404
30.6,0.990928756515464,0.00604735,1,0.293837,0.395580,0.121356,0.890522,0.447794,0.310007,0.844627,0.839092,0.042562,0.630136,0.293167,0.526732,0.516421,0.000000,0.352718,0.714514,0.808101,0.325886,0.784013,0.354754,0.435983,0.006167,0.278323,0.374836,0.028543,0.703150,0.000000,0.291113,0.333455,0.609858,0.083047,0.004702,0.631888,0.573920,0.430919,0.402415,0.024007,0.620916,0.579162,0.489376,0.334542,0.068833,0.304135,0.581764,0.320270,0.835886,0.360368,0.000000,0.465989,0.583096,0.064443,0.007768,0.342831,0.447257,0.620148,0.130370,0.501456,0.430839,0.112441,0.014932,0.056125,0.818599,0.356124,0.696142,0.100686,0.140276,0.361785,0.283344,0.620028,0.885958,0.570383,0.583811,0.570936,0.290972,0.477203,0.340529,0.006650,0.145492,0.735310,0.606911,0.038685,0.876901,0.681446,0.333860,0.871116,0.494303,0.597741,0.290656,0.075161,0.056748,0.066581,0.279637,0.612199,0.827127,0.029375,0.326742,0.018425,0.441431,0.522248,0.042235
30.7,0.991078701398939,0.005947394,1,0.298212,0.402377,0.118985,0.895379,0.458072,0.309660,0.850157,0.838749,0.046595,0.632621,0.292868,0.527987,0.518366,0.013105,0.354799,0.716349,0.808463,0.325903,0.777805,0.360511,0.436673,0.003672,0.272496,0.381692,0.020011,0.711819,0.000825,0.285042,0.338781,0.612075,0.083691,0.004077,0.627560,0.576310,0.435101,0.402312,0.028104,0.624486,0.582784,0.488599,0.344719,0.071663,0.310281,0.579361,0.318973,0.838307,0.361176,0.002275,0.472007,0.590086,0.068335,0.010086,0.335190,0.447174,0.624884,0.139200,0.499310,0.426214,0.110015,0.010014,0.055677,0.820190,0.358995,0.693515,0.099422,0.138286,0.364941,0.282834,0.624404,0.886162,0.567414,0.585573,0.570561,0.291055,0.472890,0.343674,0.010846,0.142646,0.736587,0.611826,0.033343,0.866984,0.683971,0.343665,0.868232,0.494948,0.599003,0.292546,0.072590,0.054706,0.061743,0.276316,0.604498,0.833080,0.025917,0.328414,0.020829,0.448214,0.526599,0.049721
30.8,0.991226167853197,0.00584909,1,0.299133,0.400990,0.122481,0.900575,0.444347,0.312350,0.848846,0.836989,0.043040,0.627514,0.293011,0.530680,0.504749,0.015343,0.357035,0.715974,0.810649,0.330798,0.776649,0.356574,0.434233,0.010605,0.284380,0.384523,0.019586,0.711754,0.000000,0.290548,0.344585,0.612679,0.083318,0.004525,0.631566,0.575155,0.424772,0.404512,0.023357,0.621400,0.581428,0.486185,0.344712,0.070873,0.309101,0.584822,0.320889,0.839494,0.360176,0.000000,0.467380,0.594833,0.068862,0.006163,0.340497,0.452028,0.624779,0.139598,0.503432,0.430598,0.106956,0.011144,0.055253,0.825198,0.359657,0.705606,0.097904,0.138643,0.359512,0.286118,0.624153,0.890096,0.571632,0.589316,0.569676,0.295259,0.473192,0.340578,0.015188,0.143192,0.737620,0.606789,0.033056,0.873983,0.683891,0.333283,0.868094,0.497173,0.601003,0.291754,0.071881,0.058341,0.065676,0.286647,0.606242,0.839040,0.026951,0.323913,0.021797,0.456713,0.528354,0.042333
30.9,0.991371196838472,0.00575241,1,0.296548,0.400165,0.118202,0.891112,0.459429,0.309288,0.845005,0.838453,0.043809,0.629637,0.294208,0.529889,0.522236,0.000023,0.357397,0.714619,0.810412,0.329568,0.777678,0.355109,0.436979,0.004868,0.285301,0.382905,0.024163,0.706768,0.004831,0.290618,0.343039,0.615275,0.083316,0.000000,0.626793,0.576761,0.433903,0.405245,0.023786,0.625205,0.578609,0.498313,0.343334,0.069837,0.307291,0.580454,0.319767,0.841996,0.362320,0.001798,0.468316,0.587386,0.064448,0.005764,0.343029,0.454819,0.623851,0.123632,0.500708,0.431377,0.110447,0.008981,0.053290,0.817389,0.359811,0.698648,0.096116,0.138007,0.361978,0.283769,0.623664,0.890824,0.573446,0.589470,0.576528,0.296747,0.475421,0.341454,0.003163,0.141281,0.736903,0.607012,0.031235,0.877712,0.683513,0.328274,0.869691,0.494990,0.597566,0.294639,0.071954,0.055185,0.058415,0.278365,0.612218,0.840856,0.031319,0.323282,0.013846,0.443711,0.527557,0.046722
31,0.991513828638335,0.005657328,1,0.298124,0.395674,0.105530,0.893017,0.446504,0.310121,0.846824,0.836565,0.036463,0.623188,0.294431,0.529268,0.518259,0.003900,0.357341,0.713042,0.809845,0.332167,0.778911,0.366083,0.433861,0.003980,0.281242,0.387283,0.019266,0.708289,0.007245,0.284880,0.344201,0.614384,0.079456,0.007830,0.627969,0.578054,0.429977,0.408118,0.013345,0.617895,0.586650,0.493313,0.346329,0.062551,0.307020,0.580777,0.321193,0.840522,0.363312,0.000000,0.468335,0.592185,0.057780,0.006530,0.348195,0.446409,0.621758,0.135656,0.503644,0.428550,0.105293,0.009838,0.052956,0.818631,0.356342,0.703117,0.095863,0.137042,0.362965,0.284528,0.620888,0.890157,0.572476,0.589897,0.576001,0.295876,0.479428,0.342596,0.004110,0.140811,0.736544,0.606761,0.038403,0.871118,0.681656,0.331783,0.869789,0.496029,0.601505,0.298234,0.070304,0.049801,0.053781,0.280912,0.608310,0.829063,0.027283,0.329193,0.016447,0.453406,0.519090,0.040481
31.1,0.991654102870855,0.005563818,1,0.295602,0.404548,0.109769,0.896001,0.450293,0.308685,0.849433,0.838104,0.042018,0.627954,0.294519,0.529962,0.510935,0.015487,0.353992,0.714710,0.808858,0.332249,0.775184,0.365953,0.444892,0.010320,0.283727,0.385816,0.018041,0.708489,0.003178,0.293505,0.334259,0.612027,0.079362,0.008711,0.638009,0.578123,0.422477,0.405795,0.028290,0.624125,0.573237,0.489349,0.346791,0.066221,0.312265,0.591307,0.320869,0.840115,0.361395,0.001290,0.469667,0.589105,0.063707,0.007080,0.341256,0.451167,0.626450,0.135136,0.504025,0.432015,0.104963,0.013034,0.053092,0.816703,0.357313,0.704542,0.093873,0.136333,0.365210,0.285098,0.621948,0.890216,0.569883,0.586805,0.574963,0.298057,0.478006,0.341215,0.002842,0.140080,0.734909,0.610728,0.034317,0.877320,0.683327,0.333781,0.871870,0.490251,0.602730,0.291634,0.071552,0.055192,0.052951,0.280563,0.608043,0.841025,0.026730,0.329881,0.015720,0.453833,0.516568,0.040541
31.2,0.991792058499583,0.005471853,1,0.300546,0.396599,0.114601,0.894136,0.453618,0.310944,0.843830,0.833608,0.039615,0.624231,0.296354,0.533256,0.514260,0.000904,0.354184,0.714909,0.809922,0.329688,0.787609,0.355962,0.441122,0.004531,0.284171,0.373336,0.017299,0.714728,0.000000,0.290595,0.336431,0.612058,0.077521,0.002076,0.636391,0.576066,0.422854,0.408539,0.018129,0.623021,0.577428,0.501155,0.344863,0.069223,0.310806,0.590536,0.321100,0.838859,0.363398,0.000000,0.471988,0.598474,0.068168,0.009158,0.336715,0.456013,0.625324,0.129592,0.502678,0.430937,0.106554,0.013601,0.052352,0.817128,0.358041,0.705502,0.092117,0.132838,0.364725,0.288026,0.624117,0.891726,0.572595,0.589795,0.567475,0.291460,0.479653,0.339178,0.010747,0.138306,0.735226,0.613474,0.033119,0.878858,0.681444,0.346554,0.866430,0.490525,0.603805,0.301359,0.070510,0.054311,0.067067,0.282637,0.609675,0.836255,0.022936,0.325105,0.018408,0.457030,0.526881,0.038701
31.3,0.99192773384435,0.005381408,1,0.300428,0.405733,0.117657,0.899958,0.450181,0.310963,0.851521,0.832185,0.034848,0.628944,0.295717,0.533858,0.519953,0.000000,0.357493,0.714009,0.811326,0.328698,0.783624,0.362932,0.437112,0.003616,0.277523,0.385191,0.016364,0.713604,0.006659,0.288326,0.344799,0.612820,0.080113,0.009872,0.639006,0.577599,0.421763,0.407901,0.016754,0.623214,0.583686,0.494789,0.344595,0.065009,0.310809,0.586264,0.322917,0.846098,0.364886,0.000000,0.468672,0.592589,0.059865,0.008453,0.347716,0.453120,0.627313,0.130148,0.505337,0.429885,0.101612,0.008552,0.051465,0.818634,0.357279,0.704814,0.091433,0.132755,0.365828,0.287088,0.621480,0.891548,0.570183,0.590625,0.573212,0.291016,0.479785,0.341003,0.009740,0.138421,0.735032,0.615255,0.027860,0.872943,0.682605,0.329170,0.868535,0.499452,0.597784,0.291771,0.067508,0.049011,0.057159,0.277871,0.610940,0.827890,0.023808,0.341827,0.013230,0.445140,0.516892,0.044924
31.4,0.992061166591897,0.005292458,1,0.301371,0.399866,0.110406,0.887917,0.455788,0.311114,0.845848,0.833996,0.033029,0.632533,0.296012,0.533190,0.521915,0.011061,0.351130,0.715185,0.810852,0.331660,0.776844,0.353476,0.438099,0.003008,0.287473,0.381628,0.017163,0.706652,0.001133,0.295007,0.340289,0.614667,0.076960,0.000000,0.633810,0.578221,0.429712,0.407586,0.020685,0.618146,0.588242,0.489543,0.340013,0.062919,0.314867,0.592754,0.323006,0.846120,0.363527,0.000000,0.467065,0.601332,0.056737,0.009187,0.339531,0.455045,0.630502,0.127253,0.503146,0.431703,0.102164,0.005670,0.050407,0.823626,0.358545,0.699629,0.091399,0.134070,0.363141,0.290875,0.621386,0.895186,0.575952,0.588111,0.579443,0.294571,0.479356,0.343706,0.002712,0.136372,0.735309,0.609541,0.030346,0.868929,0.683552,0.339611,0.869341,0.492907,0.605301,0.291641,0.067173,0.050641,0.052077,0.290090,0.615403,0.828399,0.026439,0.337456,0.015031,0.454218,0.528930,0.039942
31.5,0.992192393806316,0.005204978,1,0.300642,0.398087,0.111643,0.893820,0.456514,0.310399,0.848410,0.839117,0.030590,0.628496,0.297055,0.537005,0.526600,0.009155,0.351156,0.717443,0.810918,0.333446,0.781797,0.365756,0.434675,0.006989,0.281522,0.382365,0.021905,0.705809,0.000000,0.290605,0.334691,0.613374,0.077283,0.000000,0.632205,0.579535,0.431933,0.408976,0.023723,0.626524,0.584815,0.498097,0.340265,0.067316,0.308751,0.586919,0.322714,0.846947,0.365978,0.000000,0.467051,0.594484,0.062871,0.002466,0.344139,0.450254,0.626427,0.126014,0.504032,0.431267,0.098622,0.010292,0.048609,0.817657,0.357359,0.709339,0.087208,0.128607,0.369078,0.287473,0.623543,0.892937,0.573172,0.591498,0.576366,0.293788,0.484771,0.345659,0.002876,0.135186,0.737711,0.609947,0.026842,0.876185,0.683263,0.339712,0.868532,0.503535,0.604044,0.302144,0.070046,0.049076,0.062992,0.277502,0.617729,0.831707,0.022101,0.330329,0.018403,0.459001,0.521372,0.039220
31.6,0.992321451939332,0.005118944,1,0.301330,0.406246,0.111017,0.890132,0.456698,0.312263,0.843969,0.836254,0.031186,0.626718,0.298661,0.535094,0.523143,0.008669,0.353861,0.714597,0.811065,0.328301,0.794046,0.367355,0.445336,0.008934,0.287521,0.390332,0.013470,0.715620,0.000000,0.289476,0.343269,0.616747,0.073176,0.004677,0.632770,0.580216,0.426418,0.410626,0.014144,0.618979,0.588294,0.495590,0.344735,0.063598,0.306478,0.595474,0.324442,0.841994,0.363762,0.005324,0.468236,0.596609,0.054400,0.007835,0.350687,0.448339,0.630083,0.116952,0.508159,0.430585,0.101659,0.008312,0.047733,0.820025,0.359676,0.708563,0.086967,0.131153,0.367513,0.290700,0.620348,0.894352,0.573594,0.587687,0.580159,0.298686,0.483782,0.342056,0.011968,0.135810,0.737663,0.614294,0.030385,0.869814,0.682163,0.337875,0.869670,0.498210,0.602447,0.297548,0.068436,0.048533,0.056578,0.282703,0.616200,0.831822,0.025286,0.332251,0.012836,0.459082,0.524580,0.041475
31.7,0.992448376840409,0.005034331,1,0.296435,0.399227,0.100555,0.898682,0.461996,0.310311,0.852638,0.837178,0.030262,0.625913,0.296832,0.534859,0.520991,0.013118,0.355391,0.716354,0.811449,0.333783,0.786513,0.353996,0.445043,0.005896,0.280269,0.375030,0.013315,0.708564,0.002116,0.287503,0.347330,0.614442,0.073959,0.003024,0.642736,0.579117,0.430755,0.410231,0.017791,0.625303,0.578607,0.486232,0.342956,0.063484,0.314039,0.584369,0.322754,0.842305,0.365786,0.000000,0.467506,0.595242,0.064449,0.002067,0.341054,0.459877,0.631342,0.119020,0.508201,0.432093,0.095734,0.011854,0.046864,0.819321,0.361716,0.703471,0.086985,0.126481,0.367523,0.289116,0.622359,0.897908,0.577564,0.593531,0.573159,0.293204,0.486573,0.340693,0.000619,0.135206,0.736874,0.612945,0.026085,0.877885,0.682773,0.346006,0.871282,0.502156,0.605143,0.293712,0.065086,0.045229,0.056386,0.283332,0.614280,0.835349,0.020029,0.327785,0.018232,0.449718,0.520940,0.041999
31.8,0.992573203766691,0.004951118,1,0.300974,0.408051,0.099499,0.891057,0.456313,0.308420,0.849601,0.833095,0.035337,0.622449,0.298457,0.537839,0.515967,0.000000,0.352190,0.712905,0.809574,0.332762,0.789710,0.361695,0.445655,0.005102,0.278588,0.382207,0.012585,0.712168,0.000000,0.292975,0.336867,0.615861,0.074276,0.001086,0.641957,0.578566,0.422190,0.408520,0.019133,0.625791,0.581121,0.498452,0.350440,0.056488,0.312660,0.594390,0.323430,0.847845,0.367560,0.000000,0.468514,0.594904,0.058853,0.004877,0.349749,0.451396,0.631571,0.121711,0.506155,0.426307,0.095362,0.005396,0.047696,0.824185,0.359074,0.710664,0.084353,0.133471,0.369350,0.291719,0.624352,0.896010,0.573043,0.588361,0.577673,0.295736,0.483343,0.344144,0.012360,0.132490,0.734891,0.612093,0.026918,0.872307,0.685121,0.343314,0.870598,0.500525,0.606288,0.293990,0.065877,0.047988,0.045739,0.285314,0.619185,0.834691,0.020506,0.344673,0.020660,0.449007,0.519102,0.035464
31.9,0.992695967392779,0.004869279,1,0.298793,0.399498,0.110666,0.897445,0.456823,0.309854,0.849532,0.835067,0.034804,0.627430,0.298445,0.538274,0.520705,0.008046,0.354506,0.716149,0.811781,0.329326,0.794947,0.366027,0.442319,0.003001,0.281817,0.390233,0.012323,0.709393,0.000000,0.296707,0.336194,0.616834,0.072887,0.000877,0.639508,0.579429,0.427799,0.409766,0.023698,0.626763,0.591442,0.494999,0.345820,0.059736,0.314940,0.593347,0.325728,0.847658,0.367512,0.000000,0.469736,0.604788,0.064691,0.003204,0.348670,0.456230,0.633057,0.117005,0.508642,0.428608,0.094758,0.010473,0.046435,0.817636,0.358791,0.705237,0.082314,0.127501,0.365652,0.289251,0.621045,0.896664,0.578179,0.591648,0.573328,0.296954,0.485126,0.347947,0.008235,0.132316,0.736126,0.616421,0.026071,0.871973,0.685020,0.332929,0.870387,0.494036,0.601245,0.300311,0.067292,0.042809,0.059210,0.284720,0.617768,0.834574,0.021302,0.330580,0.017898,0.450289,0.528968,0.041351
32,0.992816701820351,0.004788793,1,0.302644,0.401369,0.106467,0.896125,0.466448,0.310034,0.843737,0.839100,0.038317,0.632574,0.300216,0.540038,0.513041,0.009344,0.355991,0.713517,0.812830,0.328873,0.794517,0.367348,0.443783,0.006276,0.282661,0.389405,0.022641,0.709310,0.000000,0.289080,0.347924,0.613975,0.069233,0.009822,0.638970,0.580392,0.429256,0.409282,0.025735,0.618971,0.578501,0.495944,0.349572,0.059924,0.314660,0.595772,0.325510,0.843689,0.367637,0.000267,0.466659,0.599802,0.054668,0.003991,0.347072,0.459483,0.630719,0.111285,0.506707,0.430263,0.093883,0.007912,0.045115,0.817888,0.361736,0.706728,0.082861,0.123528,0.365848,0.294020,0.621023,0.895957,0.573095,0.593258,0.580494,0.300043,0.487390,0.343477,0.000854,0.131098,0.737694,0.616844,0.032359,0.875081,0.682098,0.345243,0.867169,0.501972,0.603754,0.298915,0.066344,0.050029,0.047805,0.282875,0.618809,0.840147,0.017741,0.337101,0.018913,0.451224,0.522604,0.040532
32.1,0.992935440587616,0.004709637,1,0.302115,0.409326,0.107370,0.897248,0.455285,0.311119,0.849879,0.836661,0.034467,0.632567,0.300050,0.538417,0.532229,0.008269,0.358178,0.715845,0.812492,0.328872,0.796806,0.360956,0.435005,0.009315,0.288751,0.383807,0.018977,0.716607,0.002013,0.296282,0.345104,0.614244,0.067628,0.002258,0.632778,0.579799,0.419051,0.411500,0.016452,0.618402,0.586191,0.492009,0.342726,0.055593,0.314453,0.589716,0.324224,0.846850,0.366385,0.000000,0.466499,0.598913,0.048972,0.002107,0.355608,0.461279,0.634975,0.104892,0.507338,0.428504,0.093308,0.004686,0.043819,0.816787,0.360392,0.704651,0.082541,0.130266,0.371239,0.294076,0.623908,0.899820,0.578138,0.589903,0.581320,0.300286,0.484547,0.339655,0.007736,0.131524,0.734699,0.623611,0.024824,0.875275,0.685254,0.343429,0.867201,0.504689,0.602783,0.301050,0.063678,0.051007,0.040987,0.286813,0.618888,0.841522,0.019006,0.326605,0.018429,0.453365,0.520420,0.034772
32.2,0.99305221667862,0.00463179,1,0.302728,0.410885,0.094230,0.886013,0.468771,0.311872,0.847387,0.838825,0.031221,0.632415,0.300618,0.541002,0.532326,0.005653,0.353885,0.717569,0.812904,0.333411,0.783460,0.359563,0.438566,0.000000,0.285128,0.393140,0.018038,0.712476,0.001202,0.293006,0.350930,0.619637,0.067320,0.008034,0.634182,0.581629,0.425165,0.409460,0.018363,0.618470,0.592242,0.487149,0.352463,0.056488,0.317361,0.595419,0.326998,0.847186,0.369051,0.000000,0.471443,0.598231,0.059781,0.005580,0.349389,0.456318,0.637470,0.114362,0.510334,0.427101,0.094883,0.009753,0.044971,0.819944,0.362594,0.705823,0.079080,0.122908,0.368534,0.291660,0.625095,0.899618,0.575801,0.595346,0.583967,0.294883,0.487120,0.341944,0.000017,0.129109,0.735684,0.622547,0.032933,0.874297,0.683071,0.334979,0.867275,0.496375,0.602882,0.303572,0.064705,0.044698,0.052546,0.291716,0.618426,0.833218,0.017796,0.346041,0.013808,0.455436,0.522631,0.038403
32.3,0.993167062532392,0.004555229,1,0.302645,0.402315,0.101324,0.891166,0.466122,0.309221,0.847060,0.832979,0.028026,0.623218,0.300059,0.540488,0.532877,0.001569,0.358667,0.713518,0.811643,0.335643,0.786188,0.354517,0.438111,0.008186,0.285337,0.380348,0.022145,0.713849,0.000000,0.293802,0.346568,0.617340,0.066075,0.007930,0.639512,0.583485,0.427032,0.410976,0.016993,0.619792,0.595040,0.500134,0.350801,0.058476,0.311174,0.591345,0.326241,0.850253,0.367436,0.002747,0.471198,0.599233,0.058737,0.002183,0.348525,0.458415,0.633170,0.107309,0.508487,0.429918,0.088869,0.004375,0.042871,0.819389,0.359699,0.713148,0.078111,0.121610,0.367514,0.291383,0.624824,0.902600,0.580408,0.591687,0.584846,0.297750,0.487438,0.348290,0.005874,0.128868,0.737428,0.624873,0.029446,0.875750,0.684910,0.348223,0.867688,0.503794,0.605512,0.292649,0.061353,0.048599,0.053062,0.285886,0.615302,0.831319,0.025208,0.343999,0.016204,0.458993,0.517842,0.039985
32.4,0.993280010051949,0.004479934,1,0.299607,0.410055,0.098396,0.890496,0.467444,0.312832,0.848596,0.835948,0.040760,0.625936,0.300506,0.541810,0.521666,0.003311,0.352639,0.714028,0.812150,0.329192,0.796985,0.364327,0.447127,0.000623,0.285440,0.379986,0.016335,0.705953,0.000895,0.297925,0.344363,0.616272,0.068513,0.000000,0.632773,0.581890,0.430747,0.412499,0.016335,0.618832,0.593025,0.504569,0.348447,0.055270,0.316871,0.594634,0.327304,0.848612,0.368622,0.000000,0.467374,0.601934,0.058625,0.005824,0.345109,0.456637,0.638665,0.116406,0.510764,0.432104,0.089266,0.007926,0.041515,0.820880,0.358777,0.712266,0.077436,0.126078,0.371228,0.291341,0.623447,0.902983,0.577222,0.593990,0.584012,0.299386,0.491947,0.343472,0.010208,0.127280,0.735270,0.619981,0.028507,0.874516,0.683533,0.344192,0.866317,0.506989,0.608627,0.300190,0.061092,0.049076,0.049382,0.288407,0.621738,0.829118,0.022065,0.329166,0.016990,0.453346,0.527419,0.041399
32.5,0.993391090613136,0.004405883,1,0.302971,0.405334,0.095104,0.896548,0.459415,0.310654,0.847936,0.832631,0.024991,0.629705,0.302379,0.543813,0.534695,0.008098,0.353300,0.715712,0.812315,0.331504,0.786118,0.355590,0.441315,0.001111,0.286325,0.388804,0.019422,0.704671,0.005799,0.295530,0.349055,0.615406,0.063505,0.000000,0.646264,0.581740,0.434144,0.413407,0.019924,0.617576,0.583895,0.500695,0.348496,0.060506,0.312503,0.596521,0.325881,0.847668,0.369016,0.001817,0.470545,0.602451,0.058745,0.000864,0.356134,0.451740,0.638063,0.113591,0.511905,0.428598,0.086328,0.006578,0.041041,0.820001,0.359369,0.708014,0.075894,0.124814,0.370406,0.292518,0.622626,0.901292,0.581484,0.590824,0.589412,0.301509,0.492161,0.345844,0.001614,0.127299,0.736697,0.618100,0.033417,0.877255,0.683591,0.349593,0.868553,0.500605,0.603178,0.302128,0.062606,0.041770,0.044415,0.287417,0.614785,0.829292,0.019833,0.336757,0.010665,0.463202,0.529497,0.035028
32.6,0.993500335073344,0.004333056,1,0.299111,0.409517,0.099587,0.888874,0.474365,0.308118,0.845002,0.834840,0.039875,0.630437,0.301367,0.546025,0.531944,0.005729,0.352795,0.716142,0.813945,0.333856,0.801166,0.361155,0.443688,0.002341,0.291754,0.383392,0.013564,0.708512,0.000000,0.299031,0.350589,0.620330,0.064014,0.000000,0.646692,0.582903,0.433098,0.409395,0.008362,0.619806,0.585351,0.502513,0.346592,0.054336,0.310306,0.599163,0.326244,0.850090,0.370229,0.002274,0.471596,0.610280,0.052789,0.004657,0.352524,0.451796,0.638770,0.102378,0.509026,0.424982,0.089025,0.003220,0.040244,0.817375,0.359385,0.712073,0.075051,0.117730,0.371075,0.291733,0.619377,0.900883,0.576998,0.592436,0.581028,0.299376,0.494352,0.349012,0.003161,0.125384,0.736333,0.624132,0.024680,0.878772,0.684760,0.351637,0.870260,0.497484,0.609021,0.292739,0.061158,0.045593,0.052109,0.291817,0.613860,0.833212,0.018418,0.345845,0.016884,0.459349,0.528192,0.032741
32.7,0.993607773780057,0.004261433,1,0.303933,0.407748,0.098655,0.895538,0.462412,0.309880,0.849971,0.831986,0.028272,0.624083,0.302694,0.546676,0.523777,0.001211,0.353131,0.713594,0.812929,0.330192,0.799615,0.368023,0.440662,0.003700,0.287238,0.382990,0.016973,0.704592,0.000914,0.298624,0.352801,0.618364,0.062049,0.006660,0.642041,0.582978,0.432271,0.410169,0.009670,0.623738,0.595966,0.488636,0.354506,0.056566,0.317435,0.597016,0.326696,0.853125,0.370691,0.004384,0.471334,0.605425,0.053842,0.007328,0.359676,0.456886,0.639281,0.104499,0.510494,0.428401,0.087363,0.008304,0.041411,0.820346,0.360456,0.714194,0.074064,0.118104,0.369671,0.292541,0.621206,0.903588,0.576333,0.592351,0.588994,0.297161,0.493245,0.345241,0.004374,0.125703,0.734531,0.625238,0.025318,0.873301,0.683171,0.346761,0.869580,0.502555,0.606139,0.296333,0.062074,0.040578,0.046880,0.286642,0.622093,0.838843,0.015389,0.341341,0.018254,0.453480,0.521704,0.040419
32.8,0.993713436579284,0.004190994,1,0.304073,0.405045,0.092922,0.895982,0.462022,0.311486,0.849383,0.833831,0.025283,0.630694,0.302811,0.545185,0.535374,0.008818,0.352450,0.713368,0.813942,0.334764,0.797975,0.358260,0.445762,0.000000,0.295769,0.385549,0.009954,0.716137,0.000000,0.293563,0.340767,0.618436,0.062511,0.000506,0.639900,0.583875,0.422909,0.411181,0.015082,0.618918,0.595731,0.489248,0.354066,0.056067,0.321073,0.598302,0.328043,0.849543,0.370644,0.000000,0.471288,0.608020,0.056766,0.007335,0.351956,0.460916,0.638689,0.095403,0.510638,0.429077,0.083099,0.003472,0.039019,0.819176,0.362227,0.704039,0.073103,0.119049,0.376897,0.294760,0.621069,0.901749,0.579636,0.594473,0.586888,0.295875,0.496059,0.345165,0.006664,0.124081,0.736066,0.620865,0.023894,0.872660,0.682651,0.342208,0.871301,0.504221,0.609506,0.301914,0.060976,0.038340,0.042882,0.289417,0.616970,0.834487,0.019030,0.336260,0.012489,0.460690,0.517739,0.032531
32.9,0.993817352823835,0.004121719,1,0.300463,0.408096,0.090431,0.892263,0.462581,0.310357,0.846376,0.839693,0.029896,0.623241,0.303828,0.545086,0.522556,0.011636,0.357681,0.713245,0.812644,0.336288,0.790264,0.354860,0.442392,0.004524,0.287616,0.378568,0.008549,0.705977,0.000000,0.294309,0.343346,0.621437,0.059802,0.002024,0.638534,0.583650,0.422939,0.412942,0.013882,0.625903,0.599432,0.488878,0.350280,0.050718,0.313126,0.599348,0.329178,0.854852,0.371704,0.000000,0.468195,0.609826,0.049006,0.002381,0.352331,0.459182,0.640740,0.107750,0.513452,0.425839,0.083111,0.008089,0.038139,0.817426,0.358835,0.712054,0.073377,0.114002,0.372122,0.293662,0.621423,0.906174,0.583206,0.594392,0.583999,0.295347,0.493167,0.349637,0.000998,0.123269,0.735645,0.623000,0.029670,0.882377,0.683892,0.341112,0.871062,0.506004,0.606016,0.304843,0.059082,0.038529,0.045685,0.291752,0.622187,0.837290,0.020943,0.341082,0.016754,0.465995,0.517401,0.032577
33,0.993919551381464,0.004053589,1,0.304253,0.412137,0.085028,0.892619,0.470279,0.311821,0.849683,0.839838,0.022505,0.630384,0.303111,0.548819,0.528661,0.000000,0.353009,0.716395,0.811588,0.332851,0.788596,0.359634,0.448120,0.002308,0.294548,0.386956,0.007767,0.713720,0.005203,0.300251,0.355259,0.617257,0.059294,0.000000,0.645230,0.584997,0.426322,0.410876,0.017284,0.626159,0.596155,0.501138,0.347915,0.050042,0.316143,0.595403,0.328144,0.849449,0.371453,0.000000,0.468047,0.612254,0.050492,0.001323,0.349874,0.456327,0.639220,0.097010,0.514370,0.426031,0.083513,0.004585,0.039521,0.820388,0.361419,0.712635,0.069643,0.113882,0.373340,0.294716,0.621709,0.905787,0.578885,0.594588,0.593319,0.296973,0.496410,0.347111,0.007286,0.122160,0.734925,0.623339,0.020508,0.874710,0.685423,0.350071,0.871215,0.501248,0.608883,0.298898,0.058153,0.039003,0.037718,0.291351,0.621145,0.839246,0.014286,0.331599,0.007551,0.451164,0.530024,0.039226
33.1,0.994020060642884,0.003986585,1,0.302321,0.411219,0.084616,0.891028,0.477955,0.309706,0.849696,0.837432,0.023389,0.629548,0.304702,0.547582,0.527014,0.000313,0.352622,0.714732,0.811136,0.335049,0.799944,0.358587,0.443095,0.000000,0.297489,0.395455,0.016013,0.713385,0.005533,0.300273,0.354488,0.617518,0.059152,0.003330,0.647408,0.585506,0.427688,0.414882,0.007246,0.623347,0.588590,0.490891,0.357407,0.049708,0.313522,0.596991,0.328078,0.850533,0.374280,0.000000,0.470341,0.606704,0.052174,0.001441,0.357971,0.457900,0.642982,0.102626,0.515162,0.426733,0.082464,0.008460,0.038569,0.817327,0.363791,0.716409,0.071028,0.112210,0.378114,0.296560,0.620019,0.905795,0.580646,0.593591,0.588597,0.302436,0.495692,0.344683,0.007609,0.121824,0.736434,0.627563,0.030625,0.878721,0.683248,0.340070,0.868967,0.507044,0.605702,0.298287,0.058909,0.034965,0.032355,0.288952,0.617310,0.834150,0.017923,0.335667,0.008138,0.451770,0.526741,0.036742
33.2,0.994118908529644,0.003920688,1,0.301596,0.416013,0.090432,0.892192,0.466220,0.310782,0.846109,0.838023,0.021736,0.623178,0.305404,0.548376,0.537302,0.004575,0.352469,0.716369,0.814414,0.335970,0.802075,0.359817,0.441085,0.000348,0.295089,0.385649,0.010241,0.707281,0.000000,0.300327,0.345813,0.622059,0.058351,0.000000,0.641958,0.585978,0.435528,0.412701,0.008240,0.624484,0.590575,0.505742,0.354855,0.053592,0.321764,0.600058,0.329280,0.851304,0.372027,0.000000,0.467220,0.606977,0.047754,0.007112,0.359359,0.462052,0.643296,0.104149,0.513261,0.427411,0.079208,0.002329,0.038098,0.816515,0.362032,0.714356,0.068018,0.111131,0.372505,0.294855,0.625027,0.906481,0.580072,0.598584,0.584507,0.302699,0.499070,0.346195,0.002583,0.119486,0.735777,0.629152,0.019231,0.877505,0.685752,0.347248,0.871176,0.501844,0.609181,0.303875,0.055829,0.041002,0.044187,0.292615,0.618953,0.835757,0.016366,0.334093,0.013762,0.453580,0.519988,0.038770
33.3,0.994216122501876,0.003855881,1,0.304752,0.413187,0.093943,0.887321,0.470003,0.309603,0.849188,0.833038,0.024575,0.630401,0.305171,0.548784,0.534755,0.011389,0.353135,0.717733,0.813241,0.331227,0.802784,0.366432,0.438501,0.003098,0.285057,0.392060,0.018323,0.712747,0.001979,0.299376,0.343185,0.621971,0.056975,0.006209,0.648516,0.586084,0.427073,0.414996,0.018226,0.620826,0.593199,0.503971,0.357694,0.047462,0.313637,0.601891,0.330142,0.852484,0.374908,0.009345,0.466281,0.618517,0.043402,0.001621,0.357915,0.456040,0.638315,0.097578,0.515739,0.425647,0.079295,0.005074,0.035749,0.818327,0.363724,0.714224,0.068177,0.115900,0.379160,0.296796,0.622506,0.904855,0.578616,0.596749,0.596684,0.300019,0.497983,0.346640,0.006704,0.119860,0.736817,0.630496,0.021050,0.877564,0.683685,0.349992,0.870550,0.499346,0.609447,0.302927,0.058696,0.038880,0.041721,0.287033,0.623393,0.838128,0.015870,0.335049,0.007687,0.460806,0.524373,0.033113
33.4,0.994311729565918,0.003792144,1,0.301538,0.416345,0.079013,0.901458,0.466991,0.309357,0.844905,0.833191,0.027428,0.630630,0.306029,0.549836,0.538258,0.007403,0.351889,0.713189,0.815187,0.333368,0.798740,0.357098,0.444675,0.000000,0.295279,0.386065,0.017156,0.706107,0.007734,0.298952,0.356916,0.620850,0.058818,0.000000,0.641708,0.587061,0.420716,0.413456,0.012789,0.621891,0.604887,0.499905,0.353366,0.046120,0.322973,0.600625,0.330659,0.857725,0.373225,0.000000,0.469043,0.616458,0.054041,0.005731,0.356684,0.464242,0.638746,0.098192,0.513277,0.425586,0.080347,0.002697,0.036791,0.822058,0.360942,0.704483,0.065107,0.110647,0.376186,0.296359,0.623080,0.906953,0.580483,0.599013,0.591309,0.300033,0.498109,0.346531,0.005898,0.118890,0.734995,0.632667,0.020177,0.879157,0.684311,0.344257,0.867660,0.498606,0.606816,0.292103,0.055369,0.036331,0.036234,0.283378,0.623870,0.836200,0.013814,0.344208,0.007983,0.462689,0.526009,0.028916
33.5,0.994405756281807,0.003729462,1,0.300510,0.412776,0.085250,0.893417,0.475647,0.308176,0.851259,0.836482,0.032908,0.633514,0.307306,0.553220,0.528979,0.002821,0.357562,0.717409,0.813177,0.339353,0.790420,0.363372,0.441255,0.000837,0.288805,0.397935,0.014542,0.711402,0.000000,0.297675,0.352233,0.618803,0.056720,0.001129,0.641914,0.585765,0.420007,0.411905,0.019947,0.617370,0.597993,0.492764,0.359324,0.046754,0.318302,0.600506,0.330574,0.853008,0.376532,0.005285,0.467450,0.613043,0.047882,0.001228,0.361303,0.460319,0.645562,0.092689,0.515069,0.429736,0.076996,0.003867,0.034883,0.820558,0.361551,0.704956,0.066374,0.110140,0.376775,0.296903,0.623675,0.910519,0.584273,0.595880,0.593686,0.296315,0.499065,0.352007,0.001196,0.117553,0.734699,0.632027,0.028719,0.877985,0.683494,0.347962,0.870667,0.508121,0.605249,0.292375,0.056013,0.040499,0.038298,0.287818,0.618708,0.841218,0.016943,0.337712,0.014487,0.467000,0.524077,0.036273
33.6,0.994498228770654,0.003667815,1,0.301727,0.413812,0.082385,0.900728,0.472841,0.310945,0.844620,0.836478,0.027851,0.629300,0.305920,0.553556,0.525916,0.000000,0.352171,0.717237,0.813149,0.336188,0.802540,0.366306,0.447239,0.000000,0.296524,0.385148,0.005328,0.707354,0.004092,0.294566,0.345007,0.622324,0.053733,0.000000,0.635112,0.586133,0.435637,0.414249,0.007389,0.624863,0.596580,0.503312,0.355482,0.053571,0.318320,0.611515,0.331799,0.857686,0.376074,0.000000,0.471152,0.615999,0.053014,0.004016,0.361223,0.460038,0.641658,0.093779,0.514790,0.430629,0.078733,0.003600,0.035496,0.816558,0.363260,0.715575,0.065717,0.115081,0.378322,0.298182,0.623825,0.908267,0.585824,0.598867,0.597431,0.299870,0.501240,0.350246,0.000000,0.116081,0.735266,0.635317,0.022120,0.876516,0.683527,0.352505,0.868210,0.509516,0.611607,0.293630,0.053454,0.032973,0.032684,0.294379,0.624471,0.838272,0.011355,0.334597,0.014102,0.458065,0.529257,0.036818
33.7,0.994589172721892,0.003607187,1,0.302734,0.415083,0.090917,0.885912,0.466677,0.308197,0.850245,0.838955,0.025386,0.624052,0.305541,0.551037,0.540141,0.004354,0.356192,0.713626,0.813274,0.336377,0.792478,0.369293,0.439357,0.001534,0.291092,0.395001,0.007690,0.709596,0.008146,0.296926,0.353107,0.623405,0.053575,0.000000,0.643347,0.586815,0.419968,0.416980,0.008883,0.617979,0.597905,0.505765,0.351171,0.046558,0.315949,0.600142,0.330890,0.854128,0.375817,0.005875,0.468079,0.618122,0.048167,0.001155,0.360087,0.461109,0.642747,0.088107,0.516300,0.431052,0.074678,0.005552,0.034700,0.820387,0.361220,0.714549,0.063860,0.111973,0.377666,0.296653,0.625114,0.906988,0.583074,0.597850,0.597043,0.298098,0.501502,0.349839,0.002742,0.116009,0.736877,0.635545,0.025016,0.878121,0.686546,0.350260,0.866677,0.505709,0.610326,0.294256,0.055566,0.033870,0.039599,0.295484,0.627758,0.842167,0.013066,0.333229,0.009818,0.459498,0.525932,0.036437
33.8,0.994678613400404,0.003547562,1,0.306151,0.411673,0.086145,0.891922,0.477549,0.311985,0.844748,0.833087,0.030235,0.628586,0.305964,0.554469,0.535255,0.008558,0.357981,0.714954,0.812359,0.338422,0.807070,0.365462,0.445126,0.000000,0.292736,0.386557,0.012691,0.712168,0.000000,0.297219,0.346106,0.621074,0.054234,0.000865,0.648813,0.586472,0.422368,0.412951,0.019705,0.617892,0.603148,0.503771,0.359365,0.051092,0.315958,0.610948,0.331292,0.859609,0.375195,0.000000,0.467579,0.615019,0.039849,0.001454,0.355619,0.466934,0.640637,0.092964,0.517318,0.429006,0.074968,0.001708,0.032515,0.819035,0.360335,0.705640,0.061665,0.110349,0.381819,0.300171,0.623777,0.910610,0.586486,0.598535,0.599629,0.296765,0.500524,0.343930,0.000000,0.115738,0.736128,0.635038,0.019365,0.884428,0.684519,0.348765,0.870157,0.510659,0.610912,0.304956,0.054061,0.034924,0.031701,0.284767,0.625919,0.834642,0.013930,0.338771,0.015426,0.454945,0.524532,0.029094
33.9,0.994766575653542,0.003488922,1,0.306956,0.416737,0.081845,0.892930,0.471140,0.309421,0.844719,0.837823,0.019088,0.622708,0.306550,0.554042,0.540683,0.006062,0.353736,0.716303,0.815774,0.332530,0.793561,0.368818,0.442251,0.000000,0.292537,0.393895,0.006272,0.706330,0.000000,0.302905,0.353818,0.624813,0.053637,0.000000,0.637596,0.586587,0.429447,0.414020,0.009566,0.624217,0.598552,0.506823,0.359818,0.047253,0.318771,0.612287,0.331558,0.855851,0.378135,0.000000,0.471590,0.617459,0.040417,0.000000,0.357801,0.463965,0.646910,0.081176,0.515875,0.426153,0.074472,0.001489,0.032369,0.816087,0.363028,0.709708,0.061862,0.108082,0.376345,0.300181,0.623776,0.908175,0.580725,0.597991,0.600082,0.298931,0.504060,0.344522,0.000000,0.115049,0.735081,0.633466,0.028137,0.882611,0.685809,0.351194,0.870927,0.508010,0.612972,0.291786,0.055837,0.038338,0.036749,0.291487,0.624451,0.843899,0.014631,0.344122,0.014647,0.460117,0.529091,0.034468
34,0.994853083918018,0.003431251,1,0.303003,0.413175,0.074237,0.890064,0.478729,0.311979,0.844653,0.839498,0.019470,0.624183,0.307892,0.557085,0.545030,0.006772,0.352741,0.715331,0.813205,0.334916,0.794258,0.359216,0.451487,0.000530,0.299699,0.392919,0.009605,0.715557,0.000000,0.298084,0.347203,0.624463,0.050721,0.000000,0.637113,0.589222,0.432502,0.412714,0.020039,0.624220,0.609840,0.505935,0.351304,0.046698,0.325451,0.603722,0.331381,0.856476,0.378672,0.002162,0.470748,0.621477,0.039451,0.002219,0.358820,0.459486,0.647983,0.080482,0.518604,0.426172,0.073827,0.006174,0.033348,0.824580,0.360456,0.716867,0.061637,0.107481,0.377204,0.298659,0.621314,0.912727,0.582108,0.598094,0.595224,0.303303,0.500050,0.345415,0.006552,0.113152,0.734702,0.632896,0.025681,0.873788,0.686716,0.344223,0.871175,0.507586,0.608206,0.297318,0.051178,0.030080,0.029880,0.284835,0.620169,0.831582,0.012363,0.337670,0.013313,0.467325,0.522986,0.030624
34.1,0.994938162226692,0.003374533,1,0.305367,0.413042,0.072572,0.891063,0.475997,0.310350,0.845503,0.832234,0.029900,0.626092,0.308620,0.557046,0.534211,0.010035,0.354653,0.715497,0.814528,0.340242,0.799178,0.356865,0.447050,0.004291,0.293648,0.395691,0.011464,0.714907,0.005878,0.296334,0.350416,0.620343,0.051709,0.008401,0.647849,0.588929,0.421271,0.418253,0.006346,0.625718,0.603937,0.495101,0.362496,0.041871,0.323982,0.611928,0.332023,0.860763,0.378260,0.007409,0.469877,0.621920,0.039573,0.004505,0.369532,0.468836,0.643584,0.096599,0.518089,0.428508,0.072000,0.006455,0.032658,0.819449,0.361897,0.715137,0.059937,0.110298,0.376472,0.298831,0.618882,0.913383,0.585163,0.595918,0.597979,0.296694,0.501067,0.347366,0.001950,0.111916,0.735877,0.630244,0.021116,0.880602,0.685021,0.345673,0.871979,0.504131,0.609049,0.299570,0.050514,0.035047,0.025724,0.286147,0.629547,0.835253,0.013360,0.351234,0.010507,0.457912,0.524187,0.025854
34.2,0.99502183421524,0.003318753,1,0.304092,0.412119,0.072900,0.895097,0.482219,0.309798,0.845518,0.838062,0.019746,0.632318,0.309470,0.555644,0.536616,0.008078,0.353981,0.717295,0.815595,0.332784,0.799103,0.370191,0.450632,0.002169,0.297487,0.384415,0.005961,0.706153,0.000000,0.297090,0.355598,0.620715,0.052520,0.007222,0.635940,0.589485,0.427764,0.417533,0.013576,0.620077,0.598889,0.491758,0.360809,0.047970,0.323824,0.606340,0.332769,0.857272,0.379400,0.004685,0.467881,0.617454,0.046922,0.000000,0.357583,0.467519,0.647749,0.092418,0.516936,0.432108,0.072331,0.004941,0.030901,0.823227,0.362488,0.713770,0.058982,0.106244,0.383130,0.299469,0.619554,0.910949,0.583998,0.598749,0.599836,0.299936,0.507517,0.347718,0.000000,0.112376,0.735018,0.631316,0.025445,0.877651,0.683584,0.351640,0.867080,0.510107,0.608931,0.296865,0.051384,0.033325,0.036751,0.289690,0.629574,0.833177,0.011189,0.334892,0.011028,0.458335,0.521230,0.025559
34.3,0.995104123128717,0.003263895,1,0.307768,0.421632,0.076836,0.894944,0.474383,0.310898,0.846101,0.833781,0.021303,0.632219,0.308997,0.558546,0.546888,0.001347,0.354003,0.715768,0.813085,0.335810,0.806837,0.369635,0.441657,0.000000,0.292914,0.392179,0.009855,0.703458,0.000000,0.297692,0.360636,0.623501,0.052280,0.000556,0.639406,0.590564,0.421921,0.415289,0.004477,0.623006,0.597600,0.495800,0.362566,0.044248,0.321156,0.612271,0.332159,0.858281,0.380249,0.000000,0.467946,0.624578,0.047134,0.005425,0.370448,0.463188,0.648847,0.085658,0.516815,0.425394,0.069911,0.002103,0.030741,0.824132,0.361108,0.720694,0.058689,0.106024,0.381356,0.301078,0.623932,0.912934,0.587703,0.599989,0.604915,0.300515,0.507365,0.346634,0.006666,0.110106,0.735625,0.639825,0.021808,0.881698,0.683679,0.341129,0.866508,0.504860,0.613570,0.305210,0.052928,0.029474,0.025702,0.297607,0.622426,0.842235,0.014155,0.346674,0.009568,0.468952,0.518078,0.028242
34.4,0.995185051828012,0.003209944,1,0.305265,0.419878,0.076969,0.889980,0.484578,0.309199,0.848487,0.834045,0.022954,0.624086,0.310415,0.559973,0.531715,0.000000,0.352442,0.716520,0.813962,0.335381,0.809179,0.366698,0.453686,0.007025,0.293656,0.398182,0.013570,0.703299,0.000000,0.304503,0.348226,0.624228,0.049456,0.004512,0.649584,0.590745,0.433641,0.415855,0.011343,0.618973,0.606457,0.501324,0.357798,0.040039,0.320117,0.612082,0.333829,0.858264,0.381012,0.000000,0.467766,0.620057,0.044321,0.006116,0.359155,0.463617,0.650423,0.078164,0.520565,0.427963,0.068681,0.003672,0.030577,0.822624,0.360666,0.721276,0.055393,0.107768,0.379495,0.301314,0.619356,0.913673,0.584191,0.597187,0.599276,0.301308,0.505702,0.347718,0.001946,0.108725,0.737243,0.632106,0.022690,0.884784,0.684922,0.343226,0.871125,0.511066,0.613470,0.300317,0.052622,0.030927,0.034618,0.291034,0.622455,0.840766,0.013161,0.339232,0.005871,0.461662,0.526168,0.028257
34.5,0.99526464279619,0.003156884,1,0.307863,0.419765,0.081406,0.891543,0.486317,0.308847,0.845548,0.833800,0.025009,0.623884,0.309566,0.558430,0.533536,0.000000,0.355205,0.716615,0.814073,0.336503,0.802845,0.367745,0.448995,0.000000,0.298250,0.394332,0.008535,0.714716,0.000000,0.302468,0.356004,0.622679,0.047909,0.000000,0.636584,0.588734,0.425690,0.416929,0.014042,0.621091,0.608458,0.492292,0.359045,0.045799,0.322895,0.606576,0.332360,0.859510,0.380844,0.000000,0.468832,0.627148,0.040831,0.003101,0.369523,0.469421,0.649360,0.087897,0.518009,0.427940,0.065202,0.005443,0.028995,0.820232,0.362080,0.718781,0.055500,0.103074,0.378276,0.303216,0.622988,0.913205,0.587612,0.602076,0.597694,0.304454,0.507308,0.351063,0.005558,0.108060,0.736113,0.633719,0.023752,0.880508,0.685105,0.356000,0.869431,0.507330,0.608042,0.297094,0.049345,0.034293,0.038229,0.286697,0.629470,0.838993,0.009789,0.335064,0.010443,0.466403,0.523086,0.027340
34.6,0.995342918144739,0.003104702,1,0.303075,0.414079,0.067948,0.889578,0.474210,0.309276,0.850146,0.837313,0.018795,0.631136,0.309399,0.561136,0.536141,0.000000,0.357319,0.717490,0.813877,0.335015,0.808801,0.356814,0.442596,0.001030,0.303769,0.396303,0.012727,0.715147,0.000000,0.306050,0.362153,0.623017,0.049218,0.009011,0.647004,0.589653,0.420939,0.418226,0.018482,0.625182,0.606211,0.495711,0.357765,0.044167,0.327919,0.619400,0.334743,0.859773,0.381575,0.001808,0.472539,0.619343,0.038112,0.006176,0.360423,0.466025,0.651485,0.085644,0.518020,0.430313,0.066190,0.003315,0.029103,0.820723,0.364171,0.712377,0.054258,0.105960,0.379481,0.304961,0.618985,0.914547,0.585025,0.597598,0.598511,0.299320,0.508220,0.350780,0.000000,0.107872,0.737984,0.639158,0.014410,0.881671,0.686980,0.345715,0.866858,0.511302,0.612499,0.298161,0.049780,0.029318,0.035861,0.296157,0.627664,0.841850,0.011854,0.351413,0.012748,0.465850,0.522677,0.031300
34.7,0.995419899619707,0.003053382,1,0.308387,0.415205,0.080888,0.896460,0.475646,0.309246,0.846414,0.836095,0.029957,0.622803,0.311377,0.558708,0.533028,0.000000,0.355954,0.717211,0.816151,0.339737,0.813191,0.371201,0.448466,0.002221,0.293688,0.396760,0.006358,0.706012,0.000000,0.306753,0.351145,0.624986,0.046596,0.008812,0.642575,0.591147,0.427563,0.419656,0.011904,0.625783,0.599843,0.507385,0.357040,0.042470,0.328498,0.616641,0.333992,0.860712,0.382140,0.000058,0.471240,0.625055,0.040061,0.004051,0.361164,0.467140,0.646280,0.080153,0.519033,0.426043,0.066496,0.003896,0.028427,0.820136,0.362149,0.710091,0.054190,0.104249,0.384796,0.304388,0.621310,0.913657,0.587373,0.597266,0.595030,0.300716,0.510857,0.345973,0.005189,0.106691,0.734958,0.635814,0.018176,0.882563,0.684555,0.346284,0.871005,0.512616,0.615621,0.295165,0.048024,0.030649,0.036385,0.286578,0.629110,0.845139,0.014427,0.338628,0.009828,0.466334,0.517241,0.031286
34.8,0.995495608607737,0.00300291,1,0.303787,0.417012,0.078378,0.893233,0.489690,0.310665,0.844075,0.838307,0.019164,0.625785,0.310284,0.561303,0.540540,0.006603,0.354483,0.713346,0.815590,0.339691,0.808033,0.370829,0.454333,0.000000,0.296133,0.397498,0.013557,0.716357,0.000000,0.298888,0.362258,0.626614,0.047136,0.000000,0.643496,0.592428,0.421919,0.418830,0.017655,0.623827,0.607430,0.498132,0.364040,0.046458,0.322041,0.620616,0.334568,0.858009,0.382748,0.000000,0.468933,0.630501,0.036293,0.003769,0.373526,0.459868,0.648503,0.075651,0.518114,0.428121,0.062308,0.000000,0.028724,0.816059,0.361630,0.715098,0.054102,0.099979,0.380090,0.304999,0.622492,0.915011,0.584557,0.601901,0.606914,0.298087,0.506692,0.349377,0.006804,0.107239,0.736114,0.643997,0.022526,0.885200,0.686914,0.349072,0.867489,0.506278,0.610231,0.294863,0.050086,0.027567,0.022844,0.293507,0.631467,0.841218,0.010615,0.343837,0.003529,0.468408,0.528449,0.027607
34.9,0.995570066142009,0.002953272,1,0.308667,0.414705,0.078616,0.888358,0.478630,0.311914,0.848262,0.835046,0.020925,0.630687,0.312131,0.559936,0.547156,0.006793,0.356637,0.715703,0.814283,0.341884,0.800817,0.365613,0.441772,0.005141,0.297814,0.386182,0.010500,0.708560,0.000000,0.306802,0.361203,0.623946,0.045698,0.008059,0.638855,0.591560,0.420980,0.415778,0.015672,0.618016,0.605557,0.495616,0.356438,0.042436,0.327077,0.615804,0.333600,0.859234,0.381089,0.000000,0.472334,0.627063,0.044171,0.000000,0.372153,0.472245,0.651166,0.070003,0.520844,0.431659,0.060988,0.001738,0.027740,0.820488,0.361271,0.718541,0.052205,0.096514,0.381539,0.301638,0.620942,0.916097,0.589593,0.598290,0.596971,0.301152,0.512043,0.350997,0.000000,0.104631,0.736101,0.642236,0.014217,0.877285,0.685665,0.352597,0.869469,0.502608,0.615236,0.301895,0.047916,0.033824,0.030455,0.292719,0.625630,0.835521,0.007422,0.352505,0.007831,0.467189,0.523961,0.024294
35,0.995643292908079,0.002904455,1,0.304632,0.418159,0.078487,0.896754,0.481782,0.311653,0.845623,0.839329,0.014609,0.633367,0.313340,0.561164,0.544287,0.000000,0.352036,0.716847,0.814766,0.339831,0.804745,0.365925,0.446915,0.000239,0.300509,0.392596,0.003924,0.707706,0.001355,0.305934,0.351643,0.624918,0.044458,0.000809,0.651077,0.591463,0.430169,0.416615,0.008329,0.622242,0.615513,0.496003,0.363898,0.036707,0.323141,0.620970,0.336063,0.863356,0.383970,0.000000,0.468128,0.622238,0.046526,0.003112,0.368142,0.468943,0.654005,0.080300,0.521373,0.431165,0.060080,0.003570,0.027848,0.816769,0.363801,0.717051,0.050076,0.102196,0.380762,0.302413,0.620299,0.913935,0.585500,0.602863,0.605221,0.306083,0.508305,0.353836,0.001314,0.104734,0.736304,0.636420,0.014143,0.885788,0.686945,0.349515,0.870206,0.502539,0.614511,0.302923,0.046794,0.031030,0.035866,0.286369,0.627391,0.844393,0.008371,0.345217,0.005633,0.477783,0.528619,0.027778
35.1,0.995715309249618,0.002856445,1,0.303844,0.415868,0.068857,0.900535,0.484802,0.311786,0.852268,0.839036,0.029790,0.625564,0.311937,0.562995,0.540650,0.011091,0.357973,0.716933,0.817456,0.335045,0.802435,0.357986,0.452649,0.004251,0.304439,0.385020,0.007585,0.716882,0.001697,0.306574,0.353038,0.626916,0.046091,0.000000,0.645177,0.591307,0.435354,0.416885,0.006952,0.623580,0.608590,0.492735,0.360279,0.042137,0.324966,0.616354,0.334192,0.860022,0.384047,0.005342,0.466726,0.626470,0.037636,0.003375,0.364480,0.468798,0.653861,0.078118,0.523288,0.428997,0.060827,0.001504,0.026722,0.816723,0.361604,0.710155,0.050348,0.098131,0.387758,0.307782,0.619009,0.917962,0.584435,0.598615,0.601187,0.301544,0.509618,0.354022,0.001538,0.104079,0.736024,0.644298,0.022581,0.881350,0.684522,0.359609,0.871595,0.513647,0.611189,0.305527,0.046527,0.033736,0.023494,0.297797,0.630277,0.832068,0.015533,0.335277,0.012078,0.468104,0.527676,0.022560
35.2,0.995786135174069,0.002809229,1,0.305962,0.419384,0.067655,0.899972,0.482184,0.312678,0.846756,0.832233,0.025243,0.624310,0.313365,0.565349,0.548419,0.000000,0.352132,0.714160,0.816394,0.337735,0.810335,0.365194,0.446712,0.003387,0.301396,0.390201,0.013347,0.711542,0.000000,0.307098,0.358304,0.627652,0.045765,0.000000,0.647226,0.590917,0.435838,0.416790,0.002542,0.618430,0.604852,0.495636,0.360595,0.036358,0.321020,0.618761,0.335606,0.860946,0.382122,0.000000,0.469321,0.629563,0.041235,0.000000,0.364513,0.465166,0.651645,0.070385,0.522878,0.426534,0.063455,0.005084,0.026107,0.817753,0.364475,0.723315,0.048598,0.099848,0.387881,0.303034,0.622288,0.916210,0.588601,0.599884,0.602968,0.306688,0.509295,0.351026,0.000000,0.102830,0.734757,0.641459,0.014306,0.879755,0.684886,0.346325,0.870681,0.508766,0.612331,0.297306,0.049057,0.024408,0.027574,0.299128,0.626176,0.837473,0.013197,0.347766,0.003723,0.474823,0.525067,0.021810
35.3,0.995855790358195,0.002762793,1,0.307884,0.420554,0.066391,0.898091,0.493284,0.310877,0.843758,0.837153,0.019569,0.632645,0.312491,0.566557,0.550345,0.000000,0.352590,0.713858,0.817262,0.340622,0.815372,0.371258,0.447191,0.000686,0.308995,0.393930,0.004017,0.705444,0.000000,0.307262,0.358403,0.626040,0.042060,0.000809,0.648010,0.593816,0.423071,0.419263,0.004009,0.623775,0.605619,0.499022,0.366359,0.041268,0.330819,0.611521,0.335155,0.859517,0.385365,0.002002,0.471762,0.633591,0.033729,0.001583,0.367396,0.467531,0.652135,0.070312,0.520704,0.429158,0.060608,0.002416,0.026104,0.822763,0.364393,0.711888,0.048173,0.096691,0.385969,0.303558,0.622314,0.918850,0.591279,0.601739,0.599537,0.299772,0.511731,0.349431,0.001806,0.101568,0.735050,0.638436,0.015398,0.882343,0.685925,0.353873,0.867803,0.502098,0.613301,0.296219,0.045810,0.032655,0.031910,0.296184,0.625655,0.838972,0.014236,0.339682,0.011342,0.472148,0.525789,0.022611
35.4,0.995924294153549,0.002717124,1,0.305538,0.419085,0.065723,0.896823,0.488251,0.312850,0.849885,0.832745,0.028759,0.633365,0.315128,0.563423,0.548640,0.003134,0.355254,0.716599,0.814156,0.335542,0.816693,0.361137,0.453086,0.004871,0.296422,0.399179,0.007178,0.710005,0.000000,0.306657,0.362305,0.628192,0.042791,0.000000,0.646470,0.591849,0.435553,0.421626,0.014052,0.618899,0.605316,0.493745,0.356049,0.035083,0.323404,0.618270,0.335337,0.861195,0.384914,0.004188,0.471794,0.627193,0.044196,0.004932,0.367134,0.472540,0.649450,0.079032,0.521467,0.432299,0.057531,0.005667,0.024618,0.816923,0.362088,0.723174,0.048725,0.095796,0.382962,0.308616,0.625353,0.919692,0.586572,0.601344,0.608677,0.299635,0.513546,0.353572,0.007498,0.100949,0.735891,0.645023,0.022688,0.880363,0.684245,0.348465,0.870420,0.505255,0.614852,0.296057,0.044818,0.030144,0.025984,0.287453,0.628814,0.845846,0.010842,0.337343,0.005694,0.467197,0.523489,0.024533
35.5,0.995991665591839,0.00267221,1,0.307446,0.421222,0.059698,0.896001,0.490914,0.309973,0.852041,0.839739,0.016667,0.622256,0.313199,0.567858,0.540409,0.002534,0.356512,0.716349,0.816020,0.341466,0.812901,0.357773,0.443632,0.000000,0.305604,0.402416,0.007897,0.710972,0.000000,0.305506,0.353646,0.628857,0.041580,0.000000,0.650332,0.592952,0.430758,0.421040,0.003234,0.624949,0.606882,0.507027,0.361336,0.041542,0.325671,0.618673,0.335364,0.863817,0.386214,0.000000,0.467666,0.626667,0.039005,0.000584,0.376933,0.464773,0.655116,0.069429,0.524670,0.428335,0.056422,0.000000,0.025103,0.819735,0.364240,0.724384,0.048105,0.089374,0.387523,0.306122,0.621676,0.917019,0.591015,0.601629,0.607992,0.305991,0.511938,0.350683,0.000000,0.100528,0.737228,0.648837,0.016881,0.879067,0.685736,0.352326,0.866994,0.502815,0.616474,0.296281,0.046443,0.024967,0.018439,0.292033,0.630181,0.841531,0.012523,0.345987,0.002954,0.470368,0.518063,0.026722
35.6,0.996057923390225,0.002628039,1,0.307022,0.424393,0.061259,0.900817,0.490927,0.312623,0.851389,0.837032,0.028403,0.631102,0.314983,0.567708,0.546059,0.006627,0.353588,0.712827,0.816768,0.336244,0.813980,0.357771,0.443642,0.000000,0.306512,0.390312,0.013976,0.707124,0.003615,0.306578,0.365226,0.627422,0.042188,0.003123,0.645641,0.593438,0.429995,0.417301,0.015807,0.622895,0.620576,0.508807,0.366511,0.040877,0.321375,0.614341,0.336122,0.861916,0.385841,0.000000,0.468152,0.630381,0.035777,0.000000,0.373464,0.471417,0.651588,0.081055,0.525057,0.427970,0.059287,0.000000,0.024480,0.824422,0.364447,0.725150,0.046681,0.092489,0.383630,0.310064,0.618787,0.920864,0.586651,0.599528,0.602921,0.302930,0.511778,0.352122,0.000740,0.099023,0.735562,0.646424,0.014246,0.877390,0.686976,0.349068,0.867909,0.509734,0.614609,0.297499,0.046529,0.031467,0.020785,0.290242,0.633081,0.843395,0.008933,0.337795,0.006977,0.477952,0.530106,0.024757
35.7,0.996123085956505,0.002584598,1,0.306406,0.419703,0.062002,0.891677,0.491911,0.312898,0.849870,0.834122,0.015229,0.622358,0.314768,0.565619,0.550506,0.000000,0.354456,0.713651,0.816355,0.339961,0.812066,0.364992,0.446065,0.001565,0.310144,0.390297,0.002256,0.716923,0.000000,0.306496,0.360737,0.627578,0.041003,0.006105,0.644375,0.594782,0.422433,0.417463,0.010822,0.622121,0.613324,0.507221,0.364299,0.038569,0.322224,0.616052,0.337704,0.866859,0.386521,0.003632,0.470197,0.634128,0.040135,0.000338,0.374546,0.465595,0.651873,0.075509,0.522266,0.427916,0.059105,0.002918,0.023369,0.821816,0.364026,0.719458,0.044717,0.088268,0.384012,0.305880,0.619706,0.918557,0.590939,0.600560,0.609399,0.304307,0.517178,0.346780,0.001821,0.098238,0.738206,0.643462,0.014112,0.883934,0.684343,0.355299,0.868157,0.511050,0.617370,0.294440,0.045939,0.025091,0.027301,0.287652,0.630261,0.847347,0.012653,0.349036,0.008741,0.473573,0.526911,0.022795
35.8,0.996187171394233,0.002541875,1,0.307700,0.420069,0.057438,0.889337,0.492226,0.308938,0.845114,0.837909,0.023562,0.627995,0.316201,0.567653,0.538773,0.000000,0.356061,0.715296,0.815928,0.338430,0.807882,0.367237,0.450739,0.003406,0.304682,0.401999,0.014625,0.715116,0.004070,0.306985,0.364771,0.624671,0.039288,0.000000,0.638863,0.594557,0.420868,0.422850,0.007831,0.623341,0.610894,0.499463,0.359501,0.041339,0.327708,0.618780,0.335972,0.864449,0.384716,0.003434,0.469046,0.637679,0.039816,0.000000,0.374928,0.464326,0.654979,0.062478,0.523628,0.431031,0.056031,0.000000,0.023349,0.823854,0.363068,0.717782,0.043543,0.092200,0.386525,0.309924,0.624740,0.920016,0.586535,0.600154,0.614719,0.300039,0.518891,0.350427,0.000508,0.098469,0.737427,0.648833,0.019057,0.880746,0.686572,0.357478,0.867022,0.511406,0.615104,0.303220,0.041819,0.024168,0.019372,0.288005,0.626955,0.846984,0.012592,0.346655,0.004162,0.480980,0.522064,0.027691
35.9,0.996250197507746,0.002499858,1,0.305902,0.424907,0.067028,0.901085,0.488835,0.309244,0.844577,0.836589,0.012883,0.628007,0.316284,0.570452,0.543200,0.007149,0.358274,0.713288,0.817101,0.340242,0.812414,0.364019,0.457127,0.000000,0.302258,0.386586,0.004828,0.706612,0.000000,0.309330,0.370296,0.626639,0.040805,0.000000,0.640119,0.593052,0.433837,0.418156,0.008324,0.624823,0.621524,0.510351,0.364764,0.039786,0.326014,0.626194,0.336634,0.867576,0.387059,0.000000,0.470593,0.638219,0.030626,0.000527,0.371128,0.471962,0.654041,0.076735,0.523352,0.428852,0.056058,0.005358,0.022017,0.825412,0.363123,0.713559,0.042067,0.086859,0.387719,0.310184,0.624745,0.920022,0.591744,0.602986,0.615564,0.307097,0.517509,0.353363,0.001133,0.096158,0.734768,0.644581,0.016283,0.879531,0.685967,0.363283,0.867755,0.515667,0.610791,0.292461,0.043651,0.029782,0.019294,0.298159,0.634566,0.839015,0.005181,0.348641,0.006188,0.479248,0.529644,0.028095
36,0.996312181807107,0.002458536,1,0.308772,0.423006,0.059773,0.893442,0.498147,0.309640,0.848439,0.836521,0.021803,0.631594,0.317092,0.569054,0.545852,0.003496,0.357048,0.716731,0.816041,0.342553,0.813157,0.362171,0.455304,0.002975,0.307377,0.392740,0.014323,0.711751,0.001958,0.310324,0.359961,0.628337,0.038476,0.001209,0.643482,0.595986,0.430594,0.420345,0.005545,0.622230,0.610258,0.495775,0.360074,0.031949,0.331253,0.617706,0.338593,0.863920,0.387167,0.000000,0.467436,0.637676,0.030834,0.001545,0.372757,0.475977,0.653301,0.060196,0.522363,0.432135,0.055590,0.001713,0.023190,0.819569,0.365486,0.718516,0.042897,0.088877,0.385636,0.307262,0.624899,0.919141,0.589508,0.603835,0.613404,0.307442,0.517065,0.354326,0.004975,0.095712,0.735413,0.650271,0.016937,0.882862,0.687177,0.347847,0.869711,0.508291,0.616042,0.298914,0.044615,0.029376,0.029118,0.296885,0.630920,0.838510,0.010558,0.347052,0.002781,0.483003,0.519236,0.024587
36.1,0.996373141512967,0.002417896,1,0.304652,0.426474,0.055747,0.893073,0.494939,0.311676,0.850382,0.834957,0.014100,0.629278,0.315829,0.570329,0.551691,0.000000,0.355683,0.714921,0.816254,0.338099,0.810167,0.370512,0.449414,0.003104,0.304601,0.397001,0.009141,0.715496,0.000000,0.311272,0.355374,0.626565,0.038693,0.000000,0.644805,0.594619,0.433558,0.420907,0.007146,0.624925,0.622500,0.509083,0.361008,0.032594,0.327529,0.620671,0.337099,0.863965,0.386718,0.004038,0.468720,0.629645,0.034377,0.004211,0.382688,0.472872,0.657391,0.076013,0.523301,0.430613,0.055621,0.003190,0.022081,0.823719,0.362958,0.726182,0.042507,0.089562,0.390678,0.309251,0.623483,0.923014,0.589806,0.600937,0.604405,0.300163,0.520594,0.349255,0.000410,0.095834,0.737045,0.647881,0.010784,0.881619,0.687297,0.358343,0.867225,0.509620,0.613841,0.301377,0.041406,0.025809,0.023362,0.295508,0.636395,0.839214,0.010036,0.339708,0.010222,0.482631,0.521129,0.025298
36.2,0.99643309356135,0.002377929,1,0.310345,0.424989,0.053108,0.901588,0.499052,0.309840,0.844688,0.834972,0.016708,0.627950,0.316021,0.571655,0.543294,0.006591,0.357758,0.714917,0.814939,0.337103,0.818971,0.372435,0.454044,0.000454,0.301230,0.397510,0.010910,0.715054,0.000702,0.306823,0.355428,0.630202,0.036422,0.000000,0.651375,0.596810,0.426705,0.419551,0.003006,0.627309,0.614606,0.497945,0.367129,0.038248,0.329128,0.625609,0.336937,0.868179,0.387941,0.000000,0.466719,0.641013,0.036296,0.000000,0.375499,0.476549,0.659267,0.074081,0.526006,0.424959,0.051637,0.002013,0.021559,0.821588,0.364488,0.715378,0.041728,0.088378,0.390854,0.308891,0.622418,0.922841,0.589839,0.606077,0.605724,0.306140,0.519113,0.356198,0.001033,0.094199,0.735968,0.651279,0.021957,0.882676,0.686958,0.353796,0.867630,0.513204,0.617732,0.301138,0.041249,0.024146,0.022262,0.300712,0.632241,0.835223,0.009098,0.357038,0.010607,0.475414,0.527677,0.025428
36.3,0.996492054608354,0.002338622,1,0.308147,0.426260,0.067190,0.891776,0.497916,0.310969,0.846106,0.836663,0.025641,0.624739,0.316605,0.572521,0.546581,0.005700,0.353407,0.714264,0.818659,0.339783,0.814623,0.358166,0.448357,0.000000,0.309338,0.399898,0.012957,0.711794,0.000000,0.310134,0.356092,0.627948,0.036564,0.004903,0.643836,0.596915,0.431305,0.420427,0.015073,0.626144,0.611392,0.499969,0.365605,0.031134,0.325115,0.620921,0.338547,0.867967,0.388576,0.005528,0.468341,0.641126,0.033687,0.000632,0.372426,0.469121,0.652805,0.065601,0.525677,0.425052,0.051522,0.005109,0.021944,0.818269,0.363829,0.719606,0.041051,0.089686,0.392761,0.308752,0.622408,0.919976,0.589542,0.605633,0.617261,0.308083,0.519816,0.353339,0.003450,0.092900,0.736099,0.652466,0.016092,0.888401,0.687024,0.366084,0.867095,0.504224,0.617537,0.296607,0.040039,0.022961,0.019612,0.297462,0.634410,0.843900,0.008169,0.356213,0.003452,0.468442,0.520439,0.022038
36.4,0.996550041034779,0.002299965,1,0.309365,0.423083,0.058856,0.897013,0.491590,0.311513,0.845882,0.839173,0.024936,0.629878,0.317285,0.570616,0.556160,0.010241,0.352276,0.714989,0.815891,0.343364,0.808573,0.358762,0.446779,0.000401,0.304692,0.389570,0.009677,0.715118,0.006498,0.305577,0.366955,0.629033,0.034160,0.003122,0.653492,0.595493,0.423808,0.422627,0.002724,0.623247,0.624253,0.499930,0.370883,0.032950,0.331451,0.629057,0.338388,0.863115,0.390509,0.000798,0.468811,0.639940,0.039631,0.004885,0.384108,0.473950,0.653201,0.070113,0.526267,0.429982,0.053064,0.000000,0.020111,0.822765,0.365576,0.724547,0.039909,0.084170,0.393387,0.310589,0.625012,0.923374,0.591957,0.605794,0.613782,0.300865,0.522336,0.354280,0.002366,0.092090,0.735846,0.646692,0.012528,0.881608,0.686823,0.358493,0.870279,0.510711,0.618445,0.295055,0.042431,0.021728,0.026191,0.290729,0.628614,0.833645,0.010349,0.340427,0.007151,0.472282,0.522312,0.017705
36.5,0.996607068950674,0.002261946,1,0.309628,0.427608,0.064139,0.900376,0.497777,0.309810,0.852819,0.832542,0.012079,0.627490,0.318648,0.571492,0.557800,0.000000,0.353043,0.713695,0.816683,0.337023,0.820433,0.369696,0.449893,0.003702,0.306507,0.402114,0.011263,0.716370,0.000000,0.310148,0.356844,0.628121,0.034809,0.008020,0.643317,0.597387,0.433878,0.421298,0.009451,0.619567,0.613154,0.506701,0.362769,0.029782,0.328224,0.624087,0.339203,0.867195,0.388224,0.000000,0.472025,0.643275,0.031961,0.000000,0.379594,0.477045,0.655438,0.070374,0.527428,0.430440,0.047772,0.004747,0.020411,0.818288,0.366621,0.718345,0.039712,0.086796,0.390964,0.309661,0.619826,0.924152,0.590030,0.604719,0.615654,0.308004,0.523133,0.357519,0.000000,0.092173,0.736080,0.653839,0.012600,0.887293,0.686181,0.355122,0.870764,0.507152,0.612784,0.301647,0.041087,0.019530,0.024308,0.302082,0.637462,0.839577,0.010279,0.350284,0.000634,0.476693,0.530154,0.018312
36.6,0.996663154199813,0.002224557,1,0.309325,0.426183,0.062131,0.897897,0.489355,0.310857,0.846481,0.833947,0.020984,0.627353,0.317468,0.572978,0.556099,0.000000,0.356013,0.713746,0.815752,0.342260,0.820027,0.370348,0.450627,0.000000,0.314836,0.395263,0.000137,0.716139,0.004928,0.304758,0.370127,0.626528,0.032660,0.000226,0.648267,0.596742,0.432532,0.424416,0.004840,0.619301,0.623883,0.509883,0.370769,0.031518,0.329175,0.626165,0.338765,0.868865,0.390201,0.000000,0.470372,0.637232,0.026946,0.004378,0.374305,0.469415,0.658580,0.071406,0.525690,0.425021,0.048776,0.002380,0.019217,0.822126,0.365136,0.727576,0.039392,0.080224,0.388420,0.310742,0.623789,0.922137,0.592950,0.603825,0.615981,0.303506,0.525608,0.352696,0.005033,0.092171,0.737729,0.653044,0.011116,0.883352,0.687180,0.348661,0.866550,0.514476,0.612878,0.304245,0.039746,0.027841,0.028011,0.296633,0.637086,0.840869,0.005021,0.340845,0.004640,0.482903,0.521535,0.021109
36.7,0.996718312364096,0.002187785,1,0.307604,0.428681,0.056448,0.898609,0.490918,0.308797,0.848024,0.839776,0.020960,0.629204,0.318859,0.574362,0.546639,0.000000,0.353299,0.713482,0.817449,0.343742,0.814514,0.366241,0.452735,0.004314,0.303837,0.392613,0.000000,0.707385,0.000407,0.308761,0.357737,0.631568,0.033762,0.000017,0.654088,0.597698,0.427468,0.422902,0.002817,0.618316,0.630654,0.498514,0.368649,0.030508,0.328826,0.632019,0.339051,0.868415,0.389229,0.000000,0.468882,0.640574,0.037437,0.001793,0.386375,0.466575,0.659215,0.056834,0.525921,0.430528,0.046510,0.004752,0.020521,0.819632,0.365210,0.721636,0.038166,0.081354,0.388945,0.313371,0.622598,0.920635,0.589545,0.602073,0.609583,0.305474,0.521618,0.354602,0.001607,0.089620,0.737740,0.651530,0.019374,0.883012,0.687334,0.361095,0.866383,0.507362,0.615122,0.300282,0.037372,0.021102,0.027581,0.293461,0.635239,0.834020,0.009875,0.350750,0.003643,0.469068,0.526920,0.024584
36.8,0.996772558767873,0.002151621,1,0.305955,0.431429,0.058156,0.898986,0.491352,0.312704,0.844690,0.833716,0.017521,0.622300,0.320687,0.572889,0.556204,0.003709,0.352106,0.715273,0.815887,0.343238,0.823137,0.371248,0.448738,0.005343,0.304656,0.394680,0.012011,0.708475,0.000000,0.308177,0.362923,0.631470,0.031207,0.005860,0.650008,0.597248,0.424876,0.423451,0.009416,0.622487,0.621879,0.501679,0.363848,0.030646,0.328846,0.633419,0.338908,0.868573,0.390252,0.000947,0.472966,0.634556,0.028426,0.000000,0.380375,0.476067,0.662461,0.064161,0.525196,0.429325,0.048176,0.003331,0.019973,0.821166,0.363842,0.724657,0.037898,0.079458,0.389086,0.311585,0.621601,0.921596,0.589629,0.606154,0.612854,0.308189,0.521854,0.356681,0.000000,0.090535,0.737716,0.652124,0.014365,0.882502,0.685671,0.360464,0.867342,0.512057,0.615475,0.301267,0.037106,0.019666,0.024758,0.300622,0.637299,0.836995,0.005653,0.353147,0.007133,0.470128,0.530682,0.016382
36.9,0.996825908482204,0.002116055,1,0.309651,0.427393,0.062314,0.897970,0.495295,0.312164,0.845378,0.835194,0.010335,0.632467,0.320461,0.576820,0.553229,0.000000,0.355072,0.715355,0.817740,0.342108,0.813669,0.368633,0.445690,0.001033,0.313849,0.393391,0.000000,0.711083,0.000000,0.307748,0.370451,0.630815,0.033669,0.000000,0.650010,0.596876,0.432116,0.424950,0.009666,0.620524,0.629722,0.503486,0.365243,0.027479,0.327300,0.627812,0.339371,0.869733,0.391817,0.000000,0.472182,0.645099,0.033954,0.001120,0.381837,0.473884,0.661854,0.067509,0.525702,0.432200,0.045292,0.000000,0.019036,0.823135,0.363350,0.723097,0.035745,0.084628,0.392112,0.313341,0.624411,0.924462,0.595170,0.606167,0.614635,0.306852,0.526642,0.356106,0.001933,0.088554,0.736183,0.651945,0.009557,0.884255,0.686969,0.350989,0.868850,0.513024,0.612929,0.297168,0.039850,0.019805,0.023833,0.300154,0.631150,0.842802,0.010452,0.346757,0.005087,0.475837,0.525592,0.025443
37,0.996878376329043,0.002081077,1,0.307759,0.425962,0.046540,0.896670,0.493892,0.312038,0.844142,0.838520,0.015855,0.625454,0.320632,0.577511,0.564049,0.000000,0.355662,0.713360,0.816366,0.343165,0.820978,0.369557,0.457316,0.003937,0.308323,0.389716,0.011586,0.705376,0.001968,0.310138,0.371666,0.631228,0.030721,0.000000,0.641728,0.597869,0.421629,0.425223,0.005980,0.618990,0.619921,0.504447,0.369824,0.028123,0.335671,0.626780,0.339164,0.868808,0.392078,0.000000,0.470765,0.645710,0.022475,0.004690,0.379999,0.469948,0.662980,0.061122,0.528495,0.428244,0.044174,0.000000,0.019268,0.822816,0.364172,0.721317,0.034928,0.076894,0.393661,0.313799,0.621613,0.922168,0.589794,0.607220,0.611470,0.303153,0.525366,0.353156,0.000000,0.088167,0.737407,0.656794,0.013358,0.878761,0.687147,0.363723,0.871728,0.509432,0.615624,0.300945,0.037984,0.026292,0.018749,0.294099,0.638694,0.836824,0.012076,0.350449,0.005078,0.476318,0.527377,0.019439
37.1,0.996929976885356,0.002046676,1,0.307777,0.428974,0.049124,0.895322,0.503400,0.312814,0.846443,0.834703,0.012633,0.629524,0.320941,0.575949,0.555180,0.004004,0.354923,0.715684,0.816340,0.338317,0.824987,0.366833,0.456256,0.003179,0.315182,0.390044,0.003008,0.703896,0.005756,0.307064,0.368407,0.629524,0.033027,0.003154,0.648293,0.597020,0.422961,0.422895,0.000000,0.620445,0.618842,0.504650,0.369605,0.029895,0.335660,0.634839,0.339785,0.865244,0.392117,0.000000,0.472739,0.645964,0.028477,0.000000,0.382968,0.473996,0.661132,0.061394,0.525702,0.430924,0.046893,0.000000,0.017269,0.825393,0.362704,0.716993,0.034125,0.084457,0.397094,0.313915,0.620234,0.922800,0.594896,0.606486,0.613736,0.308604,0.527511,0.353323,0.000000,0.086174,0.737884,0.656571,0.014708,0.888996,0.687399,0.361738,0.867229,0.510143,0.615851,0.292577,0.035713,0.019732,0.014590,0.300683,0.633996,0.839407,0.009094,0.343829,0.003533,0.471985,0.524984,0.023830
37.2,0.996980724487168,0.002012845,1,0.311106,0.424531,0.047265,0.898378,0.500953,0.310741,0.851123,0.838321,0.013356,0.631748,0.321589,0.577665,0.563920,0.000000,0.356775,0.713881,0.817920,0.344993,0.822777,0.359350,0.453293,0.004539,0.310556,0.387304,0.012093,0.706157,0.001813,0.314759,0.360533,0.628197,0.032188,0.001114,0.641415,0.597247,0.435771,0.420793,0.006652,0.620204,0.629748,0.507057,0.370559,0.027477,0.329414,0.628986,0.341097,0.870987,0.392358,0.004792,0.471907,0.645264,0.023958,0.000000,0.385701,0.468376,0.658758,0.061674,0.525966,0.428542,0.043482,0.000000,0.017435,0.824456,0.363339,0.727267,0.032865,0.076207,0.396915,0.315971,0.619865,0.924694,0.595863,0.602404,0.613634,0.301517,0.524707,0.356892,0.006321,0.086688,0.737342,0.651801,0.012625,0.879504,0.686748,0.365132,0.870092,0.514163,0.616180,0.303066,0.036331,0.023392,0.023985,0.299331,0.630968,0.846886,0.011178,0.349992,0.004644,0.484366,0.531152,0.016095
37.3,0.997030633233547,0.001979573,1,0.310447,0.433775,0.059925,0.894201,0.500056,0.308966,0.846650,0.839085,0.008108,0.624638,0.320591,0.577911,0.550165,0.000000,0.357221,0.713822,0.816660,0.341452,0.812848,0.370206,0.453128,0.005853,0.307334,0.390742,0.001022,0.705815,0.000000,0.313285,0.362682,0.628442,0.032604,0.000100,0.648125,0.599193,0.423086,0.425466,0.006217,0.626440,0.629124,0.498830,0.364071,0.026424,0.335292,0.625340,0.340674,0.869761,0.394216,0.000000,0.473095,0.644928,0.033139,0.001741,0.389639,0.479207,0.658988,0.058330,0.525831,0.430674,0.043171,0.003669,0.018209,0.820101,0.363614,0.729948,0.034300,0.075296,0.395157,0.311526,0.618898,0.923383,0.591504,0.607160,0.615422,0.301050,0.525503,0.349866,0.001861,0.084713,0.736870,0.659235,0.008000,0.886214,0.686206,0.369819,0.867170,0.513575,0.619847,0.305260,0.037550,0.022476,0.025165,0.293800,0.640139,0.841289,0.002880,0.344751,0.007816,0.474931,0.531183,0.022832
37.4,0.997079716990518,0.00194685,1,0.308034,0.434572,0.053589,0.894244,0.495918,0.308301,0.850550,0.831968,0.017769,0.624373,0.322361,0.576733,0.551505,0.005400,0.357270,0.716614,0.818799,0.343301,0.820390,0.369220,0.457293,0.000000,0.307797,0.393173,0.000076,0.709061,0.003462,0.308594,0.375573,0.628005,0.030751,0.000000,0.647319,0.599562,0.431079,0.422625,0.004609,0.624008,0.627334,0.498679,0.367295,0.030438,0.333630,0.632541,0.340439,0.869731,0.393989,0.000000,0.470631,0.640255,0.021764,0.003054,0.390232,0.466649,0.660817,0.061770,0.526693,0.428839,0.045842,0.002705,0.016789,0.820627,0.366363,0.723606,0.031515,0.080952,0.398188,0.314140,0.623054,0.924061,0.592086,0.606800,0.615617,0.303126,0.529246,0.349219,0.000000,0.085795,0.736488,0.657612,0.016328,0.882066,0.687568,0.368078,0.870110,0.511865,0.613446,0.305977,0.036966,0.021539,0.019066,0.295259,0.636611,0.837804,0.004621,0.351700,0.001605,0.475360,0.519414,0.022942
37.5,0.997127989394916,0.001914669,1,0.308197,0.427922,0.049727,0.891591,0.500854,0.308390,0.844661,0.839044,0.022459,0.622867,0.321384,0.577271,0.560188,0.000362,0.355902,0.716916,0.817133,0.342781,0.816132,0.365280,0.447166,0.000000,0.310377,0.397018,0.000930,0.715393,0.001718,0.309990,0.361924,0.632454,0.031736,0.004654,0.652432,0.598467,0.422018,0.421378,0.006927,0.619709,0.619880,0.508727,0.370057,0.028240,0.332672,0.629167,0.340071,0.869334,0.394772,0.000000,0.472396,0.641933,0.021009,0.003376,0.378968,0.475493,0.664602,0.046688,0.526601,0.428724,0.040032,0.000557,0.016668,0.816611,0.363492,0.723373,0.032706,0.078893,0.395937,0.314998,0.620259,0.924323,0.594681,0.605163,0.613259,0.301387,0.527122,0.357063,0.000000,0.083488,0.738218,0.652048,0.010382,0.878884,0.686552,0.368067,0.868178,0.505988,0.619712,0.294812,0.034211,0.019361,0.007661,0.301241,0.632264,0.847006,0.002219,0.360052,0.000296,0.477072,0.521266,0.016101
37.6,0.997175463858172,0.00188302,1,0.308901,0.435033,0.054995,0.900450,0.498133,0.311033,0.850734,0.835471,0.010294,0.626281,0.321178,0.578994,0.555610,0.009665,0.352427,0.713777,0.817915,0.345170,0.824316,0.365310,0.450653,0.000000,0.309459,0.399737,0.010637,0.704214,0.003385,0.309977,0.373542,0.632367,0.031165,0.001458,0.654141,0.598978,0.435492,0.425002,0.009105,0.621759,0.620633,0.498853,0.375242,0.026820,0.331061,0.636471,0.340451,0.869354,0.393184,0.000000,0.472675,0.648768,0.024696,0.003218,0.383669,0.477240,0.663104,0.051271,0.529501,0.430353,0.043946,0.002129,0.016233,0.820333,0.364508,0.717374,0.032984,0.079572,0.399343,0.312442,0.623895,0.927530,0.596474,0.607549,0.617327,0.308310,0.529566,0.357593,0.000050,0.082645,0.735131,0.660686,0.011375,0.886931,0.685117,0.369890,0.869983,0.514923,0.614001,0.301470,0.037394,0.023991,0.018101,0.296320,0.631896,0.834531,0.006524,0.350509,0.000740,0.479584,0.522214,0.019635
37.7,0.99722215357004,0.001851893,1,0.308971,0.432622,0.045171,0.887610,0.506582,0.308217,0.844215,0.833774,0.013241,0.623917,0.322416,0.582522,0.555280,0.006500,0.354142,0.717800,0.817612,0.340466,0.821393,0.361015,0.447267,0.003507,0.308354,0.393322,0.003038,0.708983,0.000000,0.309429,0.369899,0.631183,0.030500,0.009197,0.651009,0.598754,0.434946,0.422899,0.003204,0.618660,0.623160,0.498423,0.369340,0.027904,0.329708,0.632184,0.341229,0.866934,0.395821,0.000000,0.472176,0.641838,0.029293,0.000000,0.380049,0.477618,0.665109,0.054696,0.527606,0.431722,0.043195,0.000533,0.016138,0.818932,0.363313,0.720794,0.030897,0.077447,0.397351,0.313460,0.622106,0.925976,0.593772,0.609049,0.619789,0.308210,0.528671,0.353927,0.000000,0.081739,0.735048,0.652931,0.017687,0.885870,0.685853,0.357727,0.871130,0.510569,0.619931,0.298654,0.032868,0.013919,0.016174,0.291919,0.637565,0.845443,0.006032,0.353284,0.006469,0.487650,0.520067,0.022158
37.8,0.99726807150226,0.001821282,1,0.308433,0.430598,0.042515,0.899039,0.508270,0.310436,0.851597,0.836074,0.006222,0.622606,0.324404,0.582644,0.552012,0.009702,0.357982,0.717234,0.818228,0.344201,0.820473,0.365622,0.455792,0.004647,0.311054,0.398451,0.011476,0.703465,0.004902,0.312077,0.367519,0.632107,0.027072,0.007929,0.644367,0.600826,0.428021,0.422685,0.007445,0.625847,0.638801,0.510270,0.376068,0.029640,0.337701,0.628671,0.341753,0.870527,0.395063,0.000000,0.472326,0.647116,0.028615,0.000000,0.388118,0.468874,0.661128,0.045080,0.527325,0.430146,0.042234,0.002251,0.015813,0.817473,0.363424,0.722214,0.029352,0.072746,0.393703,0.318196,0.625299,0.927971,0.593535,0.605137,0.614758,0.308694,0.533790,0.358623,0.000000,0.082132,0.734858,0.655853,0.006459,0.885827,0.687626,0.360608,0.869552,0.512845,0.614523,0.295845,0.034821,0.017327,0.006942,0.295791,0.634700,0.849479,0.003591,0.350139,0.002501,0.477920,0.516520,0.020355
37.9,0.997313230412161,0.001791176,1,0.307523,0.429372,0.043801,0.900222,0.508126,0.309729,0.849872,0.834185,0.018560,0.628942,0.322796,0.581763,0.558044,0.002205,0.356962,0.715043,0.817310,0.340659,0.822671,0.372631,0.456741,0.000000,0.316161,0.391353,0.006260,0.713915,0.000000,0.315062,0.374709,0.631478,0.025825,0.000000,0.646210,0.599828,0.430154,0.422625,0.007378,0.618108,0.625141,0.502568,0.371735,0.032082,0.330955,0.636135,0.342770,0.867765,0.396314,0.000000,0.468320,0.646442,0.018840,0.004511,0.385275,0.477705,0.659943,0.054833,0.528174,0.428153,0.037306,0.000000,0.015918,0.817118,0.367644,0.728698,0.029614,0.069628,0.400180,0.313473,0.621261,0.927485,0.591372,0.607804,0.620121,0.305375,0.529026,0.350819,0.000373,0.081810,0.736655,0.658374,0.008535,0.886828,0.686517,0.363621,0.870415,0.506773,0.619099,0.294774,0.035987,0.022930,0.018714,0.303011,0.634502,0.842870,0.008120,0.343394,0.001508,0.486659,0.528870,0.022831
38,0.997357642846204,0.001761568,1,0.309388,0.436821,0.049903,0.889046,0.514928,0.311098,0.845362,0.833130,0.014930,0.629234,0.324640,0.583144,0.559092,0.007968,0.354035,0.717445,0.819966,0.340936,0.820666,0.373991,0.447911,0.000000,0.319323,0.399826,0.009982,0.715704,0.000000,0.312088,0.374433,0.631183,0.027297,0.002500,0.654749,0.601224,0.432174,0.427823,0.002843,0.619515,0.632829,0.498707,0.365748,0.023832,0.334835,0.638944,0.343294,0.867042,0.394911,0.000678,0.469484,0.648055,0.019447,0.004030,0.386769,0.468561,0.666927,0.042264,0.527837,0.430901,0.036706,0.002210,0.014783,0.821161,0.366463,0.727794,0.030636,0.068008,0.399782,0.315061,0.621560,0.924662,0.594674,0.606824,0.617575,0.306805,0.535093,0.353241,0.000000,0.080273,0.736987,0.656841,0.011581,0.888126,0.686766,0.365129,0.867594,0.507038,0.615191,0.305873,0.034727,0.017362,0.019416,0.303862,0.632898,0.837455,0.005785,0.359422,0.000000,0.476115,0.518857,0.015996
38.1,0.99740132114347,0.001732449,1,0.312617,0.435678,0.048956,0.894381,0.507935,0.312030,0.847075,0.833187,0.011639,0.626075,0.323304,0.584762,0.559323,0.003237,0.355159,0.713358,0.817182,0.345088,0.829095,0.364772,0.457929,0.005394,0.312696,0.389684,0.004342,0.707372,0.000000,0.315968,0.372438,0.629539,0.026763,0.000000,0.650657,0.599627,0.424388,0.425997,0.000000,0.621415,0.632681,0.503299,0.369316,0.025002,0.339315,0.639356,0.342339,0.867201,0.396575,0.000898,0.472595,0.644463,0.028832,0.001111,0.389473,0.478733,0.663312,0.053158,0.530243,0.429225,0.041276,0.003886,0.014482,0.816385,0.366799,0.727583,0.028689,0.069916,0.396208,0.316451,0.618790,0.927187,0.591349,0.608210,0.622587,0.304666,0.534610,0.359227,0.000000,0.079755,0.737608,0.656824,0.011644,0.882115,0.687717,0.356228,0.867576,0.517045,0.620808,0.299517,0.031402,0.022439,0.007020,0.291986,0.637326,0.841638,0.003628,0.343264,0.000873,0.488078,0.529897,0.016884
38.2,0.997444277439081,0.001703812,1,0.311132,0.428415,0.038805,0.888446,0.507489,0.309775,0.847811,0.836782,0.008936,0.623249,0.323373,0.583396,0.568717,0.001542,0.352519,0.716039,0.818613,0.341715,0.828678,0.362211,0.458963,0.002838,0.316991,0.390142,0.007813,0.706824,0.000000,0.312026,0.374673,0.630347,0.026516,0.001642,0.654446,0.599373,0.436271,0.426648,0.010611,0.621907,0.634060,0.496210,0.371965,0.027299,0.340556,0.638750,0.342737,0.867261,0.396704,0.000000,0.472401,0.651397,0.031339,0.000000,0.392784,0.473786,0.664670,0.053633,0.529225,0.426161,0.036307,0.002745,0.013549,0.818691,0.365566,0.721805,0.028496,0.068900,0.395131,0.318620,0.623012,0.926019,0.595070,0.608153,0.625940,0.307471,0.530491,0.349988,0.004538,0.078699,0.737644,0.662415,0.015370,0.882434,0.687423,0.354293,0.867175,0.507448,0.620260,0.293917,0.034278,0.020694,0.013619,0.296560,0.635234,0.836354,0.008784,0.347629,0.007924,0.488266,0.527352,0.014566
38.3,0.997486523667579,0.001675648,1,0.312585,0.431552,0.051252,0.899451,0.502142,0.308985,0.849498,0.838519,0.020423,0.623496,0.326163,0.584323,0.564139,0.002609,0.356663,0.713209,0.820332,0.345572,0.824974,0.365949,0.453143,0.000000,0.314073,0.401974,0.001227,0.716147,0.000000,0.318617,0.379446,0.633469,0.026657,0.000000,0.653916,0.601653,0.425307,0.423889,0.000973,0.624462,0.634911,0.505357,0.368168,0.025702,0.330151,0.642672,0.343347,0.869813,0.398683,0.000000,0.469469,0.651425,0.023696,0.000000,0.388307,0.473869,0.666935,0.042802,0.528272,0.428625,0.039336,0.000000,0.013281,0.819892,0.368286,0.729393,0.028027,0.069538,0.400681,0.318980,0.622608,0.928016,0.592078,0.609833,0.625872,0.309070,0.532805,0.350770,0.005538,0.078922,0.735392,0.664958,0.008070,0.884610,0.687858,0.362869,0.868119,0.514533,0.615725,0.302443,0.030620,0.014297,0.017906,0.294565,0.640654,0.846459,0.009730,0.360584,0.002143,0.481720,0.517691,0.017657
38.4,0.997528071566235,0.001647949,1,0.310952,0.431660,0.044894,0.892869,0.505824,0.312013,0.851849,0.837259,0.013930,0.633769,0.324437,0.585753,0.554034,0.000000,0.355210,0.713239,0.817649,0.344717,0.822059,0.360297,0.453622,0.000765,0.310730,0.405941,0.000000,0.715550,0.000000,0.316184,0.368716,0.633125,0.026875,0.000000,0.642592,0.601200,0.436165,0.424899,0.000755,0.619757,0.641880,0.502180,0.370569,0.020998,0.338727,0.639846,0.342482,0.872495,0.398367,0.000000,0.468855,0.650557,0.028335,0.000373,0.386168,0.479696,0.666622,0.043530,0.531034,0.431145,0.034267,0.003895,0.013969,0.818632,0.366074,0.725608,0.026854,0.073535,0.400087,0.317546,0.623382,0.925847,0.598184,0.608968,0.627203,0.302052,0.532014,0.353711,0.000000,0.077397,0.735714,0.661515,0.009337,0.884652,0.688477,0.369376,0.868458,0.513914,0.618075,0.299562,0.031155,0.021857,0.013258,0.305053,0.640154,0.836343,0.003678,0.353278,0.002542,0.478100,0.526375,0.014239
38.5,0.997568932678312,0.001620709,1,0.309153,0.431350,0.044862,0.896673,0.508851,0.312333,0.844660,0.835267,0.015474,0.624105,0.325305,0.584513,0.554609,0.000000,0.354883,0.713437,0.818513,0.341654,0.833124,0.362994,0.459528,0.001793,0.321808,0.401302,0.005283,0.714338,0.001709,0.316004,0.374963,0.634222,0.026775,0.007456,0.645170,0.601138,0.433939,0.428362,0.000000,0.622350,0.626771,0.509095,0.378270,0.025021,0.339690,0.636782,0.343307,0.869740,0.398434,0.000960,0.468834,0.655993,0.020082,0.002783,0.384864,0.474837,0.662236,0.055521,0.532701,0.430495,0.038403,0.000000,0.013815,0.823302,0.366172,0.721298,0.026812,0.068003,0.398271,0.320972,0.621078,0.927216,0.595380,0.608259,0.619670,0.306461,0.536477,0.352951,0.002740,0.077049,0.736995,0.661238,0.006336,0.883709,0.687983,0.364341,0.869958,0.507759,0.617942,0.299256,0.031657,0.019682,0.009643,0.304205,0.636989,0.837556,0.009846,0.344496,0.008113,0.492845,0.524059,0.017385
38.6,0.997609118356271,0.001593918,1,0.310731,0.435789,0.045847,0.897257,0.502668,0.308416,0.851271,0.834585,0.015213,0.625534,0.326334,0.584596,0.565504,0.005861,0.358553,0.713130,0.818921,0.340287,0.829609,0.368447,0.460491,0.004487,0.312318,0.405001,0.010491,0.706014,0.000000,0.311288,0.377323,0.631650,0.025239,0.000000,0.653962,0.600887,0.429023,0.427867,0.010267,0.619108,0.640437,0.505613,0.373089,0.022741,0.339812,0.642692,0.344464,0.867301,0.400147,0.000000,0.467365,0.650718,0.016145,0.000000,0.391429,0.476363,0.666493,0.047012,0.529003,0.425210,0.035388,0.001896,0.013860,0.823633,0.365662,0.731300,0.025376,0.066243,0.398606,0.320428,0.623136,0.929551,0.598387,0.607136,0.628389,0.306950,0.539201,0.356417,0.005276,0.076378,0.735905,0.666237,0.015057,0.882775,0.688575,0.368058,0.869069,0.515123,0.614759,0.306013,0.029068,0.017993,0.013479,0.303859,0.639480,0.845630,0.008304,0.359878,0.002711,0.478038,0.517345,0.014571
38.7,0.997648639764926,0.001567571,1,0.307527,0.429218,0.044252,0.893619,0.508606,0.308844,0.845486,0.832832,0.006378,0.629906,0.325251,0.585858,0.567065,0.004602,0.354809,0.712954,0.818695,0.343662,0.829163,0.363051,0.460450,0.000000,0.322935,0.391744,0.000000,0.715998,0.000000,0.312278,0.372901,0.632560,0.025117,0.001495,0.642618,0.601334,0.431575,0.426515,0.012395,0.621604,0.627162,0.507515,0.378427,0.026474,0.340617,0.641724,0.343456,0.868519,0.398866,0.004425,0.472351,0.654123,0.023507,0.000000,0.387689,0.479505,0.669047,0.052941,0.531367,0.432053,0.034931,0.002154,0.013850,0.822130,0.366803,0.729037,0.025278,0.064709,0.401927,0.318884,0.620936,0.931468,0.595292,0.606988,0.622627,0.307294,0.535578,0.350690,0.002576,0.075294,0.737905,0.661161,0.008539,0.888116,0.688762,0.368508,0.868636,0.509790,0.614540,0.294527,0.030377,0.015377,0.020247,0.294217,0.635533,0.848747,0.006091,0.349757,0.002936,0.488769,0.517687,0.020836
38.8,0.997687507884541,0.001541659,1,0.309341,0.437773,0.046057,0.900160,0.503246,0.311543,0.847483,0.837374,0.016105,0.630359,0.326757,0.589451,0.560169,0.003829,0.355644,0.713998,0.820860,0.339378,0.832845,0.370977,0.449805,0.000158,0.322346,0.395541,0.002694,0.713552,0.007407,0.312257,0.369732,0.633431,0.023986,0.000000,0.655097,0.603729,0.430696,0.424868,0.001325,0.624549,0.627436,0.498654,0.370636,0.022240,0.339415,0.640293,0.344097,0.869056,0.398750,0.007302,0.469383,0.651717,0.025545,0.000000,0.392740,0.482045,0.664393,0.036135,0.531505,0.431510,0.033373,0.001029,0.013086,0.822671,0.366472,0.730840,0.023526,0.063475,0.404257,0.321562,0.624101,0.929980,0.593722,0.609138,0.620221,0.303399,0.536988,0.358754,0.000000,0.074439,0.737520,0.664907,0.008683,0.885373,0.688298,0.360683,0.869678,0.508183,0.619373,0.293551,0.031576,0.019064,0.016339,0.304685,0.640664,0.838254,0.003837,0.346547,0.000781,0.486816,0.520669,0.017694
38.9,0.997725733513886,0.001516175,1,0.310289,0.433672,0.038203,0.892928,0.506100,0.308816,0.852624,0.835788,0.007460,0.628878,0.326813,0.586176,0.557984,0.004542,0.356086,0.715271,0.818194,0.340101,0.820809,0.373169,0.455849,0.000000,0.317189,0.395914,0.004435,0.712680,0.000000,0.319787,0.370112,0.633662,0.023203,0.000000,0.648670,0.603690,0.431042,0.424891,0.008316,0.619322,0.633155,0.510854,0.374342,0.025904,0.336678,0.640261,0.344047,0.874245,0.400127,0.003294,0.467046,0.654990,0.017283,0.000000,0.397837,0.479340,0.664309,0.037672,0.529721,0.426679,0.031707,0.003603,0.013298,0.823202,0.367252,0.728218,0.025838,0.068830,0.401672,0.318952,0.624322,0.930787,0.594128,0.609015,0.630883,0.310158,0.538596,0.356752,0.002653,0.073264,0.735528,0.661049,0.015915,0.884680,0.685538,0.372265,0.871472,0.516525,0.616244,0.305857,0.029748,0.015319,0.012373,0.298257,0.640723,0.849114,0.006765,0.353317,0.007640,0.483918,0.524339,0.012650
39,0.997763327273233,0.001491113,1,0.311279,0.430043,0.032685,0.886711,0.518470,0.308668,0.846305,0.836692,0.011306,0.628761,0.327649,0.589603,0.565729,0.001086,0.357271,0.716672,0.818233,0.344075,0.821659,0.371795,0.458742,0.004367,0.325279,0.391847,0.005690,0.703581,0.003362,0.320214,0.368273,0.631297,0.023045,0.000000,0.645405,0.603349,0.433992,0.427098,0.000007,0.626946,0.645225,0.510192,0.374060,0.027722,0.342486,0.646295,0.345424,0.871328,0.401665,0.000440,0.469738,0.657401,0.022255,0.001103,0.397085,0.477949,0.668796,0.046600,0.531273,0.428669,0.032764,0.002178,0.011795,0.821607,0.364655,0.729104,0.023221,0.068396,0.402944,0.322869,0.624372,0.931497,0.597894,0.610429,0.630177,0.306552,0.536271,0.356870,0.000000,0.072052,0.735964,0.660154,0.014940,0.880720,0.687498,0.373960,0.870311,0.517285,0.615279,0.300963,0.031427,0.010633,0.007915,0.305706,0.640183,0.839275,0.004501,0.347556,0.000000,0.494414,0.516919,0.019827
39.1,0.997800299607306,0.001466465,1,0.311814,0.439087,0.038030,0.887928,0.521694,0.310681,0.847349,0.837148,0.014102,0.633453,0.326639,0.589508,0.562359,0.000000,0.356177,0.712852,0.817699,0.343097,0.835322,0.368456,0.459297,0.000058,0.326470,0.396733,0.000000,0.716162,0.000000,0.312606,0.374952,0.632171,0.020659,0.000957,0.648336,0.601899,0.422512,0.426693,0.000000,0.619146,0.643622,0.509648,0.377447,0.018952,0.336773,0.639115,0.344657,0.875258,0.401339,0.004281,0.471985,0.659974,0.018657,0.004271,0.401155,0.471004,0.669593,0.041343,0.531616,0.429327,0.032704,0.002775,0.012050,0.817458,0.364909,0.727525,0.022530,0.063825,0.399306,0.319875,0.622672,0.929723,0.595887,0.606549,0.631447,0.305649,0.541290,0.356118,0.001462,0.072367,0.736572,0.660676,0.009473,0.883971,0.687646,0.357780,0.867838,0.518242,0.620073,0.305597,0.027172,0.016449,0.018967,0.296035,0.643160,0.844695,0.006590,0.348268,0.007531,0.495117,0.528086,0.015894
39.2,0.997836660788186,0.001442224,1,0.310757,0.438517,0.041122,0.892449,0.514447,0.309900,0.851607,0.835238,0.008285,0.630934,0.327880,0.590031,0.574291,0.000000,0.352740,0.714157,0.819220,0.345694,0.826825,0.374907,0.449651,0.000000,0.320435,0.405547,0.004479,0.709813,0.005107,0.319142,0.368761,0.632385,0.021775,0.000000,0.655166,0.604446,0.435651,0.426121,0.009631,0.617989,0.633965,0.498396,0.376357,0.023048,0.333105,0.637454,0.345800,0.873320,0.399761,0.002626,0.470171,0.650206,0.015053,0.000038,0.390053,0.482495,0.671174,0.035601,0.533544,0.429905,0.031295,0.002654,0.011555,0.816417,0.367959,0.733416,0.023992,0.059894,0.399272,0.320114,0.622013,0.928281,0.596792,0.605683,0.626937,0.305337,0.539104,0.355412,0.004105,0.070830,0.734972,0.667250,0.015444,0.885521,0.687678,0.357883,0.870539,0.512414,0.615801,0.305572,0.028252,0.015519,0.009626,0.298415,0.640305,0.838944,0.005090,0.362260,0.000000,0.488296,0.524563,0.019605
39.3,0.997872420918159,0.001418384,1,0.310702,0.440817,0.034038,0.894818,0.514923,0.308484,0.851143,0.833886,0.018277,0.626417,0.327735,0.591879,0.559274,0.002123,0.358082,0.717662,0.820719,0.340368,0.828380,0.360223,0.459740,0.001489,0.327097,0.403597,0.003097,0.703358,0.000000,0.319313,0.377629,0.632718,0.019839,0.000000,0.657189,0.602329,0.426332,0.426117,0.010670,0.623569,0.643705,0.511959,0.371776,0.026072,0.339682,0.644841,0.343618,0.874677,0.402358,0.000000,0.466803,0.652631,0.026929,0.000833,0.398106,0.481464,0.664613,0.043802,0.530906,0.430047,0.029171,0.001912,0.011919,0.816748,0.364723,0.729609,0.022250,0.059714,0.400138,0.320131,0.619008,0.930746,0.599411,0.611977,0.621921,0.310657,0.540138,0.354159,0.004087,0.070953,0.736345,0.660777,0.005877,0.887799,0.688459,0.375439,0.870918,0.520287,0.618246,0.303209,0.029133,0.013246,0.014098,0.304462,0.639077,0.846595,0.005566,0.361218,0.000000,0.494956,0.523181,0.011114
39.4,0.997907589932528,0.001394938,1,0.309409,0.440484,0.041599,0.894736,0.518850,0.311546,0.849762,0.832950,0.014686,0.622651,0.327478,0.591458,0.570778,0.006340,0.354642,0.716188,0.821433,0.346400,0.831633,0.370933,0.457127,0.000000,0.317649,0.406357,0.011058,0.704360,0.000000,0.315248,0.375858,0.636731,0.019098,0.003209,0.657412,0.604591,0.425863,0.427653,0.000000,0.625415,0.639758,0.497970,0.369810,0.024625,0.342015,0.637739,0.343990,0.873507,0.401739,0.006529,0.471734,0.654092,0.015278,0.004131,0.401320,0.470469,0.667109,0.049526,0.530923,0.428574,0.031869,0.000869,0.010960,0.823548,0.367405,0.732741,0.021276,0.064354,0.407101,0.322337,0.620504,0.929458,0.597725,0.606394,0.628476,0.304093,0.545094,0.354716,0.002592,0.070440,0.735235,0.668683,0.011508,0.886740,0.686355,0.375850,0.867903,0.512873,0.621712,0.305498,0.026379,0.015778,0.013025,0.302959,0.637435,0.843171,0.003772,0.357039,0.000000,0.495888,0.526882,0.015720
39.5,0.99794217760237,0.00137188,1,0.311051,0.439105,0.038570,0.896554,0.514862,0.311341,0.851118,0.836705,0.003194,0.631158,0.327914,0.591403,0.570939,0.000000,0.352952,0.716818,0.818481,0.343840,0.825039,0.372395,0.462466,0.000000,0.322123,0.404985,0.006382,0.706438,0.000000,0.314712,0.372040,0.636993,0.021072,0.005681,0.651987,0.604939,0.433347,0.426171,0.007937,0.620005,0.633232,0.510390,0.371178,0.025659,0.336384,0.650216,0.346377,0.873895,0.403325,0.000000,0.471974,0.658068,0.023939,0.000905,0.396303,0.479414,0.671651,0.043389,0.533095,0.427194,0.032471,0.000000,0.011755,0.824811,0.366461,0.722572,0.022082,0.066513,0.407138,0.319440,0.624188,0.929636,0.596123,0.606579,0.628877,0.307086,0.543622,0.361050,0.001839,0.068582,0.736201,0.669506,0.012948,0.883684,0.688467,0.366638,0.871504,0.513729,0.620672,0.300912,0.028340,0.016713,0.010718,0.294792,0.637299,0.842711,0.000782,0.354270,0.001970,0.487366,0.528859,0.013340
39.6,0.99797619353725,0.001349203,1,0.313705,0.440300,0.035241,0.890739,0.522830,0.310973,0.844859,0.833006,0.007772,0.625984,0.330010,0.592890,0.562706,0.000000,0.352829,0.713018,0.818709,0.347368,0.828777,0.361335,0.451289,0.002241,0.322471,0.401584,0.009647,0.715308,0.000000,0.320191,0.376223,0.633673,0.020923,0.000981,0.649789,0.603340,0.429928,0.427492,0.002274,0.626555,0.646805,0.509964,0.379990,0.025117,0.343742,0.651338,0.345836,0.871100,0.403311,0.001251,0.468999,0.662685,0.017804,0.000000,0.399365,0.478057,0.670373,0.032592,0.533735,0.428195,0.032413,0.000000,0.011388,0.819198,0.367547,0.724922,0.021392,0.063120,0.402459,0.320907,0.620112,0.929752,0.596090,0.608913,0.622977,0.308975,0.546536,0.353357,0.003618,0.068360,0.737792,0.666374,0.009418,0.881203,0.687321,0.360827,0.869379,0.512143,0.618523,0.303354,0.028857,0.018603,0.015409,0.298706,0.639748,0.845964,0.000604,0.345710,0.000000,0.491900,0.521505,0.014790
39.7,0.998009647187892,0.0013269,1,0.313150,0.441315,0.044717,0.886171,0.517421,0.309766,0.850198,0.836060,0.004327,0.632656,0.330481,0.591064,0.578857,0.004319,0.354433,0.713878,0.819923,0.345915,0.823621,0.362151,0.458212,0.003194,0.321117,0.408450,0.010703,0.711257,0.003815,0.316665,0.380580,0.636023,0.018312,0.000000,0.644378,0.605122,0.436250,0.427268,0.006431,0.621781,0.646312,0.503898,0.377992,0.017178,0.339619,0.651255,0.345118,0.871677,0.403159,0.003207,0.467678,0.653774,0.024233,0.000000,0.397608,0.472782,0.666908,0.035816,0.534760,0.427967,0.031462,0.000000,0.010627,0.819023,0.368977,0.732916,0.022185,0.061675,0.407627,0.325399,0.620394,0.929597,0.599338,0.610841,0.627592,0.307260,0.541370,0.353865,0.001356,0.067709,0.735668,0.666736,0.006922,0.884328,0.686658,0.363423,0.871896,0.518522,0.617749,0.303397,0.028796,0.009055,0.015916,0.302686,0.640442,0.849657,0.003211,0.351786,0.000503,0.495305,0.523239,0.013963
39.8,0.998042547848803,0.001304967,1,0.309458,0.440317,0.037226,0.889883,0.511064,0.309699,0.844363,0.839117,0.010316,0.631760,0.328790,0.593274,0.564099,0.006359,0.354061,0.716832,0.820751,0.340320,0.829998,0.363023,0.455647,0.000000,0.326442,0.396302,0.005736,0.710945,0.006964,0.318383,0.370773,0.633225,0.019556,0.004104,0.643627,0.603136,0.423078,0.426621,0.010976,0.619007,0.643190,0.512764,0.378997,0.023126,0.338792,0.646915,0.345571,0.872896,0.403383,0.000000,0.470103,0.653425,0.015229,0.000000,0.396759,0.481098,0.669766,0.035131,0.531321,0.429992,0.030299,0.000819,0.009910,0.820946,0.369043,0.726007,0.021529,0.059326,0.406439,0.320796,0.621375,0.933016,0.594922,0.606550,0.627870,0.309509,0.547590,0.360445,0.004509,0.066302,0.737812,0.668487,0.004862,0.881790,0.688173,0.373574,0.871274,0.515953,0.620611,0.294202,0.028028,0.016877,0.006885,0.298682,0.643506,0.843020,0.007260,0.364477,0.003091,0.480781,0.523837,0.012661
39.9,0.998074904660856,0.001283396,1,0.309022,0.435055,0.040779,0.885872,0.510815,0.312863,0.852455,0.833104,0.003205,0.631042,0.330406,0.594103,0.572277,0.000000,0.352353,0.714716,0.819188,0.340454,0.834836,0.361013,0.461849,0.000000,0.327266,0.394526,0.000000,0.706931,0.000000,0.321626,0.382148,0.634333,0.020727,0.000000,0.653836,0.603898,0.430578,0.428134,0.010635,0.623353,0.634651,0.507766,0.376038,0.018501,0.336475,0.640281,0.346962,0.873586,0.404378,0.008391,0.469760,0.657828,0.019667,0.001187,0.396410,0.478213,0.672695,0.038641,0.532016,0.429488,0.029519,0.000000,0.010662,0.823592,0.368909,0.735903,0.019047,0.055553,0.405334,0.322423,0.623575,0.930703,0.594914,0.610490,0.626841,0.310640,0.547118,0.360805,0.006245,0.065913,0.736514,0.670036,0.007574,0.887922,0.687121,0.364412,0.871320,0.518088,0.618586,0.297756,0.027934,0.007765,0.014576,0.300178,0.643271,0.846194,0.002545,0.351448,0.005697,0.491514,0.520854,0.014940
40,0.998106726613831,0.001262181,1,0.311688,0.441172,0.035513,0.889300,0.524052,0.311685,0.845288,0.833262,0.009168,0.632028,0.331155,0.595794,0.562058,0.000000,0.357676,0.715450,0.819889,0.342325,0.839707,0.365692,0.462375,0.000000,0.321370,0.406007,0.002157,0.712978,0.000000,0.319222,0.373682,0.637854,0.016999,0.005138,0.650083,0.605631,0.434694,0.428323,0.000000,0.619621,0.647854,0.507879,0.377165,0.022456,0.343559,0.643175,0.347080,0.875825,0.403513,0.000000,0.472881,0.657108,0.023027,0.000000,0.399446,0.475392,0.667463,0.030677,0.534442,0.427512,0.028906,0.000000,0.010753,0.817038,0.366029,0.729930,0.018591,0.062461,0.407194,0.325850,0.618821,0.932514,0.595112,0.611983,0.631804,0.303611,0.543928,0.357041,0.000690,0.065602,0.737813,0.670281,0.008323,0.887976,0.686322,0.373271,0.868916,0.518510,0.621167,0.294333,0.025844,0.009100,0.000725,0.302312,0.637558,0.849855,0.005236,0.352937,0.000411,0.481367,0.526264,0.011422
40.1,0.998138022548909,0.001241317,1,0.312468,0.435525,0.026722,0.886989,0.516603,0.310254,0.847638,0.839373,0.006226,0.622991,0.329745,0.593507,0.572448,0.007364,0.353109,0.717698,0.820482,0.347469,0.833822,0.370364,0.461492,0.000000,0.328780,0.395117,0.006951,0.709861,0.000000,0.319276,0.379456,0.633369,0.018356,0.000000,0.658278,0.604272,0.423611,0.428181,0.007039,0.627218,0.650866,0.513693,0.375968,0.022869,0.338766,0.651961,0.345486,0.870799,0.404683,0.000000,0.473220,0.662516,0.019607,0.000000,0.396762,0.484286,0.670868,0.037963,0.532537,0.431232,0.028014,0.002200,0.010456,0.821934,0.365892,0.724435,0.020304,0.062159,0.405848,0.322645,0.625031,0.931445,0.597347,0.608144,0.625179,0.303051,0.548927,0.355195,0.000000,0.065129,0.737656,0.666284,0.011373,0.891764,0.688436,0.364383,0.871705,0.519470,0.619715,0.297408,0.027064,0.015625,0.005455,0.301677,0.639799,0.848286,0.005909,0.351044,0.000000,0.481587,0.518714,0.011949
40.2,0.998168801161129,0.001220798,1,0.310749,0.435518,0.040637,0.892582,0.516944,0.311235,0.849239,0.836093,0.009953,0.627703,0.330175,0.593630,0.577721,0.000080,0.351790,0.714158,0.821567,0.341229,0.826238,0.364211,0.456687,0.000000,0.318981,0.393490,0.000000,0.713377,0.000000,0.319278,0.370267,0.635904,0.016797,0.005485,0.653753,0.605905,0.434646,0.431178,0.003022,0.623482,0.649172,0.499502,0.377266,0.020226,0.335939,0.646466,0.346045,0.870797,0.405118,0.000000,0.471621,0.662765,0.017189,0.003434,0.404059,0.482618,0.668957,0.043044,0.533582,0.430834,0.029009,0.000000,0.010016,0.817923,0.367733,0.729666,0.018698,0.055971,0.405869,0.323617,0.625349,0.931351,0.601088,0.611522,0.628116,0.311006,0.548021,0.359040,0.002295,0.064762,0.736032,0.665714,0.002217,0.885496,0.687661,0.364410,0.867491,0.512321,0.620214,0.298051,0.023836,0.009271,0.008779,0.297635,0.637688,0.849881,0.001755,0.359765,0.004076,0.495868,0.519183,0.012112
40.3,0.998199071001804,0.001200618,1,0.313728,0.436420,0.026057,0.896995,0.522113,0.310499,0.851176,0.835194,0.011174,0.623654,0.331447,0.595275,0.581199,0.000000,0.356971,0.715277,0.821283,0.342272,0.832675,0.364994,0.461206,0.000000,0.320785,0.409441,0.000942,0.705301,0.008460,0.320725,0.376108,0.633524,0.016983,0.005612,0.650099,0.606003,0.432851,0.430094,0.010192,0.617768,0.652018,0.501693,0.382538,0.021393,0.342354,0.652111,0.346564,0.873838,0.406715,0.000000,0.470785,0.666558,0.020406,0.003645,0.405390,0.480054,0.671543,0.043562,0.534489,0.429911,0.028959,0.003275,0.009327,0.819860,0.365268,0.732091,0.017450,0.056314,0.403659,0.326173,0.620570,0.934320,0.597012,0.608229,0.631081,0.306885,0.550461,0.358890,0.000000,0.062862,0.737610,0.674195,0.012882,0.881251,0.686830,0.376131,0.866632,0.514360,0.621478,0.306614,0.024398,0.016786,0.010597,0.298791,0.637679,0.839070,0.000899,0.354250,0.000000,0.489138,0.529894,0.010141
40.4,0.998228840480899,0.001180772,1,0.313392,0.441845,0.031353,0.894456,0.516375,0.309676,0.850043,0.839751,0.006202,0.632215,0.331138,0.598159,0.579719,0.000000,0.353424,0.716655,0.819757,0.343023,0.827127,0.369788,0.455274,0.000000,0.325353,0.391237,0.000849,0.704070,0.000000,0.322508,0.370855,0.633307,0.016988,0.003131,0.645177,0.606370,0.427604,0.430587,0.005565,0.622305,0.639534,0.506087,0.376430,0.019672,0.341788,0.655969,0.347682,0.875261,0.406131,0.004768,0.469432,0.667389,0.015213,0.000000,0.408353,0.482029,0.672468,0.042870,0.535767,0.426933,0.026246,0.000000,0.008329,0.819606,0.369153,0.735812,0.016235,0.053869,0.409982,0.322864,0.621594,0.931342,0.597259,0.608318,0.634438,0.304562,0.550805,0.358419,0.003316,0.064008,0.737951,0.668813,0.008371,0.886434,0.688744,0.371212,0.867840,0.514138,0.619632,0.298232,0.024364,0.010750,0.002545,0.304196,0.640599,0.846119,0.007469,0.346941,0.000875,0.496957,0.517474,0.010597
40.5,0.998258117869363,0.001161254,1,0.312990,0.442246,0.030610,0.886786,0.521994,0.311565,0.845493,0.837071,0.014828,0.626060,0.331941,0.595608,0.573745,0.000914,0.355163,0.715880,0.821614,0.340854,0.827575,0.367917,0.457568,0.000000,0.325592,0.395077,0.000000,0.712631,0.000000,0.318955,0.377632,0.638034,0.017408,0.000000,0.644053,0.604825,0.432996,0.431935,0.005380,0.623704,0.655027,0.501042,0.376578,0.017930,0.336556,0.654578,0.347760,0.870761,0.406695,0.001771,0.469275,0.661259,0.012582,0.003481,0.399026,0.481163,0.671627,0.035124,0.533282,0.427459,0.027101,0.000758,0.008384,0.818478,0.366297,0.730783,0.015965,0.054622,0.404862,0.327800,0.622413,0.935268,0.598252,0.609724,0.633045,0.307472,0.549488,0.355852,0.003829,0.061858,0.735493,0.672443,0.009266,0.883273,0.686550,0.363615,0.869464,0.513973,0.623088,0.301773,0.024302,0.010044,0.000000,0.306820,0.645910,0.842667,0.000000,0.354223,0.006323,0.499122,0.518375,0.009990
40.6,0.99828691130143,0.001142058,1,0.310360,0.441642,0.036437,0.900087,0.527543,0.310862,0.847311,0.839018,0.012101,0.627042,0.332432,0.596271,0.568996,0.001991,0.352921,0.714518,0.822155,0.341658,0.826396,0.362587,0.452764,0.002718,0.327307,0.404075,0.000000,0.703578,0.006018,0.316866,0.371236,0.638457,0.017527,0.000000,0.653720,0.607519,0.420665,0.428332,0.002573,0.617975,0.644252,0.505936,0.379943,0.021112,0.343134,0.654466,0.346261,0.870699,0.407453,0.000000,0.473088,0.659314,0.015793,0.001326,0.406928,0.483962,0.667904,0.025987,0.534470,0.427284,0.027268,0.000000,0.008513,0.825535,0.368703,0.732226,0.017403,0.049882,0.408517,0.323709,0.622300,0.935204,0.597509,0.609447,0.632958,0.311409,0.548662,0.360368,0.000000,0.062151,0.736992,0.669207,0.004311,0.887864,0.688919,0.364078,0.866228,0.518131,0.617446,0.296712,0.022476,0.006391,0.014037,0.304472,0.642538,0.842064,0.003046,0.361724,0.000000,0.486771,0.526527,0.012888
40.7,0.998315228776877,0.00112318,1,0.310274,0.436376,0.029328,0.901553,0.528575,0.312450,0.847119,0.837801,0.000444,0.624674,0.331720,0.597271,0.569050,0.000755,0.351452,0.716274,0.820666,0.346571,0.834258,0.361952,0.464860,0.000596,0.321549,0.395148,0.005488,0.710109,0.002468,0.317875,0.380940,0.634604,0.017909,0.000000,0.657856,0.606593,0.430457,0.428523,0.000000,0.618633,0.651285,0.503046,0.380463,0.020933,0.346282,0.648266,0.347553,0.872312,0.407098,0.000000,0.469623,0.659893,0.024171,0.002050,0.405280,0.481742,0.674057,0.035188,0.533368,0.425933,0.023958,0.000000,0.008074,0.818048,0.368379,0.726240,0.015716,0.054959,0.410200,0.326863,0.623710,0.934547,0.601503,0.610033,0.630538,0.303752,0.552605,0.359637,0.000000,0.060304,0.738224,0.666740,0.003807,0.891678,0.686016,0.378600,0.868954,0.516940,0.621824,0.301863,0.024111,0.007001,0.013187,0.298399,0.646164,0.849935,0.000000,0.360915,0.006179,0.490749,0.531667,0.010656
40.8,0.998343078163248,0.001104614,1,0.309288,0.436245,0.023929,0.893354,0.525472,0.311114,0.844100,0.838556,0.006040,0.624665,0.333926,0.598424,0.583896,0.000000,0.355112,0.714551,0.822448,0.342438,0.831384,0.364624,0.459588,0.000000,0.328782,0.407656,0.007459,0.714761,0.001687,0.323732,0.371456,0.634414,0.014360,0.001929,0.648587,0.605614,0.428502,0.431801,0.007399,0.620107,0.656557,0.504171,0.380886,0.022463,0.345174,0.649040,0.346339,0.875178,0.407331,0.000000,0.470663,0.665981,0.014329,0.000000,0.410521,0.479946,0.673476,0.041530,0.536176,0.428421,0.023849,0.000000,0.007773,0.818386,0.367650,0.730053,0.015796,0.057035,0.405752,0.326908,0.620375,0.932738,0.599447,0.610373,0.636144,0.305519,0.552122,0.356278,0.000000,0.060134,0.737388,0.667633,0.002791,0.884202,0.688053,0.371144,0.869732,0.518958,0.620112,0.295145,0.020958,0.013461,0.009153,0.304690,0.646397,0.846919,0.005507,0.359910,0.003286,0.484764,0.524810,0.009472
40.9,0.998370467198038,0.001086354,1,0.310679,0.441916,0.026380,0.890404,0.518567,0.309870,0.850103,0.839574,0.011481,0.622914,0.334417,0.601018,0.581791,0.000000,0.353746,0.714409,0.822179,0.344263,0.835293,0.369109,0.456976,0.000000,0.334659,0.399508,0.009167,0.708922,0.005278,0.321666,0.375996,0.637295,0.016913,0.000000,0.645437,0.607146,0.424123,0.431722,0.003530,0.621007,0.657352,0.500604,0.377205,0.014102,0.339611,0.654796,0.346671,0.871884,0.409433,0.000000,0.470811,0.660031,0.018692,0.000000,0.405289,0.478049,0.672709,0.038787,0.536858,0.427607,0.021202,0.000095,0.007792,0.819134,0.365090,0.732597,0.016848,0.056575,0.405696,0.326064,0.623148,0.935245,0.597941,0.610215,0.633358,0.304855,0.551450,0.354669,0.000000,0.060474,0.735172,0.674057,0.008004,0.886422,0.687844,0.369086,0.868527,0.516965,0.617730,0.294544,0.021339,0.010669,0.006212,0.303927,0.647851,0.837619,0.005121,0.358032,0.007313,0.493422,0.528978,0.013232
41,0.998397403490842,0.001068397,1,0.312128,0.436195,0.032943,0.888696,0.519206,0.311366,0.851515,0.833668,0.003677,0.628872,0.333955,0.599232,0.571658,0.000360,0.354638,0.714025,0.820384,0.342553,0.836596,0.368424,0.457836,0.000607,0.329429,0.406618,0.003689,0.716752,0.005887,0.319300,0.376036,0.634159,0.014081,0.002571,0.645559,0.607099,0.431069,0.432604,0.003615,0.625639,0.653094,0.513415,0.381003,0.016399,0.344843,0.657866,0.347446,0.873150,0.409942,0.000000,0.468518,0.662270,0.013614,0.000000,0.406897,0.474565,0.671852,0.037301,0.535905,0.426986,0.020861,0.000056,0.007848,0.822919,0.365479,0.728780,0.016609,0.055963,0.406931,0.325605,0.623768,0.932543,0.599293,0.609056,0.638907,0.303351,0.552861,0.355707,0.000854,0.058558,0.738022,0.668927,0.005584,0.892687,0.686086,0.375960,0.871484,0.521825,0.619970,0.295973,0.023832,0.010622,0.000000,0.299588,0.640909,0.850785,0.006118,0.364747,0.003469,0.490338,0.520106,0.008060
41.1,0.998423894525474,0.001050736,1,0.314445,0.444091,0.023093,0.887985,0.531226,0.312088,0.852751,0.836820,0.000114,0.633609,0.334076,0.599488,0.581411,0.000000,0.354493,0.714643,0.819303,0.347689,0.833970,0.372105,0.455116,0.000000,0.322851,0.394087,0.000000,0.711218,0.008155,0.317491,0.377968,0.634917,0.016949,0.006169,0.656977,0.605865,0.427838,0.429246,0.000000,0.627313,0.645346,0.504532,0.380482,0.014642,0.337950,0.652118,0.348489,0.875163,0.408265,0.000000,0.466948,0.662177,0.015944,0.000000,0.407864,0.481838,0.672702,0.030356,0.535462,0.430650,0.022901,0.000646,0.008538,0.819641,0.365994,0.725359,0.014834,0.049402,0.406862,0.324857,0.622200,0.931871,0.599212,0.612216,0.638946,0.308608,0.555919,0.355110,0.000000,0.057896,0.736381,0.669000,0.007244,0.888829,0.687607,0.378291,0.867620,0.515341,0.623923,0.300880,0.020671,0.010963,0.000000,0.305329,0.640957,0.850618,0.002476,0.357746,0.003537,0.494247,0.522379,0.010256
41.2,0.998449947662038,0.001033368,1,0.309831,0.436663,0.030723,0.896057,0.532675,0.309976,0.845036,0.835728,0.010739,0.628380,0.335260,0.601018,0.574812,0.000000,0.353988,0.714833,0.819353,0.345903,0.830421,0.366440,0.457778,0.000000,0.329239,0.397034,0.008413,0.703777,0.000000,0.325703,0.378197,0.638538,0.014846,0.000000,0.659346,0.607136,0.421316,0.429916,0.000282,0.617948,0.651702,0.508195,0.382795,0.018625,0.346482,0.649235,0.347649,0.877334,0.408221,0.000000,0.471403,0.661590,0.013873,0.001025,0.407629,0.476013,0.671458,0.033921,0.537800,0.428708,0.019666,0.000000,0.007822,0.819009,0.367636,0.737073,0.015770,0.050390,0.409698,0.328495,0.622102,0.935919,0.601664,0.612952,0.642354,0.308518,0.554100,0.354302,0.000000,0.057451,0.736941,0.673759,0.013296,0.883194,0.686149,0.381295,0.866548,0.511098,0.621372,0.295217,0.021812,0.006219,0.009719,0.298459,0.648141,0.843610,0.001871,0.352560,0.000000,0.488231,0.528802,0.014092
41.3,0.998475570138982,0.001016286,1,0.311948,0.440300,0.033218,0.897457,0.525419,0.311699,0.852267,0.835811,0.008209,0.623257,0.335803,0.603242,0.576216,0.007941,0.354998,0.715913,0.819056,0.341799,0.838061,0.374922,0.456149,0.000144,0.323944,0.409756,0.009552,0.704042,0.004437,0.324981,0.378816,0.635889,0.013043,0.000862,0.647782,0.606529,0.423538,0.430152,0.000000,0.622290,0.646933,0.512887,0.384773,0.017177,0.345299,0.654954,0.347814,0.878194,0.410865,0.004159,0.469824,0.668829,0.014853,0.000898,0.401927,0.474097,0.673204,0.031980,0.537871,0.428651,0.022557,0.000566,0.007153,0.820577,0.369466,0.727109,0.013566,0.045576,0.409383,0.329597,0.622308,0.934727,0.597717,0.610235,0.634703,0.311609,0.553289,0.359630,0.004099,0.057110,0.735151,0.673391,0.001896,0.892381,0.686140,0.372026,0.869073,0.511494,0.617598,0.304026,0.020956,0.010833,0.002868,0.308280,0.640453,0.848533,0.006068,0.349090,0.002532,0.490989,0.531555,0.011385
41.4,0.998500769075099,0.000999487,1,0.313303,0.438181,0.022203,0.901197,0.533894,0.309571,0.844875,0.833691,0.007801,0.630646,0.334135,0.602003,0.572315,0.000147,0.353254,0.717767,0.819661,0.341725,0.835141,0.364474,0.456358,0.004340,0.331053,0.407807,0.009126,0.713911,0.000000,0.325133,0.381639,0.637533,0.012719,0.004057,0.648711,0.606760,0.427739,0.433621,0.005438,0.623827,0.659915,0.509069,0.374995,0.020155,0.347584,0.655516,0.347696,0.878340,0.410269,0.005370,0.472401,0.667305,0.014077,0.000000,0.404523,0.482122,0.671237,0.030147,0.536878,0.428243,0.021586,0.000000,0.007886,0.824479,0.366266,0.738476,0.014023,0.053444,0.414273,0.326677,0.619168,0.935718,0.596692,0.613218,0.640880,0.303626,0.555773,0.362446,0.000000,0.057084,0.736933,0.676687,0.005184,0.888476,0.687428,0.366261,0.867328,0.517945,0.620471,0.299924,0.021765,0.013168,0.000000,0.300065,0.645896,0.844070,0.007096,0.358547,0.000000,0.502424,0.525936,0.013089
41.5,0.998525551471514,0.000982965,1,0.310742,0.446363,0.025457,0.891798,0.521035,0.309005,0.847607,0.835238,0.006809,0.629261,0.334866,0.603578,0.572935,0.008662,0.351326,0.717247,0.821123,0.345420,0.833119,0.371968,0.462240,0.000000,0.335642,0.400797,0.003126,0.707085,0.007077,0.319100,0.382158,0.638526,0.015144,0.008019,0.656723,0.606972,0.424872,0.433534,0.003432,0.618587,0.651294,0.507841,0.379093,0.014672,0.344044,0.656527,0.349377,0.877212,0.411546,0.008929,0.471032,0.672105,0.008959,0.002684,0.414759,0.480471,0.674964,0.027860,0.536954,0.429269,0.023167,0.002609,0.007334,0.816123,0.367004,0.735218,0.014521,0.045667,0.411263,0.327337,0.619846,0.935281,0.601240,0.610074,0.641978,0.303899,0.553079,0.352933,0.000000,0.055180,0.737191,0.672843,0.005824,0.889551,0.688741,0.363312,0.866943,0.511551,0.621743,0.302202,0.020158,0.005106,0.000000,0.303346,0.641784,0.850408,0.002149,0.365340,0.000165,0.498745,0.520227,0.011985
41.6,0.998549924213622,0.000966717,1,0.313820,0.440680,0.024777,0.900042,0.533329,0.308153,0.844264,0.833071,0.007907,0.631391,0.335603,0.601662,0.585157,0.006017,0.354565,0.716907,0.822269,0.341155,0.836597,0.375465,0.459666,0.000000,0.335957,0.400033,0.008066,0.707095,0.000000,0.319144,0.380395,0.635738,0.014690,0.000000,0.652755,0.608125,0.433997,0.430659,0.000000,0.625199,0.652867,0.513620,0.384879,0.020145,0.344400,0.653458,0.348534,0.873155,0.410824,0.007911,0.472529,0.669403,0.014855,0.000784,0.410356,0.480134,0.672544,0.026209,0.534372,0.428624,0.021482,0.000000,0.007596,0.823989,0.369341,0.726812,0.013876,0.050613,0.415123,0.330007,0.620186,0.934494,0.598552,0.613538,0.636653,0.310816,0.553886,0.358398,0.000000,0.056035,0.735326,0.677007,0.006788,0.888330,0.687319,0.364248,0.871915,0.521429,0.623619,0.295688,0.021156,0.011483,0.013055,0.302479,0.644893,0.846076,0.006057,0.353822,0.000389,0.502725,0.525387,0.008637
41.7,0.998573894073006,0.000950737,1,0.312662,0.441837,0.029489,0.892980,0.530960,0.311545,0.846239,0.836627,0.007397,0.630446,0.336730,0.601807,0.583712,0.000000,0.353197,0.712823,0.820156,0.347910,0.837534,0.373077,0.458083,0.001417,0.332171,0.402330,0.009615,0.709856,0.003324,0.320122,0.383267,0.637857,0.013619,0.000000,0.646138,0.608610,0.435566,0.433899,0.003800,0.618043,0.659569,0.504093,0.385486,0.012065,0.348581,0.659980,0.349146,0.876513,0.411421,0.000000,0.472495,0.670549,0.010551,0.002399,0.405498,0.485425,0.675389,0.023956,0.536318,0.429206,0.018117,0.000000,0.007725,0.824761,0.367945,0.733257,0.014085,0.044770,0.414063,0.331645,0.619408,0.936139,0.600813,0.610174,0.637125,0.309940,0.557028,0.356222,0.001922,0.054214,0.737952,0.678972,0.012350,0.887768,0.687038,0.375906,0.868709,0.514200,0.621108,0.300729,0.018783,0.010427,0.009914,0.300473,0.639472,0.844637,0.001708,0.369093,0.000000,0.498042,0.526202,0.008518
41.8,0.998597467709315,0.000935021,1,0.311211,0.439899,0.032230,0.900453,0.539215,0.310920,0.846721,0.838121,0.003710,0.627198,0.337283,0.605066,0.573749,0.000000,0.351723,0.717234,0.822013,0.344225,0.836265,0.365759,0.466607,0.004586,0.333769,0.410772,0.007979,0.714365,0.000000,0.320497,0.378180,0.638418,0.013903,0.000216,0.653965,0.608198,0.432575,0.432098,0.000000,0.622201,0.661078,0.515149,0.382170,0.014121,0.348580,0.663163,0.347844,0.878316,0.411343,0.000000,0.469680,0.672392,0.007516,0.000000,0.409496,0.486725,0.676641,0.029034,0.534400,0.424977,0.020713,0.003829,0.006367,0.817247,0.366218,0.736983,0.014021,0.042173,0.409022,0.328057,0.625172,0.933289,0.600325,0.609508,0.634496,0.306976,0.556750,0.355029,0.002765,0.054199,0.736605,0.675770,0.011250,0.882292,0.687350,0.364115,0.871152,0.521319,0.620316,0.302520,0.019437,0.003671,0.000341,0.298612,0.643029,0.844467,0.002832,0.365529,0.005408,0.501187,0.524423,0.012556
41.9,0.998620651672115,0.000919565,1,0.313746,0.446112,0.029332,0.891847,0.524514,0.312267,0.850295,0.836955,0.005914,0.632083,0.335832,0.604704,0.574010,0.004000,0.358136,0.714851,0.820693,0.348008,0.838436,0.371259,0.463076,0.004419,0.335038,0.395581,0.000000,0.703504,0.000000,0.326561,0.377039,0.637309,0.010988,0.000000,0.658685,0.609033,0.430573,0.432832,0.005242,0.619299,0.656373,0.500006,0.384071,0.017199,0.346155,0.651916,0.349921,0.877079,0.412078,0.000000,0.467199,0.667498,0.009224,0.003220,0.404919,0.486450,0.671235,0.035318,0.537338,0.431726,0.020206,0.000000,0.006140,0.823523,0.370138,0.730531,0.013540,0.047248,0.415734,0.331129,0.624070,0.936133,0.602181,0.608703,0.642583,0.307079,0.555792,0.353030,0.002978,0.054513,0.737923,0.674434,0.009900,0.890669,0.688966,0.372879,0.867189,0.513104,0.624547,0.293664,0.019759,0.009723,0.013938,0.296746,0.649285,0.841311,0.005531,0.358688,0.003770,0.492119,0.522376,0.005377
42,0.99864345240271,0.000904365,1,0.309886,0.447273,0.033923,0.887106,0.537667,0.311880,0.850052,0.836047,0.012232,0.625255,0.337247,0.606583,0.586291,0.000000,0.353422,0.717056,0.823335,0.348556,0.837592,0.369389,0.466278,0.004715,0.336879,0.395535,0.000000,0.706962,0.007352,0.324312,0.379288,0.636225,0.012023,0.000000,0.653732,0.609752,0.425027,0.434847,0.000000,0.618792,0.647021,0.500641,0.377463,0.012862,0.345436,0.663777,0.349552,0.878859,0.411397,0.000000,0.472372,0.667292,0.017886,0.000217,0.409599,0.477372,0.674606,0.035292,0.537628,0.425248,0.017528,0.000000,0.006371,0.818635,0.366887,0.728600,0.013765,0.049742,0.414448,0.333220,0.621572,0.938347,0.601291,0.610281,0.639805,0.304022,0.559773,0.357495,0.000000,0.053909,0.735120,0.677005,0.003114,0.886561,0.688859,0.364593,0.866631,0.516691,0.620558,0.295510,0.018829,0.007095,0.008485,0.306987,0.642111,0.849828,0.003926,0.353048,0.000764,0.487471,0.524295,0.006620
42.1,0.998665876235928,0.000889415,1,0.314425,0.442316,0.024997,0.901204,0.536910,0.310895,0.850873,0.833274,0.007760,0.628918,0.338774,0.606897,0.571939,0.003864,0.355032,0.717512,0.822411,0.342170,0.832558,0.365517,0.463802,0.003531,0.334911,0.401900,0.000000,0.715344,0.000000,0.324055,0.378881,0.636888,0.013607,0.000000,0.656524,0.610383,0.419799,0.429773,0.005640,0.623093,0.663354,0.505180,0.386026,0.011024,0.349545,0.655714,0.348746,0.877329,0.412003,0.005632,0.470911,0.670834,0.017952,0.002747,0.408480,0.487252,0.673528,0.025672,0.538680,0.427216,0.019659,0.002137,0.006967,0.820439,0.368167,0.728057,0.011264,0.046864,0.413975,0.329634,0.624608,0.935294,0.600679,0.612621,0.637378,0.303787,0.556168,0.357769,0.000000,0.052864,0.736328,0.673048,0.000525,0.883716,0.687704,0.375605,0.870603,0.513906,0.620134,0.294431,0.019165,0.003799,0.002276,0.308652,0.643469,0.846356,0.005799,0.365523,0.000000,0.503197,0.527920,0.012658
42.2,0.998687929401886,0.000874713,1,0.314593,0.443941,0.019566,0.899775,0.529684,0.309029,0.849126,0.837459,0.011863,0.629477,0.337320,0.606806,0.590704,0.006654,0.355381,0.712938,0.821224,0.344167,0.838518,0.372062,0.463260,0.000878,0.341117,0.399716,0.000072,0.706443,0.000000,0.328259,0.380693,0.636236,0.013529,0.000000,0.651992,0.609644,0.430692,0.432530,0.000000,0.621502,0.652816,0.499758,0.382263,0.014120,0.344295,0.662236,0.350291,0.874353,0.413045,0.005636,0.472780,0.667500,0.016712,0.001762,0.405963,0.485594,0.677745,0.026485,0.535289,0.430586,0.020211,0.003791,0.006077,0.820421,0.370118,0.730731,0.013291,0.041822,0.412048,0.331949,0.619627,0.934237,0.601213,0.611343,0.640713,0.305302,0.562595,0.360468,0.000000,0.051024,0.736327,0.673296,0.008201,0.889205,0.687229,0.374446,0.871590,0.510879,0.620578,0.306253,0.018996,0.010838,0.000000,0.308301,0.640927,0.847937,0.000000,0.354494,0.000351,0.494193,0.519577,0.009592
42.3,0.998709618027716,0.000860254,1,0.310652,0.441845,0.018355,0.887947,0.542382,0.309689,0.849020,0.839373,0.000431,0.633005,0.337543,0.605703,0.576792,0.000000,0.351741,0.713432,0.820683,0.348127,0.848043,0.369171,0.459771,0.000000,0.338801,0.403112,0.000000,0.709421,0.006101,0.325894,0.386538,0.639603,0.011230,0.000000,0.652851,0.609515,0.423277,0.434636,0.000603,0.618120,0.653293,0.502415,0.380339,0.014538,0.342537,0.662275,0.348351,0.872977,0.412170,0.003279,0.467400,0.673462,0.014352,0.000000,0.411866,0.486789,0.679261,0.020357,0.535519,0.430513,0.020314,0.000000,0.006372,0.822259,0.370349,0.732192,0.012267,0.048791,0.417923,0.330291,0.620580,0.936031,0.603119,0.609180,0.641148,0.309454,0.562003,0.354488,0.005014,0.052045,0.735138,0.675937,0.000000,0.890386,0.688692,0.381874,0.867388,0.512434,0.622120,0.307093,0.016330,0.006043,0.012650,0.296524,0.649256,0.846342,0.000624,0.358752,0.000503,0.496188,0.525235,0.010700
42.4,0.99873094813927,0.000846034,1,0.312620,0.440982,0.027796,0.899547,0.533498,0.312065,0.852800,0.836740,0.006298,0.629373,0.337184,0.607803,0.581385,0.000000,0.353282,0.715506,0.821535,0.349056,0.836049,0.362425,0.461616,0.000000,0.335703,0.409367,0.009368,0.703190,0.000000,0.320785,0.381965,0.637710,0.009761,0.000000,0.645219,0.611204,0.426068,0.430229,0.009740,0.622787,0.650737,0.506772,0.379045,0.013311,0.344047,0.658527,0.350513,0.879240,0.413173,0.006468,0.473144,0.668093,0.005990,0.000000,0.413642,0.487304,0.677039,0.024190,0.537347,0.425401,0.015906,0.000426,0.006134,0.817511,0.369192,0.732666,0.011212,0.041989,0.418067,0.333117,0.622054,0.935942,0.599204,0.608667,0.644459,0.306315,0.557775,0.359499,0.005326,0.049955,0.736455,0.681026,0.011356,0.885171,0.689523,0.384091,0.867324,0.522587,0.621268,0.298730,0.018658,0.005378,0.003506,0.304726,0.645078,0.850400,0.005390,0.367518,0.005683,0.503413,0.528343,0.010979
42.5,0.998751925662794,0.000832049,1,0.311170,0.448850,0.031252,0.887718,0.532346,0.311109,0.849981,0.832474,0.004858,0.628004,0.340004,0.608309,0.577882,0.000000,0.352904,0.717644,0.822706,0.344381,0.836321,0.375256,0.454127,0.000000,0.339896,0.399678,0.006164,0.712246,0.007079,0.328342,0.389704,0.637664,0.009462,0.007979,0.656737,0.608999,0.426338,0.432471,0.000000,0.626530,0.650433,0.502545,0.382198,0.010916,0.343649,0.660461,0.349877,0.876220,0.413956,0.000000,0.468278,0.671338,0.007519,0.000000,0.416817,0.484216,0.675789,0.029905,0.538589,0.428175,0.015488,0.000398,0.005538,0.823671,0.366403,0.732735,0.010145,0.045270,0.413514,0.329258,0.622140,0.934155,0.599816,0.614665,0.645420,0.306364,0.561830,0.360264,0.001524,0.050495,0.737971,0.673852,0.000880,0.892018,0.687008,0.378331,0.867081,0.516495,0.621719,0.304154,0.017597,0.009699,0.007778,0.300039,0.642184,0.844050,0.000699,0.351736,0.000000,0.503286,0.530033,0.011505
42.6,0.998772556426573,0.000818295,1,0.315926,0.449389,0.015505,0.901662,0.541012,0.311246,0.846947,0.834975,0.010717,0.630707,0.339369,0.606327,0.584776,0.004562,0.352056,0.716629,0.820659,0.346953,0.836451,0.372354,0.464508,0.001281,0.340989,0.397364,0.004211,0.715366,0.000000,0.328038,0.389372,0.636618,0.008720,0.001473,0.656592,0.610727,0.420545,0.434397,0.000000,0.624243,0.657288,0.505467,0.377679,0.012304,0.345851,0.662257,0.351123,0.878309,0.414281,0.000000,0.470288,0.678168,0.013577,0.000000,0.413682,0.475772,0.679623,0.017674,0.536660,0.426274,0.016122,0.000000,0.006108,0.816201,0.369270,0.734822,0.010300,0.041699,0.415365,0.329539,0.619105,0.939120,0.598300,0.609303,0.637464,0.311079,0.559055,0.354786,0.004801,0.048739,0.735153,0.676066,0.002734,0.890061,0.686780,0.385175,0.868112,0.514437,0.620930,0.302489,0.016509,0.011382,0.005735,0.306285,0.649269,0.845877,0.002689,0.367325,0.000000,0.504104,0.524211,0.007370
42.7,0.998792846162552,0.000804769,1,0.313327,0.449856,0.017906,0.892095,0.535087,0.308653,0.848639,0.832987,0.006115,0.628020,0.338916,0.608835,0.586435,0.008037,0.353933,0.714072,0.820318,0.345563,0.838464,0.371134,0.460164,0.002481,0.330680,0.407562,0.008753,0.714833,0.000000,0.325072,0.382912,0.641716,0.008419,0.000000,0.651642,0.609989,0.432798,0.435023,0.000000,0.622655,0.652322,0.514794,0.382954,0.012208,0.344796,0.657705,0.349922,0.876102,0.414544,0.000000,0.472063,0.677638,0.018020,0.000000,0.409107,0.476773,0.674045,0.018828,0.536915,0.429457,0.018665,0.000000,0.004967,0.825409,0.369351,0.729659,0.010523,0.046415,0.413137,0.331907,0.618999,0.935212,0.600016,0.614708,0.646610,0.311703,0.561239,0.357309,0.001563,0.050004,0.736954,0.682523,0.004124,0.894250,0.686595,0.374690,0.869737,0.521392,0.618549,0.296828,0.015263,0.004056,0.010862,0.303169,0.645436,0.838267,0.000000,0.353796,0.005798,0.494797,0.527967,0.009744
42.8,0.998812800507927,0.000791466,1,0.310560,0.443237,0.027509,0.887858,0.545246,0.310552,0.850264,0.832052,0.004588,0.631622,0.340519,0.610336,0.575979,0.000000,0.355376,0.715106,0.821830,0.343625,0.844379,0.366008,0.460687,0.003410,0.342901,0.399429,0.000000,0.709245,0.000349,0.328637,0.377703,0.641315,0.009123,0.002399,0.653480,0.610565,0.430768,0.434704,0.000000,0.619566,0.659331,0.513305,0.388595,0.011333,0.342233,0.660309,0.349452,0.875837,0.416580,0.000557,0.473073,0.672721,0.008713,0.000768,0.416254,0.487982,0.680353,0.014881,0.539410,0.432148,0.016301,0.000000,0.005836,0.818695,0.367033,0.734517,0.009181,0.045627,0.415729,0.330131,0.620948,0.937589,0.599549,0.613043,0.642521,0.307899,0.560349,0.356743,0.000000,0.047722,0.735889,0.675788,0.007992,0.887477,0.687952,0.379622,0.869426,0.519740,0.621004,0.297098,0.015741,0.008149,0.004795,0.302907,0.647925,0.841502,0.005754,0.364006,0.000000,0.507124,0.522939,0.012798
42.9,0.998832425006712,0.000778383,1,0.311805,0.449322,0.028736,0.901437,0.542065,0.309753,0.844723,0.836143,0.009674,0.632501,0.339444,0.607436,0.583804,0.008159,0.353727,0.716297,0.820808,0.348681,0.843223,0.364898,0.455740,0.000000,0.338897,0.407779,0.004758,0.716464,0.000000,0.328591,0.388995,0.638488,0.012087,0.000000,0.649683,0.611308,0.423446,0.431331,0.000000,0.617966,0.665921,0.503409,0.389285,0.015623,0.345796,0.657590,0.349234,0.876011,0.416507,0.000000,0.472953,0.680646,0.011275,0.000000,0.419495,0.485268,0.677884,0.016483,0.536246,0.425381,0.015909,0.000000,0.005041,0.816691,0.366693,0.736495,0.009705,0.044630,0.413634,0.331146,0.619125,0.935534,0.597755,0.614674,0.640457,0.308583,0.566253,0.358607,0.000000,0.047094,0.735371,0.678312,0.005873,0.893948,0.689161,0.379319,0.868989,0.523264,0.620403,0.293927,0.015283,0.009461,0.011516,0.309136,0.644742,0.846272,0.001807,0.368994,0.000000,0.496631,0.523659,0.005828
43,0.998851725111279,0.000765516,1,0.315456,0.448872,0.018708,0.899141,0.533358,0.308526,0.849909,0.839268,0.005205,0.624943,0.341080,0.610025,0.592004,0.001979,0.356379,0.717231,0.822965,0.347152,0.836675,0.363936,0.458626,0.000243,0.344726,0.400826,0.008436,0.709988,0.000000,0.325504,0.387789,0.637619,0.009764,0.000860,0.647407,0.611604,0.433538,0.435468,0.000000,0.625929,0.658842,0.504204,0.382845,0.011498,0.343029,0.665772,0.351005,0.874756,0.415449,0.000000,0.469805,0.679862,0.008307,0.003371,0.421777,0.482212,0.673779,0.019015,0.539017,0.425872,0.016844,0.000000,0.005016,0.823986,0.367801,0.740850,0.009758,0.038177,0.419442,0.335274,0.618877,0.939644,0.600179,0.609305,0.642300,0.308715,0.561329,0.359150,0.004964,0.046671,0.737237,0.683640,0.008637,0.892724,0.689182,0.378766,0.868870,0.520750,0.618943,0.302138,0.018956,0.012436,0.006419,0.297493,0.643739,0.844140,0.005118,0.357987,0.003851,0.506693,0.530157,0.006040
43.1,0.998870706183873,0.000752862,1,0.313144,0.445673,0.018248,0.897887,0.543836,0.309829,0.846128,0.837450,0.008775,0.625614,0.341159,0.609896,0.594401,0.000000,0.353077,0.715426,0.823409,0.346693,0.836012,0.376649,0.456442,0.002479,0.341731,0.399621,0.000000,0.706398,0.000000,0.323647,0.378661,0.639130,0.009835,0.000000,0.653406,0.611843,0.427564,0.433013,0.007390,0.620872,0.664751,0.510210,0.381713,0.008006,0.345039,0.664830,0.350495,0.874276,0.414700,0.005380,0.469084,0.679407,0.012725,0.000759,0.411451,0.477163,0.678552,0.013073,0.539392,0.430427,0.013283,0.000848,0.004890,0.819384,0.369991,0.735162,0.008604,0.038503,0.418781,0.331040,0.619382,0.939212,0.598989,0.614304,0.648154,0.308712,0.565848,0.354234,0.003164,0.046727,0.736951,0.677305,0.004123,0.893855,0.688561,0.373392,0.868896,0.516692,0.624970,0.305137,0.014178,0.005036,0.000000,0.302376,0.648046,0.851955,0.000000,0.352471,0.000000,0.495240,0.519322,0.004021
43.2,0.998889373498101,0.000740417,1,0.315265,0.441890,0.019380,0.901433,0.540573,0.309698,0.847018,0.838599,0.011080,0.624489,0.340195,0.610838,0.583637,0.000000,0.356924,0.716165,0.823984,0.346929,0.839690,0.365428,0.463239,0.000000,0.342358,0.410300,0.002946,0.715016,0.002631,0.327907,0.381456,0.639876,0.009483,0.008610,0.653951,0.612440,0.425743,0.435885,0.000000,0.626913,0.660366,0.507524,0.383663,0.011112,0.351265,0.664492,0.351525,0.879547,0.417577,0.004852,0.470020,0.671117,0.009770,0.000000,0.414938,0.477310,0.677033,0.016986,0.536206,0.429839,0.014608,0.001389,0.004517,0.822842,0.369034,0.729055,0.008031,0.038416,0.414088,0.333822,0.620724,0.938888,0.602196,0.609807,0.644359,0.305651,0.562338,0.360871,0.000000,0.047116,0.737926,0.679829,0.004474,0.894716,0.686579,0.386644,0.869418,0.515476,0.625323,0.300645,0.014792,0.004025,0.002781,0.298369,0.647822,0.850151,0.005818,0.360947,0.000000,0.503049,0.517246,0.011300
43.3,0.998907732240398,0.000728178,1,0.314504,0.449022,0.026089,0.893211,0.537058,0.311232,0.850044,0.836812,0.006726,0.623614,0.340256,0.610706,0.580449,0.001434,0.357104,0.712824,0.820980,0.347769,0.837702,0.373194,0.455834,0.001538,0.338014,0.397279,0.005988,0.703825,0.004838,0.326913,0.385028,0.642519,0.007403,0.008471,0.654817,0.611311,0.420655,0.434077,0.000000,0.625433,0.666391,0.514552,0.379180,0.011268,0.347400,0.664192,0.351820,0.880469,0.418156,0.002339,0.469229,0.681744,0.015922,0.000000,0.417168,0.480952,0.681043,0.026770,0.540078,0.431612,0.012760,0.000000,0.005472,0.822094,0.370875,0.732670,0.010211,0.038557,0.420884,0.335739,0.619590,0.937615,0.598348,0.613611,0.639522,0.306200,0.562773,0.359557,0.000000,0.046075,0.736589,0.681664,0.001791,0.888746,0.689306,0.385125,0.870576,0.511688,0.622329,0.295056,0.015497,0.006711,0.004378,0.301887,0.648283,0.843616,0.000000,0.358950,0.000000,0.496517,0.518622,0.003191
43.4,0.998925787511467,0.000716141,1,0.316475,0.443856,0.019946,0.897296,0.543846,0.312815,0.847377,0.833352,0.002496,0.627639,0.341486,0.613556,0.584161,0.000000,0.357702,0.716053,0.823363,0.343758,0.838098,0.365210,0.462507,0.000000,0.336245,0.403123,0.000000,0.708249,0.007724,0.328055,0.392593,0.637850,0.009040,0.005130,0.647861,0.612328,0.431897,0.433124,0.000000,0.625135,0.663658,0.503200,0.379187,0.007095,0.351057,0.669394,0.349766,0.877255,0.416822,0.005714,0.469710,0.682013,0.016821,0.000000,0.416622,0.485495,0.674527,0.022947,0.537413,0.427496,0.012266,0.000000,0.004288,0.821415,0.366806,0.741578,0.007382,0.038773,0.419107,0.333734,0.620867,0.936504,0.598591,0.613134,0.641572,0.308233,0.565371,0.356520,0.005986,0.044980,0.737074,0.682120,0.003159,0.892192,0.687626,0.382519,0.870282,0.520069,0.618240,0.307212,0.017113,0.008616,0.003252,0.301470,0.649447,0.847211,0.000000,0.358519,0.000000,0.498192,0.530371,0.007729
43.5,0.998943544327698,0.000704304,1,0.314156,0.448660,0.012202,0.892591,0.543075,0.312131,0.851535,0.839206,0.006532,0.631492,0.342880,0.610650,0.585326,0.000000,0.352616,0.717598,0.820867,0.348513,0.851536,0.367691,0.457756,0.000000,0.339120,0.394406,0.007357,0.711518,0.007514,0.329268,0.387957,0.638954,0.010812,0.000000,0.654676,0.612298,0.432914,0.435820,0.000738,0.625624,0.654435,0.500684,0.386430,0.007234,0.347011,0.661813,0.351469,0.875042,0.418326,0.000000,0.469021,0.682846,0.007408,0.000000,0.420590,0.482659,0.681143,0.027868,0.540583,0.431973,0.012917,0.000000,0.005264,0.822649,0.370929,0.735603,0.008855,0.035868,0.419507,0.337985,0.623982,0.939041,0.603326,0.609685,0.650560,0.308884,0.566249,0.363239,0.000000,0.044489,0.737304,0.677124,0.010029,0.892267,0.687005,0.384987,0.867367,0.519812,0.625470,0.295015,0.014422,0.001343,0.007078,0.308832,0.650295,0.846705,0.000000,0.354945,0.000000,0.499745,0.522412,0.010772
43.6,0.998961007622561,0.000692661,1,0.316332,0.448853,0.022196,0.891876,0.535596,0.311396,0.848966,0.836766,0.001598,0.630804,0.342349,0.611331,0.589084,0.000000,0.355827,0.714447,0.822983,0.341910,0.846481,0.374437,0.467964,0.000000,0.345598,0.406127,0.000000,0.709538,0.000000,0.331970,0.389186,0.642992,0.007852,0.000000,0.657409,0.612933,0.420351,0.432972,0.000000,0.627683,0.657992,0.514442,0.379596,0.013458,0.349538,0.661239,0.352024,0.874493,0.416447,0.000000,0.471149,0.677140,0.013261,0.000000,0.417866,0.488739,0.679121,0.018405,0.537693,0.427686,0.014733,0.000000,0.003536,0.823853,0.367637,0.732128,0.007995,0.036884,0.416369,0.336818,0.623858,0.937006,0.604393,0.614994,0.645899,0.312007,0.569473,0.355467,0.003795,0.043907,0.735324,0.680647,0.008476,0.892746,0.688087,0.376379,0.869175,0.512073,0.623895,0.298572,0.016906,0.007487,0.004578,0.304601,0.650040,0.851663,0.000000,0.360643,0.002660,0.497743,0.525730,0.005254
43.7,0.998978182247972,0.000681212,1,0.316021,0.446242,0.015749,0.889490,0.535706,0.311684,0.852898,0.839013,0.000000,0.624649,0.341670,0.612071,0.579328,0.008801,0.352206,0.716031,0.823448,0.348859,0.841144,0.364287,0.463274,0.002682,0.344001,0.399146,0.000000,0.709764,0.000816,0.330137,0.392195,0.638975,0.008890,0.003621,0.653562,0.610755,0.424958,0.434522,0.001037,0.618834,0.656433,0.510977,0.386967,0.014727,0.354944,0.669034,0.351137,0.880858,0.416806,0.000000,0.467404,0.682144,0.013307,0.000567,0.418882,0.486715,0.675860,0.026506,0.538254,0.428218,0.014103,0.000000,0.003644,0.824409,0.370720,0.741208,0.008770,0.032105,0.417345,0.334507,0.618870,0.940311,0.603957,0.616059,0.642827,0.312470,0.565170,0.362767,0.000000,0.044248,0.736961,0.678604,0.003913,0.892853,0.689760,0.368835,0.866603,0.513963,0.619395,0.304107,0.015500,0.010597,0.000000,0.302058,0.645027,0.846418,0.002378,0.368909,0.003330,0.506208,0.520648,0.007736
43.8,0.99899507297565,0.000669951,1,0.314384,0.451016,0.025173,0.893174,0.537437,0.309778,0.844355,0.836214,0.011847,0.629386,0.342201,0.612393,0.589083,0.000000,0.357777,0.717250,0.823045,0.344306,0.846396,0.376954,0.456370,0.002413,0.343155,0.408775,0.006638,0.705454,0.007522,0.331159,0.379814,0.638917,0.008600,0.000000,0.653782,0.613618,0.429176,0.435986,0.005711,0.619395,0.662372,0.514241,0.389821,0.007074,0.350693,0.664241,0.351728,0.880180,0.417284,0.002019,0.471642,0.674034,0.008387,0.000000,0.427384,0.477653,0.679649,0.025661,0.536880,0.426731,0.013577,0.000000,0.004033,0.824966,0.370904,0.734599,0.009194,0.034196,0.419907,0.337818,0.618953,0.936179,0.601256,0.612204,0.642020,0.305693,0.571314,0.363828,0.004463,0.042307,0.735955,0.678404,0.007708,0.884560,0.689857,0.382056,0.868763,0.517812,0.623779,0.298825,0.014998,0.004359,0.007031,0.309574,0.644420,0.851377,0.003830,0.370788,0.004359,0.509695,0.525026,0.007503
43.9,0.999011684498436,0.000658877,1,0.315066,0.448285,0.011054,0.888301,0.538010,0.308207,0.849746,0.838000,0.009363,0.627056,0.341729,0.615807,0.579694,0.000000,0.356699,0.717739,0.822274,0.343265,0.842396,0.372768,0.460866,0.002632,0.335394,0.406461,0.000000,0.712365,0.006721,0.332264,0.390021,0.639278,0.010152,0.000000,0.654095,0.612682,0.433062,0.433263,0.003648,0.625782,0.663068,0.506326,0.389933,0.011986,0.350107,0.668591,0.352026,0.879841,0.419606,0.000000,0.469657,0.680175,0.013582,0.000000,0.417870,0.481181,0.679708,0.021095,0.539007,0.429459,0.014042,0.000852,0.004793,0.822145,0.370518,0.735128,0.007416,0.038782,0.419564,0.336156,0.624833,0.940398,0.604631,0.614312,0.640800,0.311197,0.568747,0.362217,0.005252,0.041919,0.736504,0.687623,0.003449,0.894901,0.689784,0.374082,0.869712,0.519705,0.619737,0.303568,0.013274,0.008067,0.007008,0.298528,0.646402,0.840130,0.002360,0.357933,0.001893,0.510471,0.531327,0.011040
44,0.999028021431597,0.000647986,1,0.313815,0.443733,0.021027,0.888833,0.536029,0.309167,0.845293,0.832672,0.000000,0.622771,0.343569,0.615077,0.597090,0.005263,0.355354,0.716550,0.821004,0.345276,0.852919,0.372073,0.466951,0.000000,0.343925,0.408275,0.000000,0.708351,0.000000,0.331125,0.390456,0.638581,0.006702,0.000000,0.653558,0.611498,0.435380,0.437523,0.000000,0.627345,0.665815,0.506746,0.385363,0.008374,0.351872,0.665127,0.352928,0.874185,0.420643,0.000000,0.467041,0.676357,0.015163,0.000000,0.425119,0.484588,0.674919,0.018515,0.538078,0.430225,0.013851,0.000000,0.004451,0.821547,0.367027,0.739448,0.007956,0.036670,0.418100,0.334592,0.623217,0.937569,0.598987,0.612453,0.642893,0.306230,0.570474,0.354310,0.003061,0.043068,0.736938,0.686521,0.000430,0.892588,0.688866,0.385074,0.867200,0.514256,0.621447,0.296732,0.012988,0.003559,0.009833,0.307244,0.644236,0.840911,0.000000,0.357000,0.003650,0.507966,0.527499,0.010651
44.1,0.999044088314111,0.000637274,1,0.315815,0.447035,0.014231,0.899786,0.541620,0.311510,0.851627,0.837248,0.006989,0.626302,0.343312,0.616438,0.588564,0.000000,0.353164,0.716256,0.824356,0.342649,0.850153,0.369147,0.462725,0.004413,0.339971,0.404225,0.001369,0.710862,0.005237,0.329360,0.395655,0.640703,0.006069,0.008929,0.655339,0.613889,0.430713,0.436874,0.000000,0.622457,0.665579,0.512210,0.384943,0.005786,0.347556,0.667646,0.352583,0.880878,0.418468,0.000000,0.467537,0.685334,0.015997,0.001665,0.422327,0.484537,0.679020,0.020971,0.539323,0.425194,0.015230,0.000219,0.004517,0.820635,0.368907,0.734249,0.007092,0.032081,0.421988,0.339395,0.625162,0.936484,0.602386,0.614791,0.651321,0.305638,0.573594,0.358232,0.000000,0.042535,0.737127,0.683332,0.001113,0.884429,0.689499,0.383561,0.872045,0.522702,0.620037,0.296625,0.015426,0.004339,0.002984,0.307165,0.649723,0.848545,0.000000,0.372322,0.001551,0.495503,0.525604,0.009949
44.2,0.999059889609927,0.00062674,1,0.314152,0.445911,0.022828,0.898036,0.540979,0.309850,0.851655,0.839209,0.008234,0.631601,0.344660,0.615611,0.586684,0.001701,0.357117,0.713996,0.822757,0.345265,0.845503,0.364054,0.467176,0.004966,0.343029,0.395143,0.007533,0.705200,0.000000,0.328694,0.395663,0.638840,0.009122,0.000000,0.647554,0.612776,0.425804,0.435131,0.000324,0.617796,0.670857,0.499586,0.386625,0.010626,0.348092,0.670883,0.350942,0.874488,0.419786,0.006177,0.470111,0.677309,0.005491,0.000000,0.428376,0.485808,0.676941,0.016906,0.540513,0.432268,0.013967,0.000000,0.003223,0.820427,0.368473,0.743758,0.006213,0.036458,0.420736,0.339527,0.624892,0.940400,0.601739,0.615303,0.645897,0.308425,0.573327,0.358417,0.006027,0.042008,0.737305,0.685544,0.000190,0.888365,0.688409,0.369542,0.871778,0.516015,0.620216,0.305840,0.012739,0.006018,0.009309,0.306576,0.644888,0.849895,0.001430,0.369488,0.003065,0.510668,0.522217,0.010508
44.3,0.999075429709206,0.00061638,1,0.316292,0.444675,0.016381,0.886341,0.545983,0.311965,0.851816,0.836277,0.000000,0.624708,0.343745,0.616084,0.591938,0.000000,0.353325,0.715272,0.822973,0.345909,0.845615,0.369901,0.466189,0.003157,0.345761,0.410733,0.000830,0.713435,0.003617,0.327707,0.383759,0.639133,0.008662,0.000000,0.653806,0.612023,0.426813,0.434425,0.001746,0.620294,0.665799,0.508926,0.387662,0.006488,0.345781,0.668364,0.351141,0.880583,0.421522,0.001915,0.468819,0.675836,0.015855,0.000009,0.425400,0.487341,0.679956,0.026917,0.538762,0.430503,0.013883,0.000000,0.003872,0.824197,0.366546,0.741434,0.006534,0.037063,0.424671,0.337006,0.621760,0.939863,0.602114,0.611728,0.643188,0.310408,0.573754,0.360330,0.000000,0.039999,0.736877,0.681279,0.000000,0.888451,0.689667,0.376391,0.871238,0.517474,0.625792,0.297501,0.014437,0.003110,0.000000,0.301269,0.650767,0.839022,0.005135,0.360196,0.001803,0.493765,0.530604,0.005882
44.4,0.999090712929537,0.000606191,1,0.315405,0.447367,0.015452,0.896357,0.542831,0.311642,0.844543,0.831928,0.000270,0.629680,0.343361,0.616607,0.593558,0.007062,0.353828,0.716568,0.821358,0.342934,0.843012,0.362910,0.456638,0.000809,0.347964,0.412069,0.007321,0.708009,0.000000,0.328338,0.382020,0.640994,0.005312,0.008975,0.656156,0.613175,0.431738,0.435617,0.005161,0.620176,0.672823,0.501896,0.385661,0.013219,0.349473,0.669998,0.351265,0.879129,0.421512,0.000000,0.470580,0.684900,0.004073,0.000000,0.419926,0.478631,0.676745,0.017589,0.540952,0.430993,0.013832,0.001890,0.003824,0.821294,0.368576,0.741416,0.006467,0.032006,0.424837,0.336518,0.622210,0.937389,0.602623,0.610997,0.641469,0.312906,0.573628,0.354574,0.000000,0.040779,0.735912,0.682948,0.000000,0.892253,0.689254,0.382765,0.867382,0.519994,0.621887,0.294530,0.012079,0.008798,0.002525,0.300047,0.643495,0.845884,0.005109,0.357648,0.000000,0.503462,0.516862,0.011114
44.5,0.999105743517143,0.000596171,1,0.313823,0.451437,0.015824,0.895635,0.549949,0.308386,0.848359,0.839498,0.002233,0.630254,0.343229,0.617904,0.596473,0.006966,0.358879,0.716846,0.820999,0.346015,0.853475,0.366635,0.462713,0.005271,0.342877,0.406870,0.000000,0.705595,0.000000,0.333274,0.385587,0.642888,0.008529,0.000501,0.655566,0.612804,0.420816,0.436011,0.004951,0.618272,0.660665,0.511899,0.383013,0.010501,0.355059,0.664353,0.352198,0.876443,0.420446,0.000000,0.471624,0.686036,0.012571,0.000000,0.430132,0.482087,0.677291,0.025262,0.539610,0.430666,0.012602,0.000000,0.002463,0.819768,0.368300,0.735314,0.006442,0.035843,0.422618,0.340869,0.624977,0.936885,0.600278,0.615556,0.653658,0.307429,0.575303,0.360679,0.005949,0.039785,0.736430,0.682307,0.003206,0.892345,0.689150,0.372373,0.870456,0.520294,0.624926,0.293851,0.013043,0.002334,0.004590,0.297723,0.647296,0.847619,0.000000,0.372758,0.005792,0.506253,0.520958,0.010489
44.6,0.999120525648054,0.000586316,1,0.312562,0.446673,0.024280,0.900760,0.543350,0.310276,0.846064,0.837403,0.000734,0.625197,0.343479,0.615662,0.595047,0.000000,0.358483,0.714580,0.820653,0.347495,0.851551,0.368274,0.461689,0.001275,0.337463,0.403641,0.000000,0.708778,0.005400,0.325815,0.382194,0.642321,0.006441,0.001877,0.657730,0.614586,0.429143,0.435114,0.000000,0.627490,0.662454,0.508355,0.391395,0.010389,0.354548,0.671104,0.351551,0.881004,0.421466,0.000000,0.468097,0.686891,0.015530,0.003476,0.418358,0.486760,0.681452,0.013222,0.539055,0.425240,0.011969,0.000000,0.002473,0.817146,0.367972,0.736141,0.005138,0.035115,0.424874,0.339711,0.620485,0.940524,0.604375,0.616080,0.646408,0.304940,0.571080,0.362141,0.000000,0.038902,0.735213,0.688743,0.000000,0.893735,0.687478,0.385705,0.866713,0.513723,0.624081,0.295243,0.012729,0.002000,0.005131,0.302369,0.648188,0.850837,0.001828,0.363111,0.000241,0.507185,0.524425,0.009500
44.7,0.999135063429272,0.000576624,1,0.312526,0.448075,0.013532,0.900007,0.543524,0.310186,0.852740,0.835406,0.000000,0.623030,0.346351,0.617544,0.597354,0.005725,0.357520,0.717584,0.824577,0.349638,0.848547,0.375001,0.466307,0.000468,0.345682,0.395536,0.000000,0.709695,0.000000,0.327377,0.383660,0.639718,0.008198,0.000000,0.647037,0.614691,0.435076,0.434391,0.005809,0.625963,0.669975,0.503860,0.384820,0.013925,0.346955,0.669520,0.352487,0.875387,0.420670,0.000000,0.468771,0.680315,0.010743,0.000000,0.419085,0.485872,0.678585,0.011915,0.540698,0.427759,0.011387,0.000906,0.002864,0.819748,0.367143,0.735387,0.006699,0.031242,0.420032,0.337212,0.621695,0.939289,0.600120,0.610767,0.644690,0.307216,0.571422,0.358751,0.000000,0.039394,0.735489,0.682367,0.000000,0.888703,0.689808,0.378090,0.869161,0.514330,0.625703,0.296572,0.011267,0.009748,0.008674,0.306839,0.650371,0.849718,0.002516,0.357689,0.001222,0.506209,0.531269,0.009045
44.8,0.999149360899909,0.000567093,1,0.314910,0.450888,0.010666,0.889666,0.554263,0.308959,0.844320,0.835319,0.006017,0.625729,0.344600,0.616375,0.582145,0.000000,0.357022,0.717596,0.824363,0.346117,0.843394,0.363815,0.467694,0.003146,0.338039,0.409241,0.000065,0.708019,0.000000,0.330992,0.388304,0.639912,0.008397,0.000000,0.646434,0.614223,0.425371,0.438780,0.000503,0.625311,0.673363,0.514245,0.385040,0.005079,0.353860,0.665713,0.351621,0.880409,0.420632,0.003529,0.468274,0.688478,0.010540,0.000000,0.423848,0.482634,0.676355,0.016105,0.539288,0.427420,0.010232,0.001951,0.002880,0.820383,0.371004,0.743279,0.007166,0.035246,0.423650,0.336809,0.623790,0.939959,0.604298,0.611013,0.647461,0.310482,0.575962,0.363200,0.005272,0.038780,0.737074,0.682898,0.006617,0.888665,0.689510,0.373850,0.871671,0.516177,0.621026,0.297561,0.014053,0.007857,0.005348,0.301345,0.644127,0.851765,0.004398,0.360136,0.005997,0.509130,0.528872,0.005352
44.9,0.999163422032312,0.000557719,1,0.315716,0.448356,0.018941,0.886900,0.557011,0.310159,0.845898,0.838989,0.000000,0.628629,0.345277,0.619905,0.592169,0.000000,0.351228,0.715230,0.822347,0.343055,0.844237,0.366789,0.456816,0.002096,0.350054,0.397955,0.000000,0.707251,0.000000,0.326282,0.395801,0.639076,0.006713,0.006131,0.658151,0.615373,0.426822,0.436927,0.000000,0.620662,0.671605,0.503942,0.387898,0.011291,0.351616,0.666801,0.352323,0.880158,0.423295,0.000000,0.473206,0.682653,0.014176,0.001650,0.430869,0.480131,0.683433,0.022929,0.541559,0.428139,0.010800,0.000000,0.002871,0.816457,0.367516,0.740602,0.007222,0.029103,0.421792,0.340360,0.620314,0.941124,0.600869,0.616367,0.645853,0.310555,0.572805,0.357121,0.003831,0.038551,0.738203,0.687560,0.003790,0.886733,0.688816,0.384871,0.867264,0.521118,0.620823,0.297855,0.011094,0.008549,0.000000,0.309160,0.645631,0.852358,0.004386,0.361554,0.000000,0.498627,0.518674,0.008573
45,0.999177250733165,0.000548499,1,0.314278,0.451632,0.013163,0.895300,0.552277,0.312425,0.849749,0.837557,0.010369,0.631148,0.346630,0.620770,0.590135,0.000000,0.356217,0.716157,0.823159,0.348368,0.851817,0.371818,0.465885,0.000000,0.339001,0.400280,0.000000,0.714539,0.004439,0.332246,0.384366,0.639983,0.004742,0.000000,0.652522,0.612982,0.419892,0.433897,0.000000,0.625581,0.667602,0.502609,0.390734,0.010185,0.348957,0.675132,0.353527,0.880913,0.422899,0.004885,0.470900,0.689570,0.010384,0.002023,0.424817,0.483713,0.679743,0.020231,0.539906,0.427477,0.012906,0.000653,0.004110,0.821923,0.371429,0.734290,0.007134,0.033969,0.423111,0.341448,0.620824,0.941096,0.604857,0.612225,0.654657,0.309497,0.577915,0.356243,0.001479,0.036412,0.735735,0.682327,0.009737,0.886710,0.688830,0.377054,0.867186,0.515341,0.626021,0.297934,0.010654,0.005310,0.000000,0.304203,0.650781,0.849512,0.000000,0.358208,0.000000,0.502169,0.529302,0.003642
45.1,0.999190850844573,0.000539433,1,0.314946,0.449746,0.020170,0.892948,0.542748,0.309855,0.847552,0.835386,0.000000,0.623565,0.346503,0.619343,0.602039,0.006616,0.358820,0.716366,0.821049,0.349920,0.853269,0.370123,0.464738,0.000819,0.342310,0.407022,0.004710,0.713665,0.003799,0.329861,0.391667,0.639708,0.008052,0.000000,0.651559,0.614859,0.435333,0.434385,0.005957,0.626737,0.669809,0.511422,0.382411,0.005399,0.354065,0.672721,0.352056,0.876193,0.424337,0.000020,0.471089,0.689817,0.003496,0.000000,0.425124,0.481309,0.681290,0.023937,0.538979,0.429721,0.009312,0.000000,0.003106,0.820857,0.371171,0.732594,0.005313,0.026076,0.425020,0.340244,0.622059,0.938464,0.604523,0.611890,0.645696,0.312987,0.578800,0.363615,0.000000,0.037301,0.736757,0.688227,0.000940,0.890629,0.688490,0.384170,0.868210,0.519252,0.625030,0.294845,0.010312,0.008787,0.007334,0.311092,0.647312,0.848132,0.000000,0.367616,0.002419,0.503470,0.520868,0.005571
45.2,0.999204226145133,0.000530516,1,0.312860,0.451437,0.010913,0.896546,0.558256,0.309972,0.846012,0.839504,0.000000,0.626113,0.346390,0.619066,0.596466,0.000000,0.358527,0.713319,0.820920,0.349995,0.846532,0.375707,0.468582,0.000000,0.345556,0.412259,0.004841,0.710073,0.000000,0.329769,0.391453,0.641985,0.004902,0.009181,0.658866,0.614278,0.421148,0.436342,0.002156,0.619573,0.675543,0.500463,0.392246,0.005173,0.350497,0.670031,0.352327,0.881919,0.422810,0.000000,0.469759,0.679845,0.005411,0.003060,0.431796,0.485422,0.679519,0.009604,0.541672,0.426954,0.009011,0.000000,0.002527,0.823225,0.369869,0.736377,0.005650,0.027938,0.420304,0.338612,0.620395,0.938515,0.601499,0.612979,0.654438,0.312513,0.576985,0.360606,0.004614,0.035871,0.737583,0.691305,0.000000,0.886584,0.689037,0.385133,0.872061,0.512793,0.625759,0.297133,0.011329,0.008612,0.003792,0.298915,0.648440,0.852661,0.000260,0.370767,0.000554,0.507625,0.527412,0.008775
45.3,0.999217380350981,0.000521746,1,0.311706,0.454915,0.007529,0.899739,0.555744,0.312169,0.848064,0.835815,0.000000,0.626841,0.347903,0.619701,0.586384,0.001367,0.357859,0.714766,0.822409,0.348768,0.842031,0.368516,0.460376,0.004629,0.343565,0.409358,0.000096,0.710740,0.007354,0.333630,0.383069,0.643879,0.006169,0.000000,0.654742,0.613014,0.431756,0.437290,0.000000,0.619181,0.671715,0.511228,0.387795,0.009442,0.354861,0.671382,0.353232,0.876377,0.423268,0.000000,0.470295,0.686274,0.009279,0.000000,0.424909,0.485045,0.684440,0.004876,0.541454,0.427896,0.007384,0.001707,0.003257,0.825425,0.370342,0.733367,0.005649,0.028646,0.425763,0.338460,0.621437,0.942242,0.603598,0.613746,0.653660,0.309045,0.579066,0.362886,0.000000,0.036538,0.736855,0.684141,0.000000,0.890401,0.689124,0.387332,0.868485,0.514850,0.622809,0.302593,0.012589,0.008326,0.008740,0.305180,0.652270,0.843898,0.000000,0.366468,0.005699,0.511195,0.521486,0.006637
45.4,0.999230317116823,0.000513122,1,0.312991,0.448830,0.013057,0.889731,0.558580,0.311975,0.851196,0.838132,0.000000,0.628849,0.347763,0.622016,0.601445,0.001236,0.352904,0.715896,0.822032,0.344153,0.845376,0.363407,0.459658,0.000000,0.343444,0.398094,0.000000,0.708199,0.000000,0.327240,0.393468,0.642429,0.006287,0.007291,0.659726,0.613680,0.429592,0.435111,0.000000,0.624203,0.671276,0.514140,0.388659,0.006779,0.356799,0.675392,0.352406,0.881005,0.424845,0.000000,0.467054,0.683050,0.012391,0.000000,0.428489,0.482803,0.679767,0.022160,0.539159,0.428478,0.007466,0.003389,0.002607,0.823560,0.369114,0.732909,0.005106,0.026161,0.422726,0.339368,0.622563,0.939029,0.603807,0.615804,0.653739,0.312482,0.577836,0.364570,0.003774,0.035308,0.736057,0.690862,0.006700,0.887068,0.689709,0.385465,0.869075,0.519681,0.624894,0.300663,0.011386,0.002618,0.009788,0.309427,0.648393,0.851090,0.000000,0.360779,0.000000,0.511373,0.530081,0.002263
45.5,0.999243040036957,0.00050464,1,0.312938,0.451881,0.012902,0.886533,0.560390,0.310955,0.847963,0.834752,0.000000,0.633390,0.348444,0.622736,0.585318,0.007130,0.356755,0.716429,0.823399,0.345241,0.857812,0.365876,0.464607,0.002028,0.350218,0.398990,0.001514,0.709196,0.000000,0.330181,0.387664,0.640599,0.007774,0.009099,0.646539,0.613929,0.423176,0.437892,0.007388,0.617899,0.678053,0.505521,0.390519,0.009899,0.348670,0.672425,0.353439,0.879818,0.424336,0.001620,0.473285,0.681490,0.007973,0.000000,0.429085,0.483513,0.683278,0.022044,0.540048,0.425851,0.006751,0.000000,0.003559,0.818405,0.370181,0.740312,0.005579,0.024967,0.427846,0.340549,0.624199,0.941425,0.603576,0.615677,0.656153,0.307384,0.577008,0.356678,0.006106,0.035569,0.736607,0.689243,0.004942,0.895160,0.686968,0.372484,0.866389,0.515120,0.621164,0.305831,0.010166,0.004972,0.000000,0.298638,0.644944,0.846262,0.000000,0.363409,0.000000,0.513128,0.530482,0.009503
45.6,0.999255552646264,0.000496298,1,0.313257,0.452440,0.022208,0.892829,0.558764,0.311827,0.851703,0.838422,0.005167,0.631904,0.346171,0.621931,0.588339,0.005030,0.352766,0.717232,0.821792,0.345180,0.853291,0.365586,0.463684,0.000000,0.345683,0.409774,0.000000,0.711577,0.006048,0.331704,0.397693,0.643127,0.007376,0.000000,0.655213,0.614310,0.425022,0.434700,0.000000,0.621158,0.664220,0.504913,0.394294,0.010492,0.350943,0.680968,0.352858,0.877758,0.424365,0.000000,0.472961,0.686580,0.001669,0.000000,0.433847,0.481121,0.683131,0.006593,0.542047,0.427476,0.007486,0.003260,0.003545,0.823457,0.371156,0.744986,0.005728,0.026451,0.426033,0.340192,0.622984,0.942377,0.602774,0.615418,0.649908,0.310432,0.580128,0.358356,0.005113,0.034913,0.737927,0.688628,0.006714,0.886006,0.687278,0.391665,0.869636,0.518675,0.622044,0.294111,0.011324,0.000000,0.000000,0.309101,0.651066,0.848115,0.003049,0.367793,0.000000,0.500270,0.525427,0.005137
45.7,0.999267858421194,0.000488094,1,0.314614,0.452490,0.008160,0.894436,0.546533,0.309248,0.847955,0.839257,0.001014,0.624496,0.347300,0.623036,0.588498,0.000000,0.352952,0.717265,0.822252,0.350761,0.855539,0.369343,0.463926,0.000053,0.347923,0.402688,0.008160,0.715525,0.004533,0.328980,0.386757,0.641223,0.005466,0.002967,0.648157,0.613955,0.428831,0.436781,0.000000,0.619887,0.679700,0.504132,0.394292,0.007481,0.349590,0.672312,0.353582,0.881877,0.425323,0.000000,0.469046,0.689499,0.011700,0.000291,0.423931,0.488548,0.679362,0.021692,0.541374,0.429063,0.008429,0.002088,0.003315,0.816770,0.370251,0.732759,0.004079,0.024981,0.426062,0.341348,0.618998,0.942672,0.604106,0.612105,0.646806,0.309288,0.581348,0.355350,0.000000,0.035241,0.736851,0.691643,0.000000,0.893639,0.687979,0.379575,0.870366,0.519455,0.624648,0.305479,0.009716,0.006319,0.000000,0.301619,0.646608,0.847312,0.001081,0.371734,0.000000,0.510597,0.524047,0.009308
45.8,0.999279960780733,0.000480026,1,0.312226,0.450920,0.009833,0.897859,0.559816,0.310341,0.844949,0.838685,0.002586,0.631924,0.347560,0.621686,0.595091,0.003944,0.355696,0.716800,0.822868,0.346623,0.857725,0.363651,0.470337,0.000000,0.351243,0.402303,0.002597,0.707815,0.000225,0.328845,0.399617,0.644967,0.005278,0.008968,0.660542,0.616461,0.425642,0.438947,0.000677,0.623606,0.674442,0.511828,0.385424,0.006511,0.358760,0.675160,0.353515,0.878790,0.426237,0.000000,0.472853,0.687372,0.006865,0.000980,0.426864,0.479609,0.683707,0.022499,0.542747,0.428504,0.008774,0.003062,0.001676,0.816654,0.371264,0.734418,0.003940,0.032166,0.425055,0.339830,0.622774,0.941298,0.600407,0.612998,0.651893,0.308411,0.576834,0.359647,0.000000,0.033813,0.738126,0.691768,0.003818,0.885946,0.686800,0.384237,0.871621,0.518088,0.626095,0.298391,0.010632,0.004609,0.000000,0.305506,0.650169,0.846084,0.001802,0.369688,0.000000,0.503705,0.531456,0.000924
45.9,0.999291863087349,0.000472091,1,0.312815,0.453504,0.006352,0.898205,0.549716,0.312026,0.848416,0.836575,0.004688,0.632951,0.348849,0.623628,0.592455,0.001926,0.355429,0.716453,0.823025,0.348418,0.855234,0.367502,0.460470,0.000000,0.353103,0.405241,0.004309,0.708176,0.000000,0.332819,0.392444,0.642279,0.005462,0.002579,0.648305,0.616755,0.422730,0.435807,0.001393,0.625278,0.666762,0.501929,0.391040,0.007275,0.355576,0.676933,0.354594,0.881923,0.424897,0.006301,0.471140,0.686972,0.013714,0.001278,0.429754,0.487968,0.685379,0.022101,0.540842,0.429615,0.007952,0.000000,0.002295,0.819447,0.368327,0.737890,0.005994,0.029639,0.425531,0.340100,0.619475,0.939160,0.605853,0.612063,0.650737,0.307651,0.582160,0.363179,0.001396,0.034379,0.735513,0.687052,0.004858,0.892400,0.687785,0.374020,0.871028,0.517107,0.622183,0.306324,0.010078,0.006995,0.003804,0.308519,0.643650,0.840260,0.000000,0.367722,0.002534,0.504070,0.520516,0.006427
46,0.99930356864793,0.000464288,1,0.315628,0.453146,0.009929,0.888062,0.558211,0.308317,0.849844,0.835358,0.004083,0.627806,0.348268,0.621190,0.595287,0.004678,0.354777,0.712970,0.823604,0.346601,0.846804,0.371104,0.463661,0.000000,0.350721,0.395312,0.000000,0.709683,0.000077,0.335203,0.399746,0.643205,0.004272,0.000000,0.659657,0.614392,0.427655,0.438423,0.000000,0.619164,0.681500,0.509511,0.391023,0.008355,0.357553,0.672553,0.353839,0.880201,0.425582,0.008109,0.472024,0.693263,0.004023,0.001566,0.434393,0.486532,0.685268,0.010939,0.539062,0.429325,0.007040,0.000000,0.001745,0.819601,0.371621,0.739534,0.003293,0.029857,0.428017,0.339596,0.619492,0.941287,0.602508,0.616869,0.654108,0.310174,0.582661,0.362923,0.000737,0.032421,0.737681,0.685047,0.001604,0.891634,0.689770,0.391005,0.866476,0.517587,0.618972,0.295669,0.012013,0.004416,0.000254,0.310501,0.649910,0.838354,0.000000,0.368095,0.003529,0.505737,0.521013,0.000718
46.1,0.999315080714698,0.000456613,1,0.315731,0.447890,0.009147,0.901673,0.560759,0.308253,0.844803,0.833976,0.000000,0.627753,0.348011,0.624872,0.588296,0.000142,0.357462,0.715341,0.822249,0.345013,0.855672,0.368206,0.464045,0.000000,0.347993,0.412978,0.000000,0.713694,0.000000,0.333864,0.393140,0.642032,0.003479,0.005905,0.657910,0.616927,0.419626,0.435809,0.000000,0.625052,0.669024,0.501379,0.384799,0.004802,0.353060,0.672094,0.353513,0.879635,0.424737,0.000000,0.469599,0.685745,0.013076,0.000000,0.432116,0.487209,0.683493,0.019812,0.541641,0.425133,0.005910,0.000799,0.002463,0.824053,0.370328,0.736327,0.005751,0.026488,0.428966,0.341006,0.622290,0.939941,0.600425,0.616376,0.646364,0.308936,0.581912,0.359255,0.005329,0.032636,0.736562,0.693350,0.002664,0.889438,0.686965,0.382442,0.870446,0.524533,0.622280,0.295607,0.010622,0.001499,0.004459,0.311808,0.646301,0.840948,0.001804,0.364952,0.001956,0.504648,0.530267,0.009296
46.2,0.99932640248612,0.000449065,1,0.311895,0.447331,0.011461,0.889562,0.560130,0.309420,0.847638,0.838109,0.000000,0.622657,0.349453,0.622800,0.600642,0.000000,0.353782,0.713252,0.822136,0.343080,0.847288,0.363374,0.465119,0.000000,0.355806,0.394580,0.006917,0.715204,0.000000,0.333001,0.391087,0.644793,0.005940,0.000000,0.651800,0.614438,0.421927,0.437107,0.000000,0.627086,0.671349,0.503667,0.388848,0.003559,0.352700,0.681715,0.354222,0.878921,0.426893,0.000000,0.471544,0.683599,0.008726,0.003041,0.434094,0.487552,0.681370,0.002518,0.542587,0.430257,0.008986,0.000000,0.002882,0.816913,0.371307,0.738585,0.003587,0.022102,0.425568,0.344586,0.625031,0.939305,0.601706,0.614635,0.651175,0.305475,0.579947,0.357201,0.003946,0.033185,0.737140,0.687499,0.000000,0.884924,0.690139,0.376588,0.866790,0.523350,0.623809,0.300394,0.010995,0.000496,0.008331,0.307299,0.644811,0.844030,0.003211,0.365254,0.000000,0.511660,0.531211,0.004115
46.3,0.999337537107789,0.000441642,1,0.313989,0.447413,0.015835,0.900443,0.559185,0.308663,0.848964,0.839275,0.005965,0.623820,0.349363,0.625846,0.595604,0.000000,0.351803,0.717042,0.822213,0.344069,0.850340,0.372207,0.467747,0.000000,0.356000,0.402688,0.000000,0.705461,0.000000,0.333912,0.397619,0.644638,0.005656,0.000000,0.659251,0.614659,0.423891,0.440336,0.000000,0.625032,0.666919,0.514006,0.384102,0.008448,0.359027,0.677986,0.354286,0.880703,0.427581,0.000000,0.472089,0.693674,0.002062,0.000000,0.428802,0.486630,0.679975,0.008526,0.542189,0.427590,0.008076,0.000972,0.002549,0.819749,0.369399,0.741214,0.004677,0.027849,0.426437,0.345789,0.621279,0.941246,0.602408,0.615603,0.652483,0.309163,0.584689,0.359957,0.003983,0.031098,0.738406,0.690994,0.000000,0.887571,0.689118,0.387673,0.867858,0.522375,0.626291,0.300344,0.010974,0.000000,0.006115,0.311428,0.643764,0.850614,0.001321,0.373685,0.000000,0.515722,0.517685,0.000537
46.4,0.999348487673304,0.000434341,1,0.314828,0.457341,0.006278,0.895016,0.556487,0.309811,0.843865,0.832596,0.000000,0.624048,0.350736,0.623259,0.592592,0.000000,0.357706,0.717876,0.822530,0.346665,0.852677,0.376533,0.467740,0.002997,0.346271,0.406544,0.000000,0.703763,0.000000,0.334091,0.393956,0.644197,0.003926,0.000000,0.655974,0.615354,0.426941,0.440820,0.005358,0.623567,0.680053,0.508487,0.395267,0.004000,0.350240,0.679233,0.352971,0.876055,0.425500,0.000000,0.468437,0.687629,0.009399,0.000000,0.432709,0.490864,0.682152,0.013553,0.542370,0.431128,0.004886,0.002259,0.002129,0.823511,0.371203,0.734000,0.003645,0.030076,0.427860,0.343443,0.619231,0.939743,0.602089,0.616739,0.659374,0.310514,0.580299,0.362847,0.005014,0.031224,0.737555,0.686142,0.002338,0.889270,0.689462,0.389576,0.866664,0.516855,0.623502,0.306831,0.011631,0.006624,0.000000,0.304493,0.646711,0.839067,0.002067,0.370178,0.000000,0.517313,0.527524,0.000000
46.5,0.999359257225124,0.000427162,1,0.314092,0.448543,0.010753,0.895038,0.558526,0.312457,0.844696,0.836754,0.009134,0.627592,0.350807,0.624004,0.593941,0.006507,0.354467,0.717829,0.822833,0.348084,0.861468,0.377008,0.470412,0.001681,0.355421,0.411227,0.003226,0.710239,0.000000,0.336154,0.386541,0.642931,0.004509,0.000000,0.655185,0.617584,0.422286,0.437957,0.003744,0.620794,0.677379,0.507209,0.392462,0.005798,0.352336,0.679654,0.353660,0.876972,0.427664,0.000000,0.469179,0.693733,0.010500,0.000000,0.432599,0.479979,0.681157,0.005249,0.540468,0.426498,0.006061,0.000776,0.001362,0.817926,0.367382,0.733850,0.003076,0.023829,0.426146,0.341964,0.620230,0.942693,0.606178,0.613159,0.651299,0.312275,0.583357,0.361876,0.004472,0.030791,0.736851,0.692341,0.003343,0.894076,0.689965,0.375473,0.868055,0.513784,0.625213,0.295549,0.010508,0.002379,0.001194,0.303121,0.649663,0.841682,0.004437,0.358095,0.005529,0.503541,0.526860,0.002233
46.6,0.999369848755416,0.000420101,1,0.312861,0.449913,0.010590,0.898149,0.553722,0.308935,0.849395,0.836313,0.004796,0.632289,0.350171,0.623972,0.607142,0.000000,0.358453,0.715183,0.822462,0.345495,0.856751,0.376806,0.463679,0.000000,0.347780,0.403325,0.003601,0.715175,0.006155,0.330646,0.390080,0.644764,0.002798,0.000000,0.659048,0.616730,0.419871,0.435954,0.000000,0.625960,0.682037,0.515361,0.393017,0.002473,0.353857,0.674107,0.353164,0.875596,0.426908,0.000000,0.467244,0.689498,0.012450,0.001201,0.435451,0.489974,0.684063,0.010244,0.543032,0.430281,0.008902,0.003420,0.001755,0.823014,0.369233,0.745567,0.004199,0.026216,0.429532,0.343721,0.619505,0.941374,0.605354,0.613976,0.651622,0.306613,0.587283,0.357654,0.000000,0.031282,0.736480,0.693654,0.008516,0.887964,0.687242,0.393071,0.871651,0.516806,0.619828,0.294534,0.010996,0.006221,0.006185,0.307358,0.647827,0.838950,0.000000,0.369512,0.000420,0.505831,0.528572,0.001080
46.7,0.99938026520689,0.000413156,1,0.314170,0.453155,0.015113,0.898880,0.556750,0.308519,0.849531,0.834002,0.009146,0.632646,0.350973,0.624381,0.598186,0.005331,0.354381,0.717368,0.821379,0.343162,0.853010,0.375365,0.458972,0.000000,0.347808,0.407706,0.000000,0.711898,0.005689,0.336981,0.388425,0.645445,0.004897,0.000000,0.649323,0.617086,0.430113,0.439222,0.002998,0.625707,0.676757,0.507577,0.395118,0.008583,0.351096,0.681361,0.355025,0.877989,0.428242,0.000851,0.472314,0.686524,0.008727,0.000000,0.437624,0.480226,0.681551,0.014053,0.542520,0.430603,0.006578,0.000000,0.001397,0.816814,0.368719,0.736076,0.003277,0.022746,0.426599,0.341953,0.625115,0.940426,0.602970,0.615903,0.657398,0.313634,0.587739,0.357907,0.000000,0.031056,0.735599,0.686440,0.003167,0.890424,0.687159,0.390728,0.867316,0.516135,0.619703,0.298039,0.009178,0.000615,0.000000,0.304930,0.645020,0.843097,0.001486,0.361396,0.000000,0.514996,0.526906,0.008706
46.8,0.999390509473608,0.000406327,1,0.317112,0.451797,0.018032,0.889606,0.557918,0.312718,0.846653,0.831963,0.007538,0.627613,0.349869,0.624551,0.607684,0.002944,0.354544,0.717666,0.821380,0.347844,0.846425,0.372080,0.459739,0.003079,0.345984,0.395575,0.005236,0.711531,0.001257,0.336955,0.387155,0.642072,0.003613,0.000000,0.646743,0.617787,0.430607,0.437750,0.007387,0.622484,0.686242,0.502100,0.389390,0.005791,0.351901,0.679003,0.353907,0.880487,0.428680,0.006739,0.471824,0.691145,0.010017,0.000000,0.429244,0.489930,0.680030,0.002313,0.543552,0.429376,0.004395,0.003045,0.002794,0.821776,0.370968,0.747281,0.004436,0.026909,0.429214,0.343747,0.621096,0.941338,0.602392,0.613629,0.657001,0.311673,0.585459,0.356215,0.004200,0.029972,0.738409,0.690790,0.000000,0.885191,0.688354,0.384353,0.872020,0.521637,0.625450,0.300269,0.007325,0.007007,0.000000,0.309223,0.652216,0.840388,0.000000,0.375000,0.005136,0.514736,0.517087,0.004015
46.9,0.999400584401798,0.00039961,1,0.315207,0.451774,0.012798,0.899803,0.561567,0.312894,0.848518,0.837929,0.001608,0.631697,0.349692,0.627490,0.594599,0.000000,0.357762,0.715261,0.821454,0.346066,0.862717,0.374619,0.458257,0.001442,0.354497,0.401110,0.006012,0.710712,0.000000,0.335832,0.397703,0.645380,0.001891,0.000000,0.661337,0.617724,0.421241,0.439866,0.008365,0.619552,0.669844,0.507699,0.386308,0.002897,0.359166,0.680986,0.354832,0.880024,0.428621,0.000000,0.468670,0.691242,0.000000,0.000000,0.430946,0.488921,0.684072,0.014288,0.543595,0.426490,0.007009,0.000000,0.002804,0.825688,0.371235,0.738150,0.003732,0.022063,0.427713,0.342889,0.619615,0.939753,0.601238,0.612546,0.657479,0.307046,0.585146,0.365136,0.005121,0.028614,0.738181,0.687946,0.007151,0.888492,0.689245,0.384779,0.867704,0.525148,0.625886,0.302442,0.007942,0.000563,0.001177,0.305038,0.648749,0.839701,0.000000,0.364529,0.004520,0.509652,0.530860,0.001279
47,0.999410492790636,0.000393005,1,0.315902,0.457819,0.009547,0.901549,0.566332,0.309793,0.845758,0.831976,0.004317,0.633016,0.351718,0.628261,0.596455,0.000000,0.351370,0.715558,0.824309,0.350636,0.861408,0.368357,0.465301,0.000000,0.358302,0.412507,0.004910,0.714789,0.000000,0.332540,0.396623,0.642308,0.005574,0.007702,0.654937,0.617518,0.431904,0.439498,0.000000,0.623906,0.672753,0.516396,0.394578,0.010572,0.358500,0.680057,0.353696,0.877767,0.428685,0.000000,0.468109,0.691777,0.005361,0.001431,0.433562,0.488981,0.680567,0.004669,0.543588,0.425953,0.004269,0.001214,0.002428,0.819724,0.367398,0.736256,0.003882,0.023877,0.431311,0.343641,0.623143,0.943778,0.601220,0.615977,0.652223,0.308748,0.586195,0.360864,0.001682,0.029580,0.735637,0.691513,0.007711,0.889468,0.688616,0.378607,0.868397,0.516553,0.621305,0.302830,0.009488,0.003911,0.005815,0.306641,0.649341,0.842484,0.000986,0.358744,0.000000,0.505122,0.523420,0.000000
47.1,0.99942023739303,0.000386508,1,0.316897,0.455397,0.012810,0.894141,0.553269,0.312929,0.850012,0.836142,0.000000,0.622894,0.351310,0.625692,0.598114,0.000000,0.352216,0.714046,0.822162,0.345963,0.849717,0.375761,0.459900,0.000000,0.357750,0.399690,0.000000,0.705393,0.000000,0.335317,0.391500,0.641695,0.005054,0.000000,0.646675,0.615625,0.421136,0.437603,0.000000,0.619832,0.674745,0.506164,0.390094,0.004684,0.356581,0.676576,0.354420,0.878878,0.430186,0.009431,0.470602,0.692144,0.009149,0.000583,0.431291,0.490431,0.684095,0.007692,0.542808,0.428153,0.007096,0.000000,0.001644,0.822303,0.368348,0.746066,0.003982,0.021045,0.431880,0.348102,0.622992,0.941548,0.605872,0.614361,0.649537,0.310391,0.586438,0.355889,0.000000,0.027755,0.737403,0.687402,0.001962,0.888058,0.686854,0.381311,0.868825,0.520488,0.620918,0.302312,0.007018,0.000000,0.003103,0.309312,0.652110,0.840899,0.000000,0.358421,0.000000,0.501415,0.525361,0.002028
47.2,0.99942982091638,0.000380119,1,0.316372,0.453957,0.015187,0.892424,0.561067,0.312483,0.852565,0.836120,0.005909,0.628294,0.350304,0.628978,0.607576,0.000760,0.357924,0.713676,0.823250,0.346548,0.859883,0.369817,0.461023,0.002220,0.354734,0.399265,0.000000,0.714324,0.000000,0.334517,0.389651,0.643962,0.006162,0.000203,0.660886,0.618438,0.424804,0.437779,0.000179,0.619577,0.686131,0.512453,0.387020,0.008925,0.357446,0.685330,0.355520,0.882374,0.429414,0.000000,0.467423,0.694929,0.003394,0.000000,0.443796,0.480859,0.680016,0.005034,0.542062,0.426551,0.008593,0.000000,0.001241,0.816374,0.368263,0.745069,0.004870,0.021542,0.428787,0.345883,0.623106,0.942205,0.605553,0.614954,0.648515,0.309757,0.584847,0.356390,0.000000,0.028371,0.735030,0.694394,0.000000,0.896025,0.688682,0.385267,0.866382,0.514780,0.620580,0.304027,0.010282,0.004391,0.000000,0.305640,0.647927,0.849656,0.001259,0.369455,0.000000,0.510405,0.526878,0.003361
47.3,0.999439246023334,0.000373836,1,0.314078,0.454588,0.002560,0.890216,0.557481,0.311569,0.847192,0.834950,0.008235,0.628803,0.352927,0.629281,0.595505,0.008111,0.353510,0.717611,0.825059,0.346926,0.847515,0.369745,0.470350,0.000000,0.360965,0.411498,0.007358,0.705115,0.000000,0.331270,0.396411,0.644200,0.004956,0.000000,0.660207,0.618510,0.435475,0.440322,0.001136,0.624152,0.674474,0.514498,0.392171,0.005810,0.356852,0.686762,0.355409,0.876796,0.430168,0.000000,0.472363,0.691377,0.011602,0.000000,0.444292,0.490240,0.680804,0.011629,0.541281,0.426851,0.004837,0.003289,0.002197,0.821904,0.367395,0.740389,0.003072,0.017560,0.431806,0.348091,0.623469,0.943173,0.606330,0.611960,0.660872,0.309384,0.585730,0.357234,0.000000,0.028285,0.737693,0.691006,0.004698,0.887891,0.687193,0.381735,0.870131,0.513125,0.622156,0.301017,0.006319,0.003545,0.001104,0.301004,0.649908,0.853743,0.001277,0.359065,0.001747,0.502227,0.529037,0.008552
47.4,0.999448515332526,0.000367656,1,0.311847,0.456155,0.012765,0.894707,0.569340,0.310246,0.844362,0.833579,0.007084,0.630118,0.352403,0.626670,0.606775,0.006910,0.356868,0.716368,0.821788,0.343523,0.853523,0.374328,0.460028,0.001190,0.352463,0.395076,0.003841,0.714569,0.002385,0.332059,0.398207,0.646748,0.002110,0.005150,0.652227,0.617510,0.429255,0.441256,0.000000,0.621278,0.685186,0.502432,0.391999,0.003856,0.358675,0.681452,0.356066,0.879918,0.431556,0.003587,0.470449,0.692217,0.000000,0.000000,0.435844,0.481831,0.680831,0.001978,0.543051,0.426052,0.007739,0.000000,0.000634,0.823970,0.371108,0.748093,0.003835,0.025975,0.431284,0.346596,0.621150,0.940587,0.605531,0.611748,0.658701,0.308297,0.591390,0.362143,0.000000,0.028092,0.735113,0.694408,0.003857,0.888022,0.690255,0.383840,0.870012,0.514443,0.621384,0.300078,0.010340,0.006789,0.000000,0.309085,0.652644,0.844137,0.000000,0.361404,0.005203,0.509289,0.525406,0.000000
47.5,0.999457631419304,0.000361579,1,0.313951,0.457921,0.008089,0.895264,0.560061,0.311323,0.845906,0.838420,0.006591,0.628690,0.351646,0.627313,0.608961,0.004192,0.355019,0.713345,0.822157,0.350199,0.855817,0.374448,0.470721,0.002419,0.352658,0.405901,0.001218,0.706041,0.004331,0.339644,0.399394,0.643629,0.002393,0.003688,0.648777,0.618026,0.432294,0.440405,0.007193,0.618699,0.675662,0.501424,0.395796,0.003996,0.362642,0.683718,0.354677,0.878581,0.430712,0.008185,0.468048,0.698802,0.009457,0.002864,0.436737,0.486367,0.682035,0.015803,0.540020,0.431905,0.006198,0.001249,0.001187,0.823065,0.371440,0.737939,0.002890,0.025580,0.431193,0.348592,0.619231,0.941271,0.600781,0.614666,0.657793,0.313749,0.588083,0.361185,0.000000,0.026292,0.737463,0.693443,0.006016,0.891596,0.689149,0.395125,0.867521,0.513878,0.621808,0.296401,0.009450,0.000470,0.004086,0.311650,0.644731,0.839857,0.000000,0.364862,0.001903,0.515665,0.517836,0.004825
47.6,0.999466596816446,0.000355602,1,0.316391,0.455720,0.009714,0.897554,0.570589,0.311099,0.848026,0.835223,0.000000,0.622462,0.352978,0.630541,0.601333,0.002604,0.356254,0.717861,0.825299,0.350914,0.848114,0.364225,0.465429,0.001167,0.351818,0.402770,0.000211,0.712850,0.000000,0.337393,0.394280,0.643329,0.002424,0.007548,0.647793,0.618119,0.426871,0.437792,0.000000,0.626959,0.679344,0.509164,0.388870,0.008466,0.353647,0.687945,0.353965,0.878971,0.431053,0.005004,0.469111,0.699071,0.007271,0.000000,0.441732,0.486707,0.683855,0.015635,0.541553,0.430088,0.004309,0.000000,0.002168,0.816521,0.367383,0.745103,0.004420,0.025228,0.431473,0.347853,0.619356,0.940513,0.604984,0.614853,0.655090,0.310923,0.592115,0.355601,0.000000,0.026042,0.735214,0.693477,0.005608,0.889012,0.688451,0.395405,0.870371,0.519984,0.626701,0.299439,0.008312,0.007291,0.000000,0.307818,0.647907,0.850858,0.002653,0.363847,0.001043,0.514609,0.517652,0.000000
47.7,0.999475414014861,0.000349724,1,0.317015,0.457685,0.013543,0.888621,0.560346,0.310260,0.848994,0.832780,0.003640,0.628948,0.351527,0.629741,0.600062,0.006481,0.353892,0.712958,0.822938,0.348738,0.863025,0.365038,0.467306,0.000000,0.351881,0.409113,0.000000,0.704308,0.000000,0.340543,0.390377,0.644685,0.005360,0.000000,0.653685,0.618156,0.435576,0.440482,0.005247,0.622447,0.676015,0.511965,0.387599,0.009953,0.355965,0.679160,0.356094,0.880079,0.431749,0.000000,0.469857,0.695440,0.011489,0.000000,0.446748,0.487018,0.682452,0.009424,0.541886,0.426125,0.005225,0.000000,0.002401,0.819480,0.370602,0.746074,0.003633,0.018110,0.432571,0.349479,0.624745,0.939992,0.601231,0.612948,0.661222,0.310930,0.589960,0.363789,0.000495,0.026475,0.736116,0.692577,0.000000,0.886350,0.688327,0.395340,0.871537,0.522708,0.625712,0.302058,0.005847,0.007580,0.005179,0.308076,0.651499,0.841764,0.002037,0.358746,0.000000,0.511573,0.518542,0.001230
47.8,0.999484085464286,0.000343943,1,0.317638,0.455608,0.003373,0.896653,0.555244,0.308417,0.849540,0.835363,0.002178,0.626096,0.353424,0.628209,0.595120,0.003682,0.352888,0.717534,0.822721,0.345379,0.856532,0.369276,0.465985,0.000000,0.353575,0.397194,0.006837,0.709019,0.000000,0.338040,0.391939,0.644096,0.003929,0.008398,0.651808,0.618460,0.426426,0.438714,0.000176,0.618546,0.690488,0.504220,0.386996,0.006200,0.358389,0.683319,0.355975,0.882024,0.431465,0.000000,0.468915,0.691441,0.008971,0.003175,0.437814,0.483101,0.686450,0.014230,0.539997,0.431925,0.004544,0.000000,0.002519,0.823014,0.371264,0.742644,0.003753,0.017700,0.430923,0.345939,0.623116,0.942648,0.607112,0.615395,0.651525,0.307759,0.587662,0.360153,0.000191,0.025533,0.736684,0.696706,0.000000,0.886449,0.688381,0.387452,0.870319,0.522148,0.626539,0.302844,0.009410,0.004495,0.006916,0.300226,0.649999,0.841195,0.000000,0.370684,0.004173,0.520017,0.519202,0.003666
47.9,0.999492613573961,0.000338258,1,0.314444,0.459044,0.001015,0.894693,0.569053,0.309761,0.848198,0.836650,0.005452,0.632881,0.354394,0.628820,0.606487,0.001297,0.354444,0.714469,0.821899,0.348391,0.849587,0.374334,0.460767,0.001017,0.355654,0.402199,0.006911,0.704729,0.000000,0.339288,0.395024,0.645752,0.004673,0.004611,0.651505,0.618576,0.428591,0.441502,0.000087,0.622402,0.675686,0.513527,0.395383,0.001865,0.357616,0.685697,0.354606,0.876891,0.429978,0.000000,0.467177,0.691413,0.000000,0.000000,0.447633,0.490201,0.682969,0.008110,0.542579,0.428780,0.004166,0.001318,0.001426,0.822168,0.370283,0.744264,0.002520,0.022567,0.434088,0.347958,0.620080,0.942047,0.601395,0.616833,0.662657,0.313299,0.591601,0.357203,0.006075,0.026650,0.736146,0.690826,0.000000,0.890597,0.687716,0.383761,0.868272,0.515866,0.621100,0.298112,0.007010,0.005043,0.008907,0.309778,0.648448,0.847159,0.000000,0.373204,0.002135,0.516423,0.527890,0.000000
48,0.999501000713303,0.000332666,1,0.316441,0.452471,0.014688,0.886575,0.568837,0.312877,0.849883,0.834031,0.007029,0.631483,0.354412,0.629739,0.602029,0.005248,0.356983,0.714759,0.821583,0.343901,0.849360,0.373704,0.470942,0.000450,0.353849,0.407254,0.000000,0.710170,0.005086,0.341102,0.400079,0.644490,0.004792,0.000000,0.661252,0.616895,0.430533,0.438249,0.000000,0.625918,0.684409,0.505393,0.388669,0.003467,0.356079,0.681064,0.356607,0.877459,0.430523,0.000000,0.467807,0.696820,0.000721,0.001835,0.441591,0.491249,0.680776,0.003395,0.541276,0.428380,0.007345,0.000000,0.001789,0.825044,0.371598,0.739476,0.001208,0.016439,0.429598,0.350238,0.621117,0.943586,0.604182,0.617057,0.654061,0.310078,0.591191,0.361574,0.005771,0.024394,0.738420,0.695639,0.000000,0.887224,0.688185,0.380008,0.867868,0.520023,0.624547,0.294766,0.005312,0.003765,0.000000,0.303596,0.645963,0.847755,0.000000,0.372059,0.000000,0.517904,0.521633,0.000000
48.1,0.999509249212563,0.000327167,1,0.315250,0.456791,0.011629,0.891321,0.569302,0.310140,0.850421,0.836252,0.000000,0.623013,0.352720,0.629317,0.611203,0.003682,0.357062,0.714235,0.823804,0.343805,0.860741,0.376456,0.464742,0.000000,0.363616,0.400617,0.002935,0.703753,0.003021,0.334898,0.394534,0.645713,0.003346,0.000000,0.653754,0.618511,0.426469,0.439796,0.005719,0.624940,0.688481,0.515844,0.397607,0.007370,0.363267,0.691049,0.356623,0.878025,0.433212,0.000000,0.467324,0.690338,0.006598,0.003353,0.445240,0.483154,0.682513,0.012376,0.544086,0.431548,0.002527,0.002257,0.001151,0.824486,0.372126,0.741083,0.001896,0.020238,0.430577,0.347194,0.620766,0.941262,0.601482,0.613367,0.652796,0.310055,0.592370,0.358964,0.000000,0.024358,0.735047,0.697765,0.002857,0.895744,0.687223,0.388120,0.871560,0.523983,0.624897,0.298703,0.007139,0.000000,0.000000,0.304727,0.652116,0.845864,0.003547,0.376691,0.005034,0.506636,0.517902,0.005652
48.2,0.999517361363469,0.000321759,1,0.315614,0.452112,0.007398,0.896088,0.565096,0.310842,0.844911,0.836483,0.000000,0.623978,0.354334,0.632182,0.603860,0.001101,0.356500,0.716466,0.825095,0.346571,0.854431,0.377680,0.459191,0.000619,0.353807,0.407977,0.000000,0.704617,0.000000,0.340136,0.400567,0.644928,0.001012,0.002141,0.653717,0.619646,0.429172,0.437855,0.000000,0.618002,0.681631,0.513454,0.389171,0.009288,0.359238,0.688754,0.356657,0.878836,0.431828,0.000000,0.472571,0.697329,0.001433,0.002373,0.436209,0.490968,0.683505,0.011251,0.543919,0.431088,0.004485,0.001962,0.000688,0.824080,0.368136,0.737028,0.002147,0.018221,0.436301,0.349431,0.623722,0.939952,0.604619,0.616373,0.659580,0.308524,0.594162,0.356533,0.002611,0.023783,0.737811,0.691702,0.000104,0.892854,0.687461,0.378378,0.870300,0.514806,0.624815,0.305719,0.007417,0.000007,0.000000,0.301866,0.650687,0.839350,0.003374,0.376025,0.001607,0.520865,0.518544,0.006809
48.3,0.999525339419872,0.00031644,1,0.313331,0.454566,0.001950,0.891907,0.569137,0.312641,0.850818,0.836864,0.001826,0.632006,0.355172,0.632898,0.611257,0.000000,0.353464,0.716196,0.822951,0.345719,0.853618,0.370535,0.460753,0.000000,0.356119,0.400572,0.000451,0.703223,0.000706,0.341486,0.397511,0.645506,0.000729,0.000000,0.657504,0.617683,0.428445,0.441328,0.000000,0.627438,0.687138,0.510039,0.397626,0.002833,0.355454,0.684527,0.354829,0.882442,0.431095,0.000000,0.472552,0.700316,0.000000,0.000000,0.443747,0.484580,0.683698,0.006049,0.544432,0.430947,0.005405,0.000000,0.000366,0.825536,0.371349,0.741085,0.003476,0.016712,0.435771,0.349101,0.622599,0.943856,0.603744,0.616555,0.661270,0.305533,0.590590,0.361640,0.003813,0.023425,0.735667,0.698912,0.001822,0.895146,0.688381,0.390088,0.869828,0.516490,0.620644,0.303467,0.006909,0.004269,0.000000,0.306052,0.653264,0.849540,0.000000,0.361911,0.000000,0.506274,0.526867,0.000000
48.4,0.999533185598362,0.00031121,1,0.313344,0.452577,0.003648,0.894193,0.564351,0.310774,0.845897,0.839935,0.000000,0.626182,0.353349,0.633365,0.606005,0.001069,0.355696,0.717648,0.824649,0.349122,0.858473,0.372207,0.472904,0.000000,0.353393,0.399232,0.000000,0.716221,0.000000,0.341610,0.392525,0.644308,0.004398,0.002767,0.656990,0.619092,0.423263,0.441200,0.000000,0.619097,0.682408,0.512536,0.390264,0.002777,0.353944,0.683470,0.356093,0.882770,0.433332,0.000000,0.470469,0.692251,0.002104,0.000582,0.448972,0.482574,0.686341,0.015763,0.542004,0.428616,0.006518,0.000000,0.000800,0.819323,0.371400,0.748854,0.003271,0.016266,0.435771,0.346111,0.619880,0.944449,0.604909,0.617989,0.658000,0.311851,0.590120,0.359083,0.000786,0.023613,0.737634,0.693402,0.000000,0.893476,0.687646,0.394987,0.867338,0.515202,0.624916,0.304791,0.007911,0.000000,0.006472,0.305106,0.647029,0.848300,0.004116,0.359373,0.004799,0.514750,0.521827,0.000467
48.5,0.999540902078892,0.000306065,1,0.314666,0.454001,0.010419,0.896933,0.559754,0.311358,0.846992,0.835131,0.000000,0.626601,0.355600,0.634289,0.602484,0.000000,0.355546,0.716219,0.823121,0.350442,0.862940,0.372165,0.469181,0.003408,0.364519,0.409970,0.005161,0.712451,0.000426,0.336356,0.394268,0.647241,0.001058,0.006868,0.648943,0.617531,0.422410,0.437873,0.000000,0.627213,0.682273,0.516535,0.390453,0.003098,0.359782,0.689709,0.356037,0.882965,0.432827,0.000000,0.472632,0.697651,0.010287,0.000000,0.448423,0.483198,0.688711,0.000000,0.542960,0.426253,0.006009,0.000000,0.000946,0.818057,0.368167,0.739954,0.001541,0.014828,0.436241,0.350080,0.622596,0.942386,0.604424,0.612218,0.659260,0.311919,0.590870,0.361755,0.005610,0.023029,0.738259,0.691215,0.007172,0.895394,0.689203,0.391561,0.869998,0.524201,0.619600,0.302469,0.007094,0.004850,0.000000,0.303170,0.650560,0.847382,0.001731,0.366919,0.004853,0.516137,0.519637,0.006211
48.6,0.999548491005378,0.000301006,1,0.312237,0.460430,0.005469,0.892339,0.568368,0.309598,0.851465,0.833565,0.000000,0.628447,0.353957,0.631653,0.597908,0.002114,0.351387,0.716193,0.824847,0.347630,0.863512,0.371442,0.471456,0.000000,0.358380,0.404496,0.005081,0.705467,0.007864,0.337729,0.402128,0.642911,0.001218,0.003627,0.651363,0.619725,0.427896,0.441657,0.000000,0.626009,0.684530,0.505151,0.391252,0.004732,0.362167,0.683344,0.356933,0.879004,0.433831,0.000000,0.473464,0.701251,0.005093,0.003505,0.445197,0.486107,0.681474,0.004662,0.544130,0.427435,0.006390,0.000000,0.000371,0.824205,0.368866,0.746307,0.002085,0.013253,0.436796,0.349616,0.619200,0.942365,0.601252,0.616196,0.658013,0.313852,0.592201,0.360948,0.003165,0.023357,0.736328,0.694196,0.000000,0.892555,0.687359,0.379261,0.868921,0.519720,0.620590,0.299182,0.006797,0.003509,0.000000,0.312891,0.652933,0.851926,0.000000,0.369573,0.000000,0.513188,0.524199,0.004726
48.7,0.999555954486298,0.00029603,1,0.314104,0.454313,0.015263,0.890611,0.563394,0.308623,0.852696,0.836381,0.000000,0.624171,0.355478,0.634902,0.595590,0.001375,0.352218,0.717502,0.823849,0.348834,0.852387,0.366080,0.463148,0.003741,0.364314,0.402611,0.000000,0.706335,0.007544,0.340042,0.390877,0.644943,0.003672,0.000000,0.655999,0.617698,0.427784,0.439863,0.000000,0.621343,0.683900,0.509270,0.394547,0.001008,0.363606,0.686470,0.354721,0.882271,0.433697,0.003445,0.469749,0.702766,0.008106,0.000000,0.444691,0.489290,0.688878,0.008239,0.541031,0.429223,0.006744,0.000000,0.001433,0.820604,0.369648,0.743730,0.003708,0.014462,0.437396,0.348293,0.619982,0.940482,0.606486,0.612382,0.652576,0.310817,0.597375,0.360473,0.000000,0.022957,0.737970,0.692346,0.000333,0.895832,0.687016,0.392250,0.866890,0.524023,0.626611,0.296246,0.004388,0.006962,0.002475,0.311682,0.654221,0.839717,0.000000,0.371800,0.004821,0.511118,0.516922,0.000000
48.8,0.999563294595277,0.000291137,1,0.316187,0.459886,0.000000,0.888760,0.567532,0.310061,0.846541,0.836425,0.003868,0.629277,0.355767,0.632255,0.598359,0.000000,0.358728,0.716031,0.823229,0.345501,0.864451,0.369408,0.463922,0.000000,0.358176,0.409435,0.000000,0.713081,0.000000,0.337270,0.404027,0.642743,0.004437,0.005296,0.658768,0.618721,0.420978,0.439127,0.000000,0.623147,0.685620,0.508426,0.395093,0.000000,0.358122,0.682204,0.357087,0.883338,0.432971,0.000000,0.468089,0.700907,0.004347,0.000000,0.446963,0.482646,0.681634,0.005159,0.543818,0.425703,0.001767,0.002237,0.000654,0.822500,0.368971,0.744387,0.003003,0.022181,0.435344,0.351465,0.622512,0.942919,0.604963,0.615797,0.660043,0.305959,0.597295,0.360789,0.000000,0.023412,0.737516,0.692018,0.000000,0.896105,0.689605,0.387080,0.871643,0.516715,0.624723,0.300118,0.004074,0.004197,0.000794,0.306929,0.652333,0.839112,0.003590,0.372168,0.002653,0.506795,0.520862,0.000000
48.9,0.999570513371662,0.000286324,1,0.314551,0.457400,0.001482,0.894407,0.564259,0.310821,0.848646,0.833363,0.002432,0.624420,0.354524,0.633291,0.604195,0.001257,0.358860,0.715311,0.824389,0.350187,0.856804,0.374934,0.471792,0.000348,0.359502,0.413508,0.000000,0.707845,0.001796,0.334062,0.403350,0.647174,0.004222,0.000000,0.648381,0.618594,0.429774,0.442263,0.002951,0.618880,0.684524,0.507391,0.389967,0.004917,0.361808,0.684460,0.355560,0.882691,0.435054,0.000000,0.469416,0.701982,0.008201,0.000444,0.442133,0.491496,0.684641,0.010836,0.541487,0.426669,0.006069,0.000508,0.001091,0.824316,0.367895,0.739769,0.002786,0.013597,0.431289,0.350784,0.622887,0.944225,0.607389,0.616018,0.663902,0.307134,0.594116,0.357792,0.002488,0.021959,0.735299,0.700270,0.000000,0.887419,0.690200,0.384313,0.871268,0.514747,0.622857,0.299509,0.004825,0.006434,0.007548,0.300731,0.645224,0.842837,0.000000,0.362451,0.000000,0.520782,0.518082,0.005899
49,0.99957761282109,0.000281591,1,0.313129,0.451577,0.006357,0.889671,0.565719,0.310536,0.850295,0.836438,0.008496,0.623601,0.355130,0.632541,0.598535,0.000000,0.355550,0.716855,0.822613,0.344173,0.859635,0.377661,0.467380,0.000000,0.364096,0.406085,0.000000,0.704800,0.003716,0.336538,0.394814,0.645260,0.000049,0.006354,0.657118,0.620394,0.432614,0.439482,0.007213,0.618134,0.685879,0.510867,0.390909,0.006304,0.364523,0.684697,0.356500,0.876999,0.433058,0.005343,0.472373,0.698782,0.000000,0.000000,0.446255,0.487724,0.685198,0.010612,0.542594,0.426642,0.005215,0.000000,0.001982,0.825645,0.371237,0.738090,0.000713,0.012979,0.431913,0.348917,0.623658,0.940704,0.602749,0.615841,0.662733,0.309360,0.597386,0.360520,0.000000,0.022879,0.737893,0.691494,0.000000,0.885664,0.688826,0.388276,0.869471,0.523117,0.625299,0.296952,0.005568,0.001429,0.001636,0.309210,0.652575,0.853722,0.002193,0.369622,0.004173,0.517689,0.522341,0.003545
49.1,0.999584594916046,0.000276937,1,0.314966,0.453897,0.004877,0.889422,0.575855,0.308422,0.844287,0.835829,0.002181,0.631328,0.355722,0.636029,0.604685,0.000000,0.357344,0.714502,0.823345,0.350805,0.857506,0.365705,0.461975,0.000000,0.364390,0.411331,0.004966,0.713390,0.004243,0.335819,0.406308,0.647533,0.000604,0.000000,0.659582,0.619806,0.421855,0.441387,0.004025,0.618819,0.690578,0.514220,0.399808,0.005073,0.362764,0.689258,0.357306,0.882926,0.435310,0.003526,0.470313,0.692946,0.000892,0.001612,0.441681,0.489558,0.682213,0.001604,0.540764,0.428426,0.003808,0.000000,0.001719,0.824437,0.370873,0.747188,0.003084,0.014418,0.434582,0.349193,0.622676,0.940793,0.604065,0.616185,0.659353,0.306785,0.596713,0.356213,0.001853,0.022183,0.736320,0.699412,0.001542,0.885859,0.688805,0.391733,0.870994,0.513710,0.623993,0.299630,0.004460,0.002383,0.000000,0.312312,0.651460,0.848461,0.000282,0.363393,0.004953,0.505052,0.521491,0.000239
49.2,0.999591461596406,0.000272359,1,0.312939,0.461074,0.005972,0.899505,0.567872,0.308177,0.845371,0.839909,0.002145,0.625824,0.357285,0.636764,0.598162,0.007012,0.358235,0.713947,0.825420,0.346249,0.861005,0.363964,0.463751,0.000000,0.359656,0.413401,0.004605,0.714299,0.004282,0.335177,0.396753,0.645521,0.002627,0.004425,0.655309,0.618159,0.430619,0.443279,0.000055,0.623497,0.679919,0.503439,0.396191,0.002682,0.364138,0.694542,0.355935,0.878597,0.435391,0.000000,0.472106,0.696276,0.005145,0.000000,0.445388,0.489117,0.684983,0.014074,0.541156,0.430602,0.003065,0.000000,0.000066,0.816170,0.370236,0.737505,0.001859,0.015019,0.433502,0.349164,0.623595,0.941273,0.606340,0.616303,0.654683,0.311000,0.598827,0.361021,0.000000,0.022124,0.737649,0.697054,0.000000,0.893403,0.688492,0.392837,0.871419,0.522130,0.621695,0.294311,0.004211,0.005242,0.000000,0.307008,0.646543,0.847470,0.000000,0.376436,0.000000,0.518503,0.531613,0.000000
49.3,0.999598214769983,0.000267857,1,0.315932,0.461003,0.000000,0.888130,0.572492,0.308583,0.845154,0.836588,0.005151,0.632204,0.357253,0.637126,0.613515,0.000000,0.355595,0.715738,0.822351,0.349627,0.863205,0.375835,0.469248,0.001699,0.360943,0.396044,0.005925,0.710828,0.000399,0.335743,0.396337,0.647168,0.003552,0.007301,0.651222,0.619063,0.431005,0.438733,0.005241,0.618867,0.690231,0.503633,0.398606,0.002627,0.358536,0.696264,0.356325,0.877320,0.434258,0.003272,0.471063,0.702755,0.000341,0.000000,0.446033,0.485309,0.684231,0.015277,0.543696,0.430101,0.003480,0.000000,0.000521,0.818619,0.370935,0.740229,0.001252,0.020327,0.437779,0.349815,0.620291,0.942701,0.603183,0.613513,0.657342,0.306232,0.599417,0.357765,0.002578,0.021093,0.736806,0.695350,0.004291,0.887524,0.688450,0.389685,0.871295,0.513941,0.623971,0.294506,0.004665,0.005351,0.000000,0.308628,0.648751,0.850387,0.000000,0.371711,0.000000,0.509501,0.523878,0.000000
49.4,0.999604856313054,0.000263429,1,0.312367,0.459856,0.000511,0.893213,0.572764,0.312149,0.850431,0.838176,0.005447,0.630486,0.356584,0.634948,0.606036,0.007704,0.354173,0.717507,0.824871,0.344834,0.856532,0.378143,0.470934,0.000758,0.360618,0.409347,0.000000,0.708684,0.000000,0.339358,0.402989,0.647524,0.003254,0.007941,0.656203,0.618638,0.420112,0.441871,0.000506,0.627287,0.681631,0.504080,0.399023,0.001251,0.361921,0.692859,0.357613,0.879037,0.434624,0.000000,0.471918,0.696837,0.010429,0.000000,0.441407,0.481142,0.689201,0.012168,0.543055,0.431475,0.004083,0.003628,0.000667,0.817839,0.370577,0.747959,0.003175,0.017271,0.433051,0.349574,0.623878,0.940843,0.605591,0.617011,0.659612,0.307537,0.598105,0.363370,0.001348,0.020222,0.735225,0.693071,0.004681,0.885886,0.689552,0.396033,0.867444,0.519424,0.624113,0.295523,0.004713,0.000000,0.000000,0.305859,0.648842,0.847864,0.000000,0.371952,0.000000,0.516510,0.516452,0.005605
49.5,0.999611388070878,0.000259075,1,0.314592,0.452518,0.004260,0.886747,0.571845,0.311186,0.850474,0.835137,0.002354,0.625397,0.356061,0.634495,0.605270,0.000000,0.354099,0.713138,0.822351,0.346361,0.860200,0.365089,0.473051,0.000000,0.358228,0.406206,0.000000,0.712343,0.000054,0.340191,0.403269,0.642989,0.002503,0.000000,0.655970,0.620829,0.435794,0.443559,0.000000,0.623120,0.690258,0.502991,0.389506,0.007480,0.357607,0.688518,0.356726,0.883046,0.435033,0.000000,0.468594,0.702469,0.007060,0.000000,0.452393,0.492413,0.688173,0.000000,0.540866,0.425002,0.004696,0.000000,0.001048,0.816225,0.370068,0.740964,0.000803,0.019042,0.437631,0.351826,0.620414,0.943428,0.607263,0.614594,0.663053,0.308723,0.596255,0.363344,0.004350,0.020539,0.735057,0.694452,0.000804,0.888539,0.688078,0.397568,0.869292,0.519757,0.625987,0.295427,0.007028,0.005469,0.005246,0.310856,0.647341,0.839595,0.000000,0.370493,0.000000,0.516386,0.524622,0.000000
49.6,0.999617811858214,0.000254792,1,0.315634,0.453865,0.003238,0.892410,0.569875,0.310485,0.844848,0.833035,0.003908,0.623252,0.357794,0.636241,0.616130,0.000000,0.358506,0.714555,0.824274,0.346949,0.866620,0.367594,0.465128,0.000000,0.361047,0.409771,0.005017,0.708654,0.000000,0.335922,0.405209,0.647140,0.001288,0.000291,0.661246,0.620520,0.431352,0.440047,0.001335,0.626960,0.697894,0.510172,0.388799,0.007022,0.363099,0.693638,0.356454,0.881751,0.435179,0.000000,0.471180,0.704432,0.002340,0.000000,0.452489,0.481267,0.686482,0.004360,0.540988,0.430057,0.004349,0.002580,0.001521,0.821287,0.371838,0.742773,0.001871,0.012470,0.433690,0.348847,0.622364,0.942824,0.605537,0.617645,0.663602,0.310684,0.599703,0.364119,0.001589,0.020783,0.735549,0.700705,0.000000,0.890174,0.688028,0.382959,0.869211,0.520166,0.625345,0.305920,0.003971,0.000000,0.006024,0.312555,0.648763,0.850709,0.000000,0.371778,0.000000,0.510089,0.530239,0.005179
49.7,0.999624129459823,0.00025058,1,0.312417,0.458338,0.002505,0.892471,0.576190,0.308628,0.849461,0.838901,0.004333,0.632427,0.357650,0.637517,0.608110,0.005068,0.351632,0.717438,0.825623,0.347426,0.857980,0.372039,0.468401,0.005112,0.367529,0.396471,0.006000,0.711227,0.005188,0.336209,0.391848,0.645091,0.000000,0.003686,0.653630,0.619865,0.435874,0.443763,0.000000,0.618673,0.697362,0.509646,0.397577,0.006171,0.358614,0.693734,0.355959,0.883065,0.436732,0.001932,0.470700,0.695486,0.000000,0.000740,0.445919,0.483830,0.688402,0.007968,0.543073,0.427252,0.005800,0.001092,0.000566,0.822347,0.371410,0.747506,0.000351,0.016594,0.435761,0.349333,0.621739,0.941905,0.606683,0.618033,0.661790,0.309941,0.602515,0.361682,0.004782,0.019805,0.736852,0.695963,0.001451,0.886048,0.690078,0.393775,0.871762,0.523746,0.625311,0.300879,0.004668,0.004856,0.009214,0.310404,0.652014,0.841977,0.002984,0.378415,0.001722,0.516794,0.524024,0.003720
49.8,0.999630342630963,0.000246438,1,0.316137,0.461834,0.013926,0.894281,0.565722,0.309161,0.845586,0.832881,0.000000,0.626559,0.357276,0.635808,0.606376,0.000000,0.354139,0.716588,0.824590,0.349186,0.858741,0.368957,0.466643,0.000000,0.357668,0.396351,0.002036,0.713641,0.000000,0.344030,0.397926,0.643891,0.000963,0.001741,0.649729,0.619714,0.428646,0.439307,0.000000,0.625796,0.693538,0.506170,0.398450,0.002700,0.366983,0.697266,0.355740,0.881280,0.437665,0.009385,0.471909,0.701355,0.004901,0.000000,0.445978,0.492524,0.688489,0.006019,0.544934,0.429777,0.002570,0.000000,0.001114,0.820203,0.372411,0.749036,0.002293,0.012295,0.438388,0.351303,0.621548,0.942855,0.607124,0.614272,0.654460,0.308069,0.599281,0.357313,0.000000,0.020551,0.738284,0.693387,0.000000,0.893088,0.688242,0.383742,0.868370,0.518136,0.623150,0.294635,0.004108,0.003421,0.003516,0.303344,0.654110,0.853583,0.000000,0.366063,0.002999,0.511681,0.522098,0.000000
49.9,0.999636453097879,0.000242365,1,0.313102,0.452577,0.000000,0.892023,0.567073,0.311250,0.852384,0.833776,0.000000,0.631875,0.359220,0.637499,0.599953,0.003637,0.354825,0.716496,0.822715,0.344886,0.862048,0.369840,0.463110,0.002617,0.359174,0.403000,0.000000,0.712775,0.001698,0.342361,0.395222,0.646766,0.001765,0.001348,0.649196,0.621202,0.427642,0.442718,0.000000,0.623156,0.698267,0.506243,0.399980,0.002703,0.361244,0.687355,0.356830,0.880578,0.437346,0.004539,0.469623,0.695332,0.001029,0.000000,0.452483,0.482756,0.683231,0.012582,0.542200,0.426801,0.004184,0.001364,0.000481,0.822391,0.371238,0.744388,0.002547,0.013698,0.435374,0.351151,0.621875,0.943998,0.606684,0.616663,0.654317,0.307447,0.601792,0.365402,0.000805,0.020534,0.737607,0.699829,0.007508,0.890415,0.689130,0.381142,0.869889,0.524781,0.621344,0.307113,0.004610,0.005677,0.000000,0.310424,0.649227,0.847206,0.000485,0.377664,0.001321,0.507528,0.525796,0.000824
50,0.999642462558277,0.000238358,1,0.315079,0.455575,0.000563,0.889895,0.579343,0.312891,0.847466,0.838248,0.005706,0.625758,0.357435,0.635852,0.611967,0.006845,0.353691,0.716135,0.824833,0.349282,0.864715,0.373197,0.464817,0.000317,0.369955,0.398239,0.002160,0.716968,0.000000,0.338531,0.402704,0.644172,0.002571,0.000858,0.661345,0.619883,0.428814,0.440132,0.000000,0.621801,0.698711,0.510690,0.390822,0.006938,0.364769,0.689695,0.357666,0.877071,0.435687,0.000000,0.470612,0.701148,0.000888,0.000000,0.444291,0.485478,0.683698,0.014410,0.541261,0.431554,0.003176,0.000885,0.001510,0.823053,0.368935,0.739206,0.002740,0.009996,0.438889,0.350534,0.624412,0.943432,0.607266,0.613813,0.657937,0.306597,0.598811,0.360747,0.004307,0.018813,0.736405,0.696268,0.000877,0.890751,0.688119,0.396308,0.870518,0.518736,0.624944,0.298913,0.003793,0.003289,0.002621,0.301732,0.652475,0.844995,0.000000,0.371495,0.000000,0.515998,0.527875,0.003521
